"ID","time","EV1","CENT","PERIPH","PERIPH2","EV2","CP"
1,0,0,500,0,0,0,71.4285714285714
1,0.01,0,497.785839174395,0.897968056512498,0.213800206578053,0,71.1122627391993
1,0.02,0,495.581424169126,1.79188413268702,0.426632243159516,0,70.7973463098751
1,0.03,0,493.386713340577,2.68176608246176,0.638500376432884,0,70.4838161915111
1,0.04,0,491.201665234423,3.56763167415165,0.849408852622492,0,70.1716664620605
1,0.05,0,489.026238563336,4.44949860004925,1.05936189978293,0,69.8608912233338
1,0.06,0,486.860392206165,5.32738447685064,1.26836372790089,0,69.5514846008807
1,0.07,0,484.704085207376,6.20130684594187,1.47641852896359,0,69.2434407439109
1,0.08,0,482.557276776574,7.07128317364592,1.68353047701785,0,68.9367538252248
1,0.09,0,480.419926287938,7.93733085151205,1.88970372823929,0,68.631418041134
1,0.1,0,478.291993279501,8.79946719668873,2.09494242102141,0,68.3274276113573
1,0.11,0,476.17343745267,9.65770945216515,2.29925067603339,0,68.0247767789529
1,0.12,0,474.064218671586,10.5120747871046,2.50263259629975,0,67.7234598102266
1,0.13,0,471.964296962559,11.3625802971307,2.70509226726879,0,67.4234709946513
1,0.14,0,469.873632513483,12.2092430046272,2.90663375688425,0,67.1248046447832
1,0.15,0,467.792185673253,13.0520798590372,3.10726111565687,0,66.8274550961791
1,0.16,0,465.719916951203,13.8911077371504,3.30697837673298,0,66.5314167073147
1,0.17,0,463.656787016533,14.7263434433884,3.50578955596284,0,66.2366838595048
1,0.18,0,461.602756698004,15.5578037099213,3.70369865192834,0,65.9432509568577
1,0.19,0,459.557786982915,16.3855051972609,3.90070964608494,0,65.6511124261308
1,0.2,0,457.521839016622,17.2094644944935,4.09682650281731,0,65.3602627166602
1,0.21,0,455.494874102021,18.0296981195304,4.29205316949913,0,65.0706963002887
1,0.22,0,453.476853698979,18.8462225194008,4.48639357656321,0,64.7824076712826
1,0.23,0,451.467739423754,19.6590540705442,4.67985163757136,0,64.4953913462506
1,0.24,0,449.467493048429,20.4682090791017,4.87243124928397,0,64.2096418640613
1,0.25,0,447.476076500338,21.2737037812061,5.0641362917294,0,63.9251537857625
1,0.26,0,445.493451861496,22.0755543432705,5.254970628273,0,63.6419216944994
1,0.27,0,443.519581368035,22.8737768622764,5.44493810568597,0,63.3599401954336
1,0.28,0,441.554427409639,23.6683873660606,5.63404255421388,0,63.0792039156627
1,0.29,0,439.597952528975,24.4594018136007,5.82228778764498,0,62.7997075041394
1,0.3,0,437.650119421137,25.2468360952995,6.00967760337822,0,62.5214456315909
1,0.31,0,435.710890933078,26.030706033269,6.19621578249101,0,62.2444129904396
1,0.32,0,433.780230063065,26.8110273816065,6.38190608980539,0,61.9686042947236
1,0.33,0,431.858099961637,27.5878158256788,6.56675227371669,0,61.6940142802339
1,0.34,0,429.944463929628,28.3610869833341,6.75075806648334,0,61.4206377042325
1,0.35,0,428.039285416674,29.1308564058008,6.93392718444188,0,61.1484693452392
1,0.36,0,426.142528021602,29.8971395773483,7.11626332792572,0,60.877504003086
1,0.37,0,424.254155491879,30.6599519155591,7.29777018133023,0,60.6077364988398
1,0.38,0,422.374131723073,31.4193087715995,7.47845141317745,0,60.3391616747247
1,0.39,0,420.502420758313,32.1752254304895,7.65831067618054,0,60.0717743940447
1,0.4,0,418.638986787751,32.9277171113708,7.83735160730796,0,59.8055695411073
1,0.41,0,416.783794148023,33.6767989677741,8.01557782784726,0,59.5405420211462
1,0.42,0,414.936807321717,34.4224860878849,8.1929929434687,0,59.2766867602453
1,0.43,0,413.097990936837,35.1647934948082,8.36960054428847,0,59.0139987052624
1,0.44,0,411.267309766273,35.9037361468317,8.54540420493164,0,58.7524728237532
1,0.45,0,409.444728727272,36.6393289376884,8.72040748459485,0,58.492104103896
1,0.46,0,407.63021288091,37.3715866968169,8.89461392710865,0,58.2328875544157
1,0.47,0,405.823727431567,38.1005241896212,9.06802706099959,0,57.9748182045096
1,0.48,0,404.025237726115,38.8261561180064,9.24065039961825,0,57.7178911037307
1,0.49,0,402.234709253181,39.5484971208452,9.41248744125087,0,57.462101321883
1,0.5,0,400.452107643606,40.2675617732854,9.58354166895361,0,57.2074439490865
1,0.51,0,398.677398669432,40.9833645874813,9.7538165507274,0,56.9539140956332
1,0.52,0,396.910548243364,41.6959200128716,9.92331553958445,0,56.7015068919092
1,0.53,0,395.151522418248,42.4052424364345,10.0920420736092,0,56.4502174883211
1,0.54,0,393.400287386557,43.1113461829412,10.259999576019,0,56.2000410552224
1,0.55,0,391.656809479876,43.8142455152085,10.4271914552243,0,55.9509727828395
1,0.56,0,389.921055168392,44.5139546343503,10.5936211048889,0,55.7030078811989
1,0.57,0,388.19299106038,45.2104876800277,10.7592919039898,0,55.4561415800543
1,0.58,0,386.472583901695,45.9038587306979,10.9242072168766,0,55.2103691288136
1,0.59,0,384.759800575266,46.5940818038623,11.0883703933307,0,54.9656857964665
1,0.6,0,383.054608100587,47.2811708563133,11.2517847686246,0,54.7220868715125
1,0.61,0,381.356973633219,47.9651397843796,11.4144536635802,0,54.4795676618884
1,0.62,0,379.666864464281,48.6460024241704,11.5763803846274,0,54.2381234948973
1,0.63,0,377.984248019717,49.3237725520205,11.7375682239104,0,53.9977497171025
1,0.64,0,376.309091858367,49.9984638859384,11.8980204596342,0,53.7584416940524
1,0.65,0,374.641363674072,50.6700900836476,12.0577403555959,0,53.5201948105817
1,0.66,0,372.981031294455,51.3386647434407,12.2167311613889,0,53.2830044706364
1,0.67,0,371.32806268012,52.0042014046768,12.3749961125221,0,53.04686609716
1,0.68,0,369.682425924151,52.6667135480243,12.5325384304777,0,52.8117751320216
1,0.69,0,368.044089251622,53.3262145957027,12.6893613227688,0,52.577727035946
1,0.7,0,366.413021019094,53.9827179117236,12.8454679829977,0,52.344717288442
1,0.71,0,364.789189714126,54.6362368021308,13.0008615909127,0,52.1127413877323
1,0.72,0,363.172563954783,55.2867845152394,13.1555453124652,0,51.8817948506833
1,0.73,0,361.563112489142,55.9343742418731,13.309522299867,0,51.6518732127346
1,0.74,0,359.960804194807,56.5790191156023,13.4627956916466,0,51.4229720278296
1,0.75,0,358.365608078418,57.2207322129788,13.6153686127057,0,51.1950868683454
1,0.76,0,356.777493275167,57.8595265537718,13.7672441743753,0,50.9682133250238
1,0.77,0,355.196429048313,58.4954151012015,13.9184254744719,0,50.7423470069018
1,0.78,0,353.622384788695,59.128410762178,14.0689155973544,0,50.5174835412422
1,0.79,0,352.055330014028,59.7585263879029,14.2187176140677,0,50.2936185734326
1,0.8,0,350.49523436867,60.385774773689,14.3678345823004,0,50.0707477669529
1,0.81,0,348.942067623222,61.0101686590652,14.5162695464086,0,49.8488668033175
1,0.82,0,347.395799673938,61.6317207281898,14.6640255375159,0,49.6279713819912
1,0.83,0,345.856400542249,62.2504436100806,14.8111055735674,0,49.4080572203213
1,0.84,0,344.323840374287,62.8663498788434,14.9575126593853,0,49.1891200534696
1,0.85,0,342.798089440415,63.4794520538999,15.1032497867225,0,48.971155634345
1,0.86,0,341.279118134752,64.0897626002144,15.2483199343173,0,48.754159733536
1,0.87,0,339.766896974704,64.6972939285194,15.3927260679473,0,48.5381281392434
1,0.88,0,338.261396600495,65.302058395541,15.5364711404829,0,48.3230566572136
1,0.89,0,336.762587774701,65.9040683042226,15.6795580919412,0,48.1089411106716
1,0.9,0,335.270441381782,66.5033359039478,15.8219898495391,0,47.8957773402546
1,0.91,0,333.784928427621,67.0998733907627,15.9637693277465,0,47.6835612039458
1,0.92,0,332.306020039056,67.6936929075965,16.104899428339,0,47.472288577008
1,0.93,0,330.833687463425,68.2848065444824,16.2453830404504,0,47.2619553519179
1,0.94,0,329.367902067985,68.873226338957,16.3852230406689,0,47.0525574382836
1,0.95,0,327.908635339424,69.4589642763259,16.5244222930999,0,46.8440907627749
1,0.96,0,326.455858883713,70.042032289406,16.6629836493047,0,46.6365512691018
1,0.97,0,325.00954442548,70.6224422590035,16.8009099484147,0,46.4299349179258
1,0.98,0,323.569663807556,71.2002060141362,16.9382040171845,0,46.2242376867937
1,0.99,0,322.136188990514,71.77533533225,17.0748686700436,0,46.0194555700734
1,1,0,320.709092052226,72.3478419394337,17.2109067091479,0,45.8155845788894
1,1.01,0,319.288345187405,72.9177375106332,17.3463209244308,0,45.6126207410579
1,1.02,0,317.873920707162,73.4850336698648,17.4811140936543,0,45.4105601010232
1,1.03,0,316.465791038557,74.0497419904271,17.6152889824594,0,45.2093987197939
1,1.04,0,315.063928724152,74.6118739951133,17.748848344417,0,45.0091326748789
1,1.05,0,313.668306421567,75.1714411564205,17.881794921078,0,44.8097580602239
1,1.06,0,312.278896903039,75.7284548967605,18.0141314420236,0,44.6112709861485
1,1.07,0,310.89567305498,76.2829265886677,18.145860624915,0,44.4136675792829
1,1.08,0,309.518607877536,76.8348675550071,18.276985175543,0,44.2169439825052
1,1.09,0,308.147674484161,77.3842890691644,18.4075077878737,0,44.0210963548802
1,1.1,0,306.782846100741,77.9312023558909,18.5374311442505,0,43.8261208715344
1,1.11,0,305.424096065956,78.4756185903459,18.6667579151647,0,43.632013723708
1,1.12,0,304.071397830411,79.017548898941,18.7954907594578,0,43.4387711186301
1,1.13,0,302.724724956253,79.5570043594632,18.9236323243506,0,43.2463892794648
1,1.14,0,301.384051116744,80.0939960012787,19.0511852454923,0,43.0548644452491
1,1.15,0,300.049350095825,80.628534805536,19.1781521470086,0,42.8641928708321
1,1.16,0,298.720595787692,81.1606317053683,19.3045356415503,0,42.6743708268132
1,1.17,0,297.397762196365,81.6902975860946,19.4303383303413,0,42.4853945994808
1,1.18,0,296.080823435265,82.2175432854198,19.5555628032268,0,42.2972604907521
1,1.19,0,294.769753726783,82.7423795936349,19.6802116387204,0,42.1099648181118
1,1.2,0,293.464527401865,83.2648172538148,19.8042874040521,0,41.9235039145521
1,1.21,0,292.165118899585,83.7848669620167,19.9277926552152,0,41.7378741285121
1,1.22,0,290.871502766725,84.3025393674766,20.0507299370138,0,41.5530718238178
1,1.23,0,289.583653657358,84.8178450728055,20.173101783109,0,41.3690933796226
1,1.24,0,288.301546332409,85.3307946342103,20.2949107160725,0,41.1859351903442
1,1.25,0,287.025155658643,85.8413985624381,20.4161592476118,0,41.0035936655204
1,1.26,0,285.754456609089,86.3496673219122,20.5368498783638,0,40.8220652298698
1,1.27,0,284.489424262658,86.8556113308901,20.6569850979327,0,40.6413463232369
1,1.28,0,283.230033803465,87.359240961988,20.7765673850147,0,40.461433400495
1,1.29,0,281.976260520418,87.8605665423724,20.8955992074448,0,40.2823229314882
1,1.3,0,280.728079806806,88.3595983539514,21.0140830222416,0,40.1040114009723
1,1.31,0,279.485467159898,88.856346633564,21.1320212756534,0,39.9264953085569
1,1.32,0,278.248398180529,89.3508215731698,21.2494164032029,0,39.749771168647
1,1.33,0,277.016848572699,89.8430333200371,21.3662708297322,0,39.5738355103855
1,1.34,0,275.790794143167,90.3329919769307,21.4825869694482,0,39.3986848775953
1,1.35,0,274.570210801051,90.8207076022982,21.5983672259666,0,39.2243158287215
1,1.36,0,273.355074557425,91.3061902104563,21.7136139923566,0,39.050724936775
1,1.37,0,272.145361524921,91.7894497717756,21.8283296511852,0,38.8779087892744
1,1.38,0,270.94104791733,92.2704962128654,21.9425165745611,0,38.7058639881899
1,1.39,0,269.742110049204,92.7493394167564,22.0561771241787,0,38.5345871498862
1,1.4,0,268.548524335464,93.2259892230842,22.1693136513617,0,38.3640749050663
1,1.41,0,267.360267291003,93.7004554282706,22.2819284971064,0,38.1943238987148
1,1.42,0,266.177315530296,94.1727477857051,22.3940239921254,0,38.0253307900423
1,1.43,0,264.999645767007,94.642876005925,22.5056024568903,0,37.8570922524295
1,1.44,0,263.827234813598,95.110849756795,22.6166662016747,0,37.6896049733711
1,1.45,0,262.660059580944,95.5766786636859,22.7272175265972,0,37.5228656544206
1,1.46,0,261.498097077946,96.0403723096525,22.8372587216635,0,37.3568710111351
1,1.47,0,260.341324411141,96.5019402356111,22.9467920668091,0,37.1916177730201
1,1.48,0,259.189718784323,96.9613919405153,23.0558198319413,0,37.0271026834748
1,1.49,0,258.043257498158,97.4187368815324,23.1643442769811,0,36.8633224997368
1,1.5,0,256.9019179498,97.8739844742176,23.2723676519052,0,36.7002739928286
1,1.51,0,255.765677632517,98.3271440926883,23.3798921967874,0,36.5379539475024
1,1.52,0,254.634514135306,98.7782250697979,23.4869201418403,0,36.3763591621866
1,1.53,0,253.508405142284,99.22723669757,23.593453707519,0,36.2154864488977
1,1.54,0,252.38732842971,99.674188230236,23.6994951052482,0,36.0553326328157
1,1.55,0,251.271261870058,100.119088879504,23.8050465362896,0,35.8958945528655
1,1.56,0,250.160183430778,100.56194781568,23.9101101920106,0,35.7371690615397
1,1.57,0,249.054071173117,101.002774168726,24.0146882541371,0,35.5791530247311
1,1.58,0,247.952903251753,101.441577028432,24.1187828947948,0,35.4218433216791
1,1.59,0,246.856657914416,101.878365444589,24.2223962765503,0,35.2652368449166
1,1.6,0,245.765313501519,102.313148427158,24.3255305524519,0,35.1093305002171
1,1.61,0,244.678848445791,102.745934946441,24.4281878660702,0,34.9541212065416
1,1.62,0,243.597241271904,103.176733933249,24.5303703515387,0,34.7996058959862
1,1.63,0,242.520470596109,103.605554279076,24.632080133594,0,34.6457815137299
1,1.64,0,241.448515125872,104.032404836261,24.7333193276162,0,34.4926450179818
1,1.65,0,240.381353659505,104.457294418159,24.8340900396692,0,34.3401933799293
1,1.66,0,239.318965085803,104.880231799307,24.9343943665401,0,34.1884235836862
1,1.67,0,238.261328383688,105.301225715592,25.0342343957793,0,34.0373326262411
1,1.68,0,237.208422621839,105.720284864416,25.1336122057403,0,33.8869175174056
1,1.69,0,236.16022695834,106.137417904859,25.2325298656188,0,33.7371752797629
1,1.7,0,235.116720640319,106.552633457849,25.3309894354924,0,33.588102948617
1,1.71,0,234.077883003588,106.96594010632,25.4289929663596,0,33.4396975719412
1,1.72,0,233.043693472293,107.37734639538,25.5265425001791,0,33.2919562103276
1,1.73,0,232.014131558553,107.786860832472,25.6236400699083,0,33.1448759369362
1,1.74,0,230.989176862113,108.194491887535,25.7202876995428,0,32.9984538374447
1,1.75,0,229.968809069984,108.60024799317,25.8164874041543,0,32.8526870099978
1,1.76,0,228.953007956101,109.004137544796,25.9122411899296,0,32.7075725651573
1,1.77,0,227.941753380965,109.406168900815,26.0075510542088,0,32.5631076258522
1,1.78,0,226.935025291301,109.806350382767,26.1024189855237,0,32.4192893273287
1,1.79,0,225.932803719704,110.204690275497,26.1968469636357,0,32.2761148171006
1,1.8,0,224.9350687843,110.601196827307,26.290836959574,0,32.1335812549
1,1.81,0,223.941800688396,110.995878250115,26.3843909356732,0,31.991685812628
1,1.82,0,222.952979720109,111.38874271943,26.4775108455662,0,31.8504256743013
1,1.83,0,221.96858625188,111.779798373552,26.5701986339933,0,31.7097980359829
1,1.84,0,220.988600740433,112.169053315711,26.662456237315,0,31.5698001057761
1,1.85,0,220.013003726333,112.556515613574,26.7542855833925,0,31.4304291037619
1,1.86,0,219.041775833619,112.942193299184,26.8456885915741,0,31.2916822619456
1,1.87,0,218.074897769462,113.326094369113,26.9366671727317,0,31.1535568242089
1,1.88,0,217.112350323832,113.708226784619,27.0272232292979,0,31.0160500462617
1,1.89,0,216.154114369158,114.0885984718,27.117358655302,0,30.879159195594
1,1.9,0,215.200170859998,114.467217321738,27.2070753364068,0,30.7428815514283
1,1.91,0,214.250500832702,114.84409119066,27.2963751499447,0,30.6072144046717
1,1.92,0,213.305085405081,115.219227900084,27.385259964954,0,30.4721550578688
1,1.93,0,212.363905776079,115.592635236971,27.4737316422144,0,30.3377008251542
1,1.94,0,211.426943225438,115.964320953877,27.5617920342836,0,30.2038490322054
1,1.95,0,210.494179113371,116.334292769098,27.6494429855326,0,30.0705970161958
1,1.96,0,209.565594880237,116.702558366823,27.7366863321812,0,29.9379421257481
1,1.97,0,208.641172046212,117.069125397281,27.8235239023339,0,29.8058817208874
1,1.98,0,207.720892210965,117.434001476891,27.9099575160152,0,29.6744131729949
1,1.99,0,206.804737053331,117.797194188405,27.9959889852046,0,29.5435338647616
1,2,0,205.892688330993,118.15871108106,28.0816201138718,0,29.4132411901418
1,2.01,0,204.984727880155,118.518559670722,28.1668526980119,0,29.2835325543079
1,2.02,0,204.080837615226,118.876747440031,28.2516885256803,0,29.1544053736037
1,2.03,0,203.180999528495,119.23328183855,28.3361293770271,0,29.0258570754993
1,2.04,0,202.285195689817,119.588170282905,28.4201770243321,0,28.8978850985453
1,2.05,0,201.393408246295,119.941420156935,28.5038332320394,0,28.7704868923278
1,2.06,0,200.505619421959,120.293038811832,28.5870997567915,0,28.6436599174227
1,2.07,0,199.621811517458,120.643033566285,28.6699783474639,0,28.5174016453512
1,2.08,0,198.741966909741,120.991411706626,28.7524707451989,0,28.3917095585345
1,2.09,0,197.866068051745,121.338180486969,28.8345786834402,0,28.2665811502493
1,2.1,0,196.994097472084,121.683347129354,28.9163038879666,0,28.1420139245835
1,2.11,0,196.126037775069,122.026918823083,28.9976480767329,0,28.0180053964385
1,2.12,0,195.261871641164,122.368902722998,29.0786129594579,0,27.8945530915948
1,2.13,0,194.401581824575,122.709305954732,29.1592002388812,0,27.7716545463679
1,2.14,0,193.545151153849,123.048135612654,29.2394116102714,0,27.6493073076927
1,2.15,0,192.692562531691,123.385398759698,29.3192487613849,0,27.5275089330987
1,2.16,0,191.843798934662,123.721102427497,29.3987133724984,0,27.406256990666
1,2.17,0,190.998843412877,124.055253616524,29.4778071164416,0,27.2855490589824
1,2.18,0,190.157679089701,124.387859296221,29.5565316586291,0,27.1653827271001
1,2.19,0,189.320289161449,124.718926405136,29.634888657093,0,27.0457555944927
1,2.2,0,188.486656897087,125.04846185106,29.7128797625143,0,26.9266652710125
1,2.21,0,187.656765637936,125.376472511155,29.7905066182554,0,26.808109376848
1,2.22,0,186.830598797367,125.70296523209,29.8677708603915,0,26.690085542481
1,2.23,0,186.008139860514,126.027946830172,29.9446741177423,0,26.5725914086449
1,2.24,0,185.189372383972,126.351424091481,30.0212180119038,0,26.4556246262817
1,2.25,0,184.374279995506,126.673403771998,30.0974041572792,0,26.3391828565008
1,2.26,0,183.562846393757,126.993892597736,30.1732341611106,0,26.2232637705367
1,2.27,0,182.755055347951,127.312897264873,30.24870962351,0,26.1078650497073
1,2.28,0,181.950890697607,127.630424439878,30.3238321374902,0,25.9929843853725
1,2.29,0,181.150336352249,127.946480759645,30.3986032889959,0,25.8786194788926
1,2.3,0,180.353376291112,128.261072831618,30.4730246569343,0,25.7647680415875
1,2.31,0,179.559994562865,128.57420723392,30.547097813206,0,25.6514277946949
1,2.32,0,178.770175285311,128.885890515481,30.6208243227354,0,25.5385964693302
1,2.33,0,177.983902645114,129.196129196168,30.694205743501,0,25.4262718064448
1,2.34,0,177.201160897505,129.504929766907,30.767243626566,0,25.3144515567865
1,2.35,0,176.421934366006,129.812298689814,30.8399395161083,0,25.2031334808579
1,2.36,0,175.646207442141,130.118242398315,30.9122949494504,0,25.0923153488772
1,2.37,0,174.87396458516,130.422767297278,30.9843114570897,0,24.9819949407372
1,2.38,0,174.105190321758,130.725879763135,31.0559905627284,0,24.8721700459654
1,2.39,0,173.339869245793,131.027586144005,31.1273337833027,0,24.7628384636847
1,2.4,0,172.577986017958,131.327892759482,31.1983426289324,0,24.6539980025655
1,2.41,0,171.819525365467,131.6268059005,31.2690186028875,0,24.545646480781
1,2.42,0,171.064472081971,131.924331830741,31.3393632019262,0,24.4377817259958
1,2.43,0,170.312811027183,132.22047678609,31.4093779161641,0,24.3304015753119
1,2.44,0,169.5645271266,132.515246974714,31.4790642290935,0,24.2235038752286
1,2.45,0,168.819605371227,132.808648577189,31.5484236176123,0,24.1170864816038
1,2.46,0,168.078030817305,133.100687746614,31.6174575520531,0,24.011147259615
1,2.47,0,167.339788586043,133.391370608733,31.6861674962112,0,23.9056840837204
1,2.48,0,166.604863863345,133.680703262057,31.7545549073738,0,23.8006948376207
1,2.49,0,165.873241899543,133.968691777977,31.8226212363477,0,23.6961774142205
1,2.5,0,165.144908009129,134.255342200887,31.8903679274878,0,23.5921297155898
1,2.51,0,164.419847570485,134.540660548299,31.9577964187253,0,23.4885496529264
1,2.52,0,163.698046025622,134.824652810961,32.0249081415958,0,23.3854351465175
1,2.53,0,162.979488879913,135.107324952974,32.0917045212668,0,23.2827841257019
1,2.54,0,162.264161701827,135.38868291191,32.1581869765659,0,23.1805945288324
1,2.55,0,161.552050122669,135.668732598923,32.2243569200083,0,23.0788643032384
1,2.56,0,160.843139836318,135.947479898869,32.2902157578246,0,22.9775914051882
1,2.57,0,160.137416598963,136.224930670419,32.3557648899877,0,22.8767737998518
1,2.58,0,159.434866228848,136.501090746173,32.4210057102406,0,22.7764094612639
1,2.59,0,158.735474606008,136.775965932776,32.4859396061238,0,22.6764963722869
1,2.6,0,158.039227672017,137.049562011028,32.5505679590019,0,22.5770325245738
1,2.61,0,157.346111429724,137.321884736001,32.6148921440908,0,22.478015918532
1,2.62,0,156.656111943003,137.59293983715,32.6789135304849,0,22.3794445632861
1,2.63,0,155.969215336495,137.862733018421,32.7426334811836,0,22.2813164766421
1,2.64,0,155.285407795355,138.131269958372,32.806053353118,0,22.1836296850507
1,2.65,0,154.604675564999,138.398556310274,32.8691744971776,0,22.0863822235713
1,2.66,0,153.927004950851,138.66459770223,32.9319982582367,0,21.9895721358359
1,2.67,0,153.252382318094,138.929399737278,32.9945259751808,0,21.8931974740135
1,2.68,0,152.580794091418,139.19296799351,33.0567589809328,0,21.797256298774
1,2.69,0,151.912226754742,139.455308023925,33.1186986024204,0,21.7017466792488
1,2.7,0,151.246666850971,139.716425356589,33.1803461606123,0,21.6066666929958
1,2.71,0,150.584100981814,139.97632549528,33.2417029706732,0,21.5120144259735
1,2.72,0,149.924515807496,140.235013919253,33.3027703419082,0,21.4177879724995
1,2.73,0,149.267898046512,140.492496083349,33.3635495777874,0,21.3239854352159
1,2.74,0,148.61423447538,140.748777418094,33.4240419759715,0,21.2306049250543
1,2.75,0,147.963511928406,141.003863329811,33.4842488283368,0,21.1376445612008
1,2.76,0,147.31571729743,141.257759200726,33.544171421001,0,21.0451024710614
1,2.77,0,146.670837531594,141.510470389069,33.603811034348,0,20.9529767902277
1,2.78,0,146.028859637095,141.762002229183,33.6631689430536,0,20.8612656624422
1,2.79,0,145.38977067695,142.012360031628,33.7222464161097,0,20.7699672395643
1,2.8,0,144.753557770753,142.261549083285,33.7810447168498,0,20.6790796815361
1,2.81,0,144.120208094439,142.509574647457,33.8395651029739,0,20.5886011563484
1,2.82,0,143.489708880048,142.756441963978,33.8978088265725,0,20.4985298400068
1,2.83,0,142.862047415486,143.002156249312,33.9557771341519,0,20.408863916498
1,2.84,0,142.237211044294,143.246722696654,34.0134712666585,0,20.3196015777564
1,2.85,0,141.615187165411,143.490146476037,34.0708924595028,0,20.2307410236301
1,2.86,0,140.995963232938,143.73243273443,34.1280419425845,0,20.1422804618484
1,2.87,0,140.379526755914,143.973586595841,34.1849209403158,0,20.0542181079877
1,2.88,0,139.765865298073,144.213613161417,34.2415306716462,0,19.9665521854391
1,2.89,0,139.154966477625,144.452517509544,34.2978723500862,0,19.8792809253751
1,2.9,0,138.546817967018,144.690304695948,34.3539471837313,0,19.7924025667169
1,2.91,0,137.941407492712,144.926979753794,34.4097563752855,0,19.7059153561018
1,2.92,0,137.338722834952,145.162547693787,34.4653011220856,0,19.6198175478503
1,2.93,0,136.738751827539,145.397013504267,34.5205826161242,0,19.5341074039342
1,2.94,0,136.141482357606,145.630382151312,34.5756020440738,0,19.4487831939437
1,2.95,0,135.54690236539,145.862658578831,34.6303605873096,0,19.3638431950557
1,2.96,0,134.954999844009,146.093847708668,34.6848594219334,0,19.2792856920013
1,2.97,0,134.365762839242,146.323954440692,34.7390997187965,0,19.1951089770345
1,2.98,0,133.779179449245,146.552983652631,34.7930826434587,0,19.1113113498922
1,2.99,0,133.195237824383,146.780940200389,34.8468093562643,0,19.027891117769
1,3,0,132.613926167054,147.007828918412,34.9002810124305,0,18.9448465952935
1,3.01,0,132.035232731429,147.233654619551,34.9534987620142,0,18.8621761044899
1,3.02,0,131.459145823229,147.45842209516,35.0064637499346,0,18.7798779747469
1,3.03,0,130.885653799508,147.682136115189,35.0591771159964,0,18.6979505427868
1,3.04,0,130.314745068437,147.904801428274,35.1116399949114,0,18.6163921526339
1,3.05,0,129.746408089085,148.126422761839,35.1638535163218,0,18.5352011555836
1,3.06,0,129.180631371204,148.347004822182,35.2158188048217,0,18.4543759101721
1,3.07,0,128.617403475015,148.566552294572,35.2675369799799,0,18.373914782145
1,3.08,0,128.056713010991,148.785069843337,35.3190091563618,0,18.2938161444273
1,3.09,0,127.498548639647,149.002562111965,35.3702364435513,0,18.2140783770925
1,3.1,0,126.942899071326,149.219033723185,35.4212199461731,0,18.1346998673323
1,3.11,0,126.389753065987,149.434489279066,35.4719607639142,0,18.0556790094267
1,3.12,0,125.839099432995,149.648933361106,35.5224599915458,0,17.9770142047136
1,3.13,0,125.290927030911,149.862370530323,35.5727187189448,0,17.8987038615587
1,3.14,0,124.745224767281,150.074805327342,35.622738031116,0,17.8207463953259
1,3.15,0,124.201981598431,150.28624227249,35.6725190082127,0,17.7431402283473
1,3.16,0,123.661186529257,150.496685865882,35.7220627255587,0,17.6658837898939
1,3.17,0,123.122828613019,150.706140587513,35.7713702536694,0,17.5889755161455
1,3.18,0,122.586896951134,150.914610897343,35.8204426582733,0,17.512413850162
1,3.19,0,122.053380692975,151.12210123539,35.8692810003327,0,17.4361972418535
1,3.2,0,121.52226903566,151.328616021814,35.9178863360651,0,17.3603241479514
1,3.21,0,120.993551223854,151.534159657007,35.966259716964,0,17.2847930319792
1,3.22,0,120.467216549566,151.738736521682,36.01440218982,0,17.2096023642238
1,3.23,0,119.943254351944,151.942350976955,36.0623147967412,0,17.1347506217063
1,3.24,0,119.421654017076,152.145007364436,36.1099985751744,0,17.0602362881537
1,3.25,0,118.90240497779,152.346710006316,36.1574545579254,0,16.98605785397
1,3.26,0,118.385496713454,152.547463205442,36.2046837731785,0,16.9122138162077
1,3.27,0,117.870918749858,152.747271245086,36.2516872444392,0,16.8387026785511
1,3.28,0,117.358660658917,152.946138389427,36.2984659906508,0,16.7655229512738
1,3.29,0,116.848712058452,153.144068883734,36.3450210262385,0,16.6926731512074
1,3.3,0,116.341062612035,153.341066954277,36.3913533610862,0,16.6201518017193
1,3.31,0,115.835702028795,153.537136808405,36.4374640005574,0,16.547957432685
1,3.32,0,115.332620063221,153.732282634635,36.4833539455148,0,16.4760885804601
1,3.33,0,114.831806514971,153.926508602728,36.52902419234,0,16.404543787853
1,3.34,0,114.333251228676,154.119818863782,36.5744757329536,0,16.3333216040966
1,3.35,0,113.836944093751,154.312217550305,36.6197095548348,0,16.2624205848215
1,3.36,0,113.342875044199,154.503708776303,36.6647266410411,0,16.1918392920284
1,3.37,0,112.851034058424,154.694296637358,36.7095279702276,0,16.1215762940606
1,3.38,0,112.36141115904,154.883985210714,36.7541145166669,0,16.0516301655771
1,3.39,0,111.873996412679,155.072778555352,36.798487250268,0,15.9819994875255
1,3.4,0,111.388779929805,155.260680712078,36.842647136596,0,15.9126828471149
1,3.41,0,110.905751864526,155.447695703597,36.8865951368913,0,15.8436788377894
1,3.42,0,110.424902414407,155.633827534597,36.9303322080882,0,15.7749860592009
1,3.43,0,109.946221820281,155.819080191827,36.973859302835,0,15.706603117183
1,3.44,0,109.469700366067,156.003457644178,37.0171773695119,0,15.6385286237239
1,3.45,0,108.995328378584,156.186963842761,37.0602873522507,0,15.5707611969405
1,3.46,0,108.523096227363,156.369602720986,37.1031901909532,0,15.5032994610519
1,3.47,0,108.052994324471,156.55137819464,37.1458868213103,0,15.4361420463531
1,3.48,0,107.585013124322,156.732294161966,37.1883781748204,0,15.3692875891889
1,3.49,0,107.119143123497,156.912354503743,37.2306651788079,0,15.3027347319281
1,3.5,0,106.655374860563,157.091563083358,37.2727487564423,0,15.2364821229376
1,3.51,0,106.193698915893,157.269923746888,37.3146298267561,0,15.1705284165561
1,3.52,0,105.734105911485,157.447440323175,37.3563093046632,0,15.1048722730693
1,3.53,0,105.276586510784,157.624116623904,37.3977881009779,0,15.0395123586834
1,3.54,0,104.821131418501,157.799956443676,37.439067122432,0,14.9744473455002
1,3.55,0,104.367731380467,157.974963560053,37.4801472716855,0,14.9096759114952
1,3.56,0,103.916377183895,158.149141733014,37.5210294471966,0,14.8451967405564
1,3.57,0,103.467059656494,158.32249470602,37.5617145434764,0,14.7810085223564
1,3.58,0,103.019769666367,158.495026205983,37.6022034510816,0,14.7171099523381
1,3.59,0,102.574498122005,158.666739943104,37.6424970565753,0,14.653499731715
1,3.6,0,102.131235972121,158.837639610944,37.6825962425449,0,14.5901765674459
1,3.61,0,101.68997420547,159.007728886502,37.7225018876195,0,14.52713917221
1,3.62,0,101.250703850681,159.177011430285,37.7622148664876,0,14.4643862643829
1,3.63,0,100.81341597608,159.345490886385,37.8017360499145,0,14.4019165680114
1,3.64,0,100.378101689524,159.513170882546,37.8410663047601,0,14.3397288127892
1,3.65,0,99.9447521382293,159.680055030243,37.8802064939959,0,14.2778217340328
1,3.66,0,99.5133585085972,159.846146924752,37.9191574767224,0,14.2161940726567
1,3.67,0,99.0839120260505,160.011450145222,37.9579201081863,0,14.1548445751501
1,3.68,0,98.6564039548618,160.175968254744,37.9964952397979,0,14.0937719935517
1,3.69,0,98.2308255979867,160.339704800429,38.0348837191478,0,14.0329750854267
1,3.7,0,97.8071682968961,160.502663313473,38.0730863900242,0,13.9724526138423
1,3.71,0,97.3854234314102,160.664847309232,38.1111040924298,0,13.9122033473443
1,3.72,0,96.9655824195321,160.826260287289,38.1489376625987,0,13.8522260599332
1,3.73,0,96.5476367172831,160.986905731528,38.186587933013,0,13.7925195310404
1,3.74,0,96.1315778185379,161.146787110202,38.2240557324199,0,13.7330825455054
1,3.75,0,95.7173972548606,161.305907876004,38.2613418858482,0,13.6739138935515
1,3.76,0,95.3050865953417,161.464271466136,38.2984472146247,0,13.6150123707631
1,3.77,0,94.8946374464355,161.621881302376,38.3353725363912,0,13.5563767780622
1,3.78,0,94.486041451798,161.778740791151,38.3721186651208,0,13.4980059216854
1,3.79,0,94.0792902921257,161.934853323603,38.408686411134,0,13.4398986131608
1,3.8,0,93.674375684995,162.090222275658,38.4450765811155,0,13.382053669285
1,3.81,0,93.271289384702,162.244851008096,38.4812899781302,0,13.3244699121003
1,3.82,0,92.8700231821034,162.398742866616,38.5173274016398,0,13.2671461688719
1,3.83,0,92.4705689044573,162.551901181903,38.5531896475183,0,13.2100812720653
1,3.84,0,92.0729184152656,162.704329269701,38.5888775080689,0,13.1532740593237
1,3.85,0,91.677063614116,162.856030430874,38.6243917720392,0,13.0967233734451
1,3.86,0,91.2829964365257,163.007007951474,38.6597332246379,0,13.0404280623608
1,3.87,0,90.8907088537845,163.157265102812,38.6949026475504,0,12.9843869791121
1,3.88,0,90.5001928727996,163.306805141519,38.7299008189543,0,12.9285989818285
1,3.89,0,90.1114405359404,163.455631309614,38.7647285135361,0,12.8730629337058
1,3.9,0,89.724443920884,163.60374683457,38.7993865025058,0,12.8177777029834
1,3.91,0,89.3391951404617,163.75115492938,38.8338755536135,0,12.7627421629231
1,3.92,0,88.9556863425055,163.897858792621,38.8681964311645,0,12.7079551917865
1,3.93,0,88.5739097096955,164.04386160852,38.9023498960349,0,12.6534156728136
1,3.94,0,88.1938574594084,164.189166547019,38.9363367056873,0,12.5991224942012
1,3.95,0,87.8155218442272,164.333776763016,38.970157613989,0,12.5450745491753
1,3.96,0,87.4388951524496,164.47769539561,39.0038133710317,0,12.4912707360642
1,3.97,0,87.0639697050526,164.620925571754,39.0373047240052,0,12.4377099578647
1,3.98,0,86.6907378570237,164.763470404475,39.0706324167714,0,12.384391122432
1,3.99,0,86.3191919973156,164.90533299281,39.1037971898495,0,12.3313131424737
1,4,0,85.9493245486988,165.046516421868,39.1367997804303,0,12.2784749355284
1,4.01,0,85.5811279676139,165.187023762893,39.1696409223913,0,12.2258754239448
1,4.02,0,85.2145947440254,165.326858073326,39.2023213463116,0,12.1735135348608
1,4.03,0,84.8497174012759,165.466022396863,39.2348417794865,0,12.1213882001823
1,4.04,0,84.4864884959404,165.604519763522,39.267202945942,0,12.0694983565629
1,4.05,0,84.1249006176819,165.742353189702,39.2994055664498,0,12.0178429453831
1,4.06,0,83.7649463891068,165.879525678241,39.3314503585414,0,11.9664209127295
1,4.07,0,83.4066184656217,166.016040218481,39.3633380365232,0,11.9152312093745
1,4.08,0,83.04990953529,166.151899786325,39.3950693114902,0,11.8642727907557
1,4.09,0,82.6948123186898,166.287107344301,39.426644891341,0,11.8135446169557
1,4.1,0,82.3413195687719,166.421665841616,39.4580654807918,0,11.7630456526817
1,4.11,0,81.989424070718,166.555578214223,39.4893317813907,0,11.7127748672454
1,4.12,0,81.639118641801,166.688847384875,39.520444491532,0,11.662731234543
1,4.13,0,81.2903961312438,166.821476263184,39.5514043064702,0,11.6129137330348
1,4.14,0,80.9432494200801,166.953467745685,39.5822119183343,0,11.5633213457257
1,4.15,0,80.5976714210154,167.08482471589,39.6128680161415,0,11.5139530601451
1,4.16,0,80.2536550782882,167.215550044348,39.6433732858117,0,11.4648078683269
1,4.17,0,79.9111933675325,167.345646588704,39.6737284101808,0,11.4158847667904
1,4.18,0,79.5702792956399,167.475117193756,39.7039340690151,0,11.36718275652
1,4.19,0,79.2309059006229,167.603964691513,39.7339909390248,0,11.3187008429461
1,4.2,0,78.8930662514788,167.732191901252,39.7638996938779,0,11.2704380359255
1,4.21,0,78.5567534480536,167.859801629578,39.7936610042137,0,11.2223933497219
1,4.22,0,78.2219606209068,167.986796670478,39.8232755376568,0,11.1745658029867
1,4.23,0,77.888680931177,168.113179805379,39.8527439588304,0,11.1269544187396
1,4.24,0,77.5569075704474,168.238953803205,39.8820669293701,0,11.0795582243496
1,4.25,0,77.2266337606123,168.364121420434,39.9112451079369,0,11.032376251516
1,4.26,0,76.8978527537438,168.488685401151,39.9402791502313,0,10.9854075362491
1,4.27,0,76.5705578319595,168.61264847711,39.9691697090064,0,10.9386511188514
1,4.28,0,76.2447423072902,168.736013367784,39.9979174340809,0,10.8921060438986
1,4.29,0,75.9203995215486,168.858782780423,40.0265229723529,0,10.8457713602212
1,4.3,0,75.597522846198,168.98095941011,40.0549869678128,0,10.7996461208854
1,4.31,0,75.2761056822216,169.102545939816,40.0833100615569,0,10.7537293831745
1,4.32,0,74.9561414599933,169.223545040453,40.1114928917999,0,10.7080202085705
1,4.33,0,74.6376236391474,169.34395937093,40.1395360938885,0,10.6625176627353
1,4.34,0,74.3205457084866,169.463791578175,40.1674403003058,0,10.6172208154981
1,4.35,0,74.0049011878672,169.58304429528,40.1952061402287,0,10.5721287411239
1,4.36,0,73.6906836254169,169.701720144067,40.2228342401413,0,10.5272405179167
1,4.37,0,73.3778865969324,169.819821735596,40.2503252239558,0,10.4825552281332
1,4.38,0,73.066503706856,169.93735166917,40.2776797127754,0,10.4380719581223
1,4.39,0,72.7565285881496,170.05431253239,40.3048983249066,0,10.3937897983071
1,4.4,0,72.4479549021699,170.170706901205,40.3319816758721,0,10.3497078431671
1,4.41,0,72.1407763385441,170.286537339967,40.3589303784229,0,10.3058251912206
1,4.42,0,71.834986615045,170.401806401481,40.3857450425513,0,10.2621409450064
1,4.43,0,71.5305794774685,170.516516627059,40.4124262755025,0,10.2186542110669
1,4.44,0,71.2275486995095,170.63067054657,40.4389746817876,0,10.1753640999299
1,4.45,0,70.9258880826403,170.744270678489,40.4653908631957,0,10.1322697260915
1,4.46,0,70.6255914559877,170.857319529954,40.4916754188059,0,10.0893702079982
1,4.47,0,70.3266526762121,170.969819596811,40.5178289449996,0,10.0466646680303
1,4.48,0,70.0290656273859,171.081773363671,40.5438520354728,0,10.0041522324837
1,4.49,0,69.7328242208731,171.193183303954,40.569745281248,0,9.9618320315533
1,4.5,0,69.4379223952094,171.304051879943,40.5955092706863,0,9.91970319931563
1,4.51,0,69.1443541159822,171.414381542834,40.6211445894994,0,9.87776487371174
1,4.52,0,68.8521133757115,171.524174732785,40.6466518207613,0,9.83601619653022
1,4.53,0,68.5611941937316,171.633433878967,40.6720315449206,0,9.79445631339023
1,4.54,0,68.2715906160724,171.742161399612,40.697284339812,0,9.75308437372463
1,4.55,0,67.983296715342,171.850359702064,40.7224107806683,0,9.71189953076315
1,4.56,0,67.6963065906093,171.958031182826,40.7474114401321,0,9.67090094151561
1,4.57,0,67.4106143672871,172.065178227611,40.7722868882673,0,9.6300877667553
1,4.58,0,67.1262141970161,172.17180321139,40.7970376925711,0,9.5894591710023
1,4.59,0,66.8431002575488,172.277908498441,40.8216644179853,0,9.54901432250697
1,4.6,0,66.5612667526339,172.383496442396,40.8461676269081,0,9.50875239323342
1,4.61,0,66.2807079119019,172.488569386291,40.8705478792054,0,9.46867255884312
1,4.62,0,66.0014179907499,172.593129662612,40.8948057322226,0,9.42877399867856
1,4.63,0,65.7233912702282,172.697179593346,40.9189417407955,0,9.38905589574688
1,4.64,0,65.4466220569262,172.800721490026,40.9429564572623,0,9.34951743670375
1,4.65,0,65.1711046828597,172.903757653777,40.9668504314743,0,9.3101578118371
1,4.66,0,64.8968335053576,173.006290375368,40.990624210808,0,9.27097621505109
1,4.67,0,64.6238029069504,173.108321935255,41.0142783401754,0,9.23197184385006
1,4.68,0,64.3520072952576,173.209854603631,41.037813362036,0,9.19314389932251
1,4.69,0,64.0814411028767,173.310890640469,41.0612298164077,0,9.15449158612525
1,4.7,0,63.8120987872725,173.411432295572,41.0845282408776,0,9.1160141124675
1,4.71,0,63.5439748306659,173.511481808618,41.1077091706137,0,9.07771069009513
1,4.72,0,63.2770637399244,173.611041409206,41.1307731383755,0,9.03958053427491
1,4.73,0,63.0113600464521,173.710113316902,41.153720674525,0,9.00162286377887
1,4.74,0,62.7468583067524,173.808699740772,41.1765523069151,0,8.96383690096463
1,4.75,0,62.4835531040199,173.906802878126,41.1992685605889,0,8.92622187200284
1,4.76,0,62.2214390433893,174.004424918114,41.2218699586404,0,8.88877700619847
1,4.77,0,61.9605107538166,174.101568040251,41.244357021861,0,8.85150153625951
1,4.78,0,61.7007628882821,174.198234414225,41.266730268694,0,8.81439469832601
1,4.79,0,61.4421901236846,174.29442619994,41.2889902152444,0,8.77745573195495
1,4.8,0,61.1847871607357,174.390145547559,41.3111373752902,0,8.7406838801051
1,4.81,0,60.9285487238543,174.485394597551,41.3331722602924,0,8.70407838912204
1,4.82,0,60.6734695610623,174.580175480731,41.3550953794054,0,8.66763850872318
1,4.83,0,60.41954444388,174.674490318307,41.3769072394876,0,8.63136349198286
1,4.84,0,60.1667681672223,174.76834122192,41.3986083451118,0,8.59525259531747
1,4.85,0,59.9151355492949,174.86173029369,41.4201991985751,0,8.5593050784707
1,4.86,0,59.6646414314916,174.954659626255,41.4416802999096,0,8.5235202044988
1,4.87,0,59.4152806782915,175.04713130282,41.4630521468924,0,8.48789723975593
1,4.88,0,59.1670481771566,175.139147397193,41.4843152350557,0,8.45243545387952
1,4.89,0,58.9199388384302,175.23070997383,41.5054700576973,0,8.41713411977575
1,4.9,0,58.6739475952352,175.321821087881,41.5265171058902,0,8.38199251360503
1,4.91,0,58.4290694033734,175.412482785225,41.5474568684929,0,8.34700991476763
1,4.92,0,58.1852992412246,175.502697102516,41.5682898321595,0,8.31218560588922
1,4.93,0,57.9426321096465,175.592466067226,41.5890164813495,0,8.27751887280664
1,4.94,0,57.7010630318748,175.681791697683,41.6096372983379,0,8.24300900455355
1,4.95,0,57.4605870534242,175.770676003116,41.6301527632249,0,8.20865529334632
1,4.96,0,57.2211992419887,175.859120983692,41.650563353946,0,8.17445703456982
1,4.97,0,56.9828946873435,175.947128630561,41.6708695462814,0,8.14041352676336
1,4.98,0,56.7456685012464,176.034700925895,41.6910718138664,0,8.10652407160663
1,4.99,0,56.5095158173404,176.121839842931,41.7111706282005,0,8.07278797390577
1,5,0,56.2744317910557,176.208547346006,41.7311664586574,0,8.03920454157939
1,5.01,0,56.0404115995132,176.294825390604,41.7510597724949,0,8.00577308564475
1,5.02,0,55.8074504414273,176.380675923392,41.7708510348641,0,7.97249292020391
1,5.03,0,55.57554353701,176.466100882264,41.790540708819,0,7.93936336242999
1,5.04,0,55.3446861278744,176.551102196375,41.8101292553266,0,7.90638373255348
1,5.05,0,55.1148734769398,176.635681786188,41.8296171332756,0,7.87355335384855
1,5.06,0,54.8861008683363,176.719841563507,41.8490047994867,0,7.84087155261948
1,5.07,0,54.6583636073097,176.803583431521,41.8682927087214,0,7.8083376581871
1,5.08,0,54.4316570201273,176.886909284842,41.8874813136916,0,7.77595100287533
1,5.09,0,54.2059764539839,176.969821009543,41.9065710650693,0,7.7437109219977
1,5.1,0,53.9813172769076,177.052320483199,41.9255624114954,0,7.71161675384395
1,5.11,0,53.7576748776674,177.134409574927,41.9444557995894,0,7.67966783966677
1,5.12,0,53.535044665679,177.216090145418,41.9632516739584,0,7.64786352366843
1,5.13,0,53.313422070915,177.297364046984,41.9819504772063,0,7.61620315298785
1,5.14,0,53.0928025459706,177.378233122185,42.0005526496068,0,7.5846860779958
1,5.15,0,52.8731815639005,177.458699205216,42.0190586294349,0,7.55331165198579
1,5.16,0,52.6545546162854,177.538764123147,42.0374688532632,0,7.52207923089791
1,5.17,0,52.4369172149239,177.618429694799,42.0557837556928,0,7.49098817356056
1,5.18,0,52.2202648917434,177.697697730781,42.0740037693627,0,7.46003784167763
1,5.19,0,52.00459319871,177.776570033524,42.0921293249583,0,7.42922759981571
1,5.2,0,51.7898977077398,177.855048397325,42.1101608512203,0,7.3985568153914
1,5.21,0,51.5761740106104,177.933134608378,42.1280987749535,0,7.36802485865863
1,5.22,0,51.3634177188724,178.01083044481,42.1459435210357,0,7.33763110269606
1,5.23,0,51.1516244637614,178.088137676721,42.163695512426,0,7.30737492339448
1,5.24,0,50.9407898961106,178.165058066221,42.181355170174,0,7.27725569944437
1,5.25,0,50.7309096862637,178.24159336746,42.1989229134279,0,7.24727281232338
1,5.26,0,50.5219795239876,178.317745326671,42.2163991594433,0,7.21742564628394
1,5.27,0,50.3139951183864,178.3935156822,42.2337843235921,0,7.18771358834091
1,5.28,0,50.1069521978149,178.468906164546,42.2510788193706,0,7.15813602825928
1,5.29,0,49.900846509793,178.543918496396,42.2682830584079,0,7.12869235854185
1,5.3,0,49.6956738209199,178.618554392657,42.2853974504748,0,7.09938197441713
1,5.31,0,49.4914299167894,178.692815560494,42.302422403492,0,7.07020427382706
1,5.32,0,49.288110601905,178.766703699367,42.3193583235386,0,7.041158657415
1,5.33,0,49.0857116995952,178.84022050106,42.33620561486,0,7.0122445285136
1,5.34,0,48.8842290519295,178.913367649723,42.3529646798769,0,6.98346129313279
1,5.35,0,48.6836585196351,178.986146821901,42.3696359191932,0,6.95480835994787
1,5.36,0,48.4839959820126,179.058559686571,42.3862197316042,0,6.92628514028752
1,5.37,0,48.2852373368538,179.130607905176,42.4027165141051,0,6.89789104812197
1,5.38,0,48.0873785003582,179.202293131662,42.4191266618991,0,6.86962550005117
1,5.39,0,47.8904154070509,179.273617012507,42.4354505684053,0,6.84148791529299
1,5.4,0,47.6943440097005,179.344581186758,42.4516886252672,0,6.8134777156715
1,5.41,0,47.4991602792373,179.415187286064,42.4678412223606,0,6.78559432560532
1,5.42,0,47.3048602046714,179.485436934713,42.4839087478016,0,6.75783717209592
1,5.43,0,47.1114397930123,179.555331749659,42.4998915879551,0,6.73020568471605
1,5.44,0,46.9188950691874,179.624873340564,42.515790127442,0,6.7026992955982
1,5.45,0,46.7272220759618,179.694063309822,42.5316047491479,0,6.67531743942312
1,5.46,0,46.5364168738579,179.762903252601,42.5473358342306,0,6.64805955340828
1,5.47,0,46.3464755410757,179.83139475687,42.5629837621283,0,6.62092507729654
1,5.48,0,46.1573941734131,179.899539403434,42.5785489105675,0,6.59391345334473
1,5.49,0,45.9691688841864,179.967338765969,42.5940316555703,0,6.56702412631235
1,5.5,0,45.7817958041519,180.034794411051,42.609432371463,0,6.54025654345026
1,5.51,0,45.5952710814264,180.101907898191,42.6247514308835,0,6.51361015448948
1,5.52,0,45.4095908814095,180.168680779866,42.639989204789,0,6.48708441162994
1,5.53,0,45.2247513871272,180.235114601303,42.655146062404,0,6.46067876958961
1,5.54,0,45.0407488013499,180.301210899203,42.6702223709155,0,6.43439268590713
1,5.55,0,44.8575793418422,180.366971204553,42.6852184961454,0,6.40822562026317
1,5.56,0,44.6752392428473,180.43239704173,42.7001348023358,0,6.38217703469247
1,5.57,0,44.4937247555333,180.497489928218,42.7149716520825,0,6.35624639364761
1,5.58,0,44.3130321479175,180.562251374645,42.7297294063421,0,6.33043316398822
1,5.59,0,44.1331577047915,180.62668288481,42.7444084244399,0,6.30473681497021
1,5.6,0,43.9540977276459,180.690785955715,42.7590090640768,0,6.27915681823513
1,5.61,0,43.7758485345961,180.754562077594,42.773531681337,0,6.25369264779945
1,5.62,0,43.5984064603079,180.818012733949,42.787976630695,0,6.22834378004398
1,5.63,0,43.4217678559233,180.881139401574,42.8023442650234,0,6.20310969370333
1,5.64,0,43.2459290889871,180.943943550588,42.8166349355993,0,6.1779898698553
1,5.65,0,43.0708865433734,181.006426644467,42.8308489921127,0,6.15298379191049
1,5.66,0,42.8966366192126,181.068590140073,42.8449867826724,0,6.1280909456018
1,5.67,0,42.7231757328183,181.130435487681,42.8590486538144,0,6.10331081897404
1,5.68,0,42.5505003166152,181.191964131014,42.8730349505081,0,6.07864290237361
1,5.69,0,42.3786068190669,181.253177507269,42.886946016164,0,6.05408668843812
1,5.7,0,42.2074917046034,181.314077047147,42.9007821926402,0,6.0296416720862
1,5.71,0,42.0371514535503,181.374664174887,42.9145438202504,0,6.00530735050719
1,5.72,0,41.8675825620568,181.434940308288,42.9282312377698,0,5.98108322315098
1,5.73,0,41.6987815420251,181.494906858743,42.9418447824429,0,5.95696879171787
1,5.74,0,41.5307449210393,181.554565231269,42.9553847899903,0,5.93296356014847
1,5.75,0,41.363469242295,181.613916824533,42.9688515946155,0,5.90906703461357
1,5.76,0,41.1969510645293,181.672963030882,42.9822455290117,0,5.88527872350419
1,5.77,0,41.0311869619506,181.731705236373,42.9955669243691,0,5.86159813742152
1,5.78,0,40.8661735241691,181.790144820801,43.0088161103815,0,5.83802478916701
1,5.79,0,40.7019073561272,181.848283157726,43.0219934152531,0,5.81455819373246
1,5.8,0,40.5383850780308,181.906121614505,43.0350991657054,0,5.79119786829011
1,5.81,0,40.37560332528,181.963661552317,43.0481336869841,0,5.76794333218285
1,5.82,0,40.2135587484008,182.020904326193,43.0610973028655,0,5.7447941069144
1,5.83,0,40.0522480129768,182.077851285044,43.0739903356637,0,5.72174971613955
1,5.84,0,39.8916677995811,182.13450377169,43.0868131062369,0,5.69880968565445
1,5.85,0,39.7318148037084,182.190863122883,43.0995659339943,0,5.67597354338691
1,5.86,0,39.5726857357076,182.246930669344,43.1122491369028,0,5.6532408193868
1,5.87,0,39.4142773207147,182.302707735782,43.1248630314932,0,5.63061104581639
1,5.88,0,39.2565862985855,182.358195640925,43.1374079328676,0,5.60808375694079
1,5.89,0,39.099609423829,182.413395697549,43.1498841547052,0,5.58565848911843
1,5.9,0,38.9433434655409,182.468309212504,43.1622920092692,0,5.56333478079156
1,5.91,0,38.7877852073375,182.52293748674,43.1746318074135,0,5.54111217247679
1,5.92,0,38.6329314472895,182.577281815338,43.1869038585889,0,5.51899020675564
1,5.93,0,38.478778999427,182.631343486676,43.1991084706448,0,5.49696842848956
1,5.94,0,38.3253246930307,182.685123782811,43.21124594992,0,5.47504638471867
1,5.95,0,38.1725653696209,182.738623981109,43.2233166016326,0,5.45322362423156
1,5.96,0,38.0204978849237,182.791845353166,43.2353207296219,0,5.43149969784624
1,5.97,0,37.8691191088227,182.844789164826,43.2472586363524,0,5.40987415840324
1,5.98,0,37.718425925296,182.897456676205,43.2591306229205,0,5.38834656075657
1,5.99,0,37.5684152323529,182.949849141719,43.2709369890601,0,5.3669164617647
1,6,0,37.4190839419709,183.001967810108,43.2826780331491,0,5.34558342028155
1,6.01,0,37.270428980033,183.053813924466,43.2943540522156,0,5.32434699714757
1,6.02,0,37.1224472862655,183.105388722259,43.3059653419439,0,5.30320675518078
1,6.03,0,36.9751358141758,183.156693435357,43.3175121966805,0,5.28216225916797
1,6.04,0,36.8284915309903,183.207729290059,43.3289949094404,0,5.26121307585576
1,6.05,0,36.6825114175931,183.258497507113,43.340413771913,0,5.24035877394187
1,6.06,0,36.5371924684643,183.308999301749,43.3517690744681,0,5.21959892406633
1,6.07,0,36.3925316916191,183.359235883696,43.3630611061623,0,5.19893309880273
1,6.08,0,36.2485261085468,183.409208457214,43.3742901547442,0,5.17836087264954
1,6.09,0,36.1051727541499,183.458918221115,43.3854565066609,0,5.15788182202142
1,6.1,0,35.9624686766843,183.508366368787,43.3965604470642,0,5.13749552524062
1,6.11,0,35.8204109376987,183.557554088224,43.4076022598155,0,5.11720156252838
1,6.12,0,35.6789966119745,183.606482562042,43.4185822274929,0,5.09699951599636
1,6.13,0,35.5382227874667,183.655152967514,43.4295006313961,0,5.0768889696381
1,6.14,0,35.398086565244,183.703566476586,43.4403577515526,0,5.05686950932057
1,6.15,0,35.2585850594297,183.751724255903,43.4511538667238,0,5.03694072277568
1,6.16,0,35.1197153971428,183.799627466837,43.4618892544102,0,5.01710219959183
1,6.17,0,34.9814747184392,183.847277265509,43.4725641908575,0,4.9973535312056
1,6.18,0,34.8438601762531,183.894674802809,43.4831789510625,0,4.97769431089331
1,6.19,0,34.706868936339,183.941821224428,43.4937338087784,0,4.95812413376271
1,6.2,0,34.5704981772132,183.988717670874,43.5042290365209,0,4.93864259674474
1,6.21,0,34.4347450900965,184.035365277502,43.5146649055736,0,4.91924929858521
1,6.22,0,34.299606878856,184.081765174532,43.5250416859938,0,4.89994383983657
1,6.23,0,34.1650807599484,184.127918487077,43.5353596466181,0,4.88072582284977
1,6.24,0,34.0311639623622,184.173826335166,43.5456190550678,0,4.86159485176603
1,6.25,0,33.8978537275612,184.219489833764,43.5558201777551,0,4.84255053250874
1,6.26,0,33.7651473094275,184.264910092799,43.5659632798879,0,4.82359247277536
1,6.27,0,33.6330419742052,184.310088217183,43.5760486254758,0,4.80472028202931
1,6.28,0,33.501535000444,184.355025306838,43.5860764773358,0,4.785933571492
1,6.29,0,33.3706236789431,184.399722456714,43.596047097097,0,4.76723195413473
1,6.3,0,33.2403053126955,184.444180756817,43.6059607452072,0,4.74861504467079
1,6.31,0,33.1105772168322,184.48840129223,43.6158176809375,0,4.73008245954745
1,6.32,0,32.9814367187221,184.532385143054,43.625618162369,0,4.7116338169603
1,6.33,0,32.8528811596023,184.576133383565,43.6353624461903,0,4.69326873708604
1,6.34,0,32.7249078915948,184.619647083744,43.6450507880642,0,4.6749868416564
1,6.35,0,32.5975142782383,184.662927308998,43.6546834425601,0,4.65678775403404
1,6.36,0,32.4706976949638,184.705975119908,43.6642606630947,0,4.63867109928054
1,6.37,0,32.3444555290421,184.748791572253,43.6737827019366,0,4.62063650414887
1,6.38,0,32.2187851795306,184.791377717026,43.6832498102119,0,4.60268359707579
1,6.39,0,32.0936840572207,184.833734600465,43.6926622379089,0,4.58481200817439
1,6.4,0,31.9691495845857,184.875863264064,43.7020202338838,0,4.56702136922653
1,6.41,0,31.8451791957282,184.917764744601,43.7113240458652,0,4.54931131367545
1,6.42,0,31.7217703363284,184.959440074159,43.7205739204594,0,4.53168147661834
1,6.43,0,31.5989204635924,185.000890280144,43.7297701031558,0,4.51413149479891
1,6.44,0,31.4766270462007,185.042116385305,43.7389128383312,0,4.49666100660009
1,6.45,0,31.3548875642569,185.083119407763,43.7480023692555,0,4.47926965203669
1,6.46,0,31.2336995092367,185.123900361021,43.7570389380961,0,4.4619570727481
1,6.47,0,31.1130603839372,185.164460253994,43.7660227859234,0,4.44472291199103
1,6.48,0,30.9929677024262,185.204800091022,43.7749541527153,0,4.42756681463231
1,6.49,0,30.8734189899916,185.244920871898,43.7838332773624,0,4.41048842714165
1,6.5,0,30.7544117830918,185.284823591881,43.7926603976726,0,4.39348739758454
1,6.51,0,30.6359436293054,185.324509241724,43.8014357503763,0,4.37656337561506
1,6.52,0,30.5180120872816,185.363978807688,43.8101595711311,0,4.3597160124688
1,6.53,0,30.4006147266906,185.403233271563,43.8188320945265,0,4.3429449609558
1,6.54,0,30.2837491281744,185.442273610694,43.8274535540889,0,4.32624987545349
1,6.55,0,30.167412883298,185.481100797993,43.8360241822862,0,4.30963041189972
1,6.56,0,30.0516035945,185.519715801964,43.8445442105329,0,4.29308622778571
1,6.57,0,29.9363188750444,185.558119586722,43.8530138691944,0,4.2766169821492
1,6.58,0,29.8215563489721,185.596313112011,43.8614333875919,0,4.26022233556744
1,6.59,0,29.7073136510524,185.634297333226,43.8698029940073,0,4.24390195015035
1,6.6,0,29.5935884267356,185.672073201431,43.8781229156877,0,4.22765548953365
1,6.61,0,29.4803783321043,185.709641663378,43.8863933788499,0,4.21148261887205
1,6.62,0,29.3676810338268,185.74700366153,43.8946146086853,0,4.19538300483241
1,6.63,0,29.255494209109,185.784160134075,43.9027868293644,0,4.179356315587
1,6.64,0,29.1438155456473,185.821112014949,43.9109102640416,0,4.16340222080676
1,6.65,0,29.0326427414691,185.857860233918,43.9189851348744,0,4.14752039163844
1,6.66,0,28.9219735045947,185.89440571676,43.927011663068,0,4.13171050065638
1,6.67,0,28.8118055537653,185.930749384849,43.9349900687745,0,4.11597222196647
1,6.68,0,28.7021366180703,185.966892155356,43.9429205711426,0,4.10030523115289
1,6.69,0,28.5929644368491,186.0028349413,43.9508033883281,0,4.08470920526415
1,6.7,0,28.4842867596453,186.038578651563,43.9586387374986,0,4.06918382280647
1,6.71,0,28.3761013461603,186.074124190913,43.9664268348385,0,4.05372876373719
1,6.72,0,28.2684059662074,186.109472460019,43.9741678955528,0,4.0383437094582
1,6.73,0,28.161198399666,186.144624355472,43.9818621338722,0,4.02302834280943
1,6.74,0,28.054476436436,186.179580769803,43.9895097630569,0,4.00778234806228
1,6.75,0,27.9482378763925,186.214342591501,43.9971109954016,0,3.99260541091321
1,6.76,0,27.8424805293405,186.248910705033,44.0046660422398,0,3.97749721847721
1,6.77,0,27.7372022149698,186.28328599086,44.0121751139478,0,3.9624574592814
1,6.78,0,27.6324007628104,186.317469325459,44.0196384199496,0,3.94748582325863
1,6.79,0,27.5280740121873,186.351461581336,44.027056168721,0,3.93258200174105
1,6.8,0,27.4242198121767,186.385263627051,44.034428567794,0,3.91774568745381
1,6.81,0,27.3208360215608,186.418876327229,44.0417558237611,0,3.90297657450868
1,6.82,0,27.2179205087844,186.452300542583,44.0490381422797,0,3.88827435839778
1,6.83,0,27.1154711519106,186.485537129931,44.0562757280763,0,3.87363873598723
1,6.84,0,27.0134858385769,186.518586942211,44.0634687849508,0,3.85906940551098
1,6.85,0,26.9119624659514,186.551450828504,44.0706175157808,0,3.84456606656448
1,6.86,0,26.8108989406898,186.584129634047,44.0777221225259,0,3.83012842009854
1,6.87,0,26.7102931788916,186.616624200254,44.0847828062319,0,3.81575616841309
1,6.88,0,26.6101431060574,186.648935364732,44.0917997670348,0,3.80144901515106
1,6.89,0,26.5104466570453,186.681063961298,44.0987732041655,0,3.78720666529218
1,6.9,0,26.4112017760285,186.713010819999,44.1057033159533,0,3.77302882514693
1,6.91,0,26.3124064164527,186.744776767126,44.1125902998309,0,3.75891520235039
1,6.92,0,26.2140585409932,186.776362625235,44.1194343523376,0,3.74486550585617
1,6.93,0,26.1161561215127,186.807769213163,44.1262356691244,0,3.73087944593039
1,6.94,0,26.0186971390194,186.838997346043,44.1329944449575,0,3.71695673414563
1,6.95,0,25.9216795836246,186.870047835323,44.1397108737226,0,3.70309708337495
1,6.96,0,25.8251014545009,186.900921488787,44.1463851484288,0,3.68930020778584
1,6.97,0,25.7289607598404,186.931619110563,44.1530174612132,0,3.67556582283434
1,6.98,0,25.6332555176102,186.962141500759,44.1596080032511,0,3.66189364537289
1,6.99,0,25.5379837555425,186.992489455459,44.1661569647565,0,3.64828339364892
1,7,0,25.4431435090042,187.022663767764,44.172664535231,0,3.6347347870006
1,7.01,0,25.348732822213,187.052665227195,44.1791309033204,0,3.62124754603043
1,7.02,0,25.2547497482256,187.082494619693,44.1855562568152,0,3.60782139260366
1,7.03,0,25.1611923488984,187.112152727638,44.1919407826547,0,3.59445604984263
1,7.04,0,25.0680586948477,187.141640329861,44.1982846669308,0,3.58115124212111
1,7.05,0,24.9753468654105,187.170958201663,44.2045880948916,0,3.56790669505865
1,7.06,0,24.8830549486053,187.200107114833,44.2108512509452,0,3.55472213551504
1,7.07,0,24.791181041093,187.229087837657,44.2170743186641,0,3.54159729158472
1,7.08,0,24.6997232481384,187.257901134941,44.2232574807881,0,3.5285318925912
1,7.09,0,24.6086796835712,187.286547768023,44.2294009192286,0,3.5155256690816
1,7.1,0,24.5180484697476,187.315028494787,44.2355048150724,0,3.50257835282108
1,7.11,0,24.427827737512,187.343344069685,44.241569348585,0,3.48968967678743
1,7.12,0,24.338015626159,187.371495243746,44.2475946992146,0,3.47685937516558
1,7.13,0,24.2486102833953,187.399482764594,44.253581045596,0,3.46408718334219
1,7.14,0,24.1596098653016,187.427307376464,44.2595285655538,0,3.45137283790023
1,7.15,0,24.0710125362955,187.454969820217,44.2654374361064,0,3.43871607661365
1,7.16,0,23.9828164690935,187.482470833353,44.2713078334693,0,3.42611663844193
1,7.17,0,23.895019844674,187.509811150031,44.2771399330594,0,3.41357426352485
1,7.18,0,23.8076208522398,187.536991501079,44.2829339094979,0,3.40108869317712
1,7.19,0,23.7206176891816,187.564012614011,44.2886899366141,0,3.38865966988309
1,7.2,0,23.6340085610406,187.590875213045,44.2944081874494,0,3.37628693729152
1,7.21,0,23.5477916814721,187.617580019113,44.3000888342602,0,3.3639702402103
1,7.22,0,23.4619652722089,187.644127749878,44.3057320485219,0,3.35170932460128
1,7.23,0,23.376527563025,187.67051911975,44.3113380009325,0,3.339503937575
1,7.24,0,23.2914767916992,187.696754839899,44.3169068614156,0,3.3273538273856
1,7.25,0,23.2068112039792,187.72283561827,44.3224387991246,0,3.3152587434256
1,7.26,0,23.1225290535456,187.748762159599,44.3279339824455,0,3.3032184362208
1,7.27,0,23.0386286019761,187.774535165424,44.3333925790009,0,3.29123265742516
1,7.28,0,22.9551081187101,187.800155334106,44.3388147556533,0,3.27930115981573
1,7.29,0,22.8719658810129,187.825623360835,44.3442006785085,0,3.26742369728756
1,7.3,0,22.7892001739407,187.850939937651,44.3495505129189,0,3.25560002484868
1,7.31,0,22.7068092903062,187.876105753467,44.35486442349,0,3.24382989861518
1,7.32,0,22.6247915306426,187.901121494072,44.3601425740803,0,3.23211307580609
1,7.33,0,22.5431452031683,187.925987842135,44.3653851278039,0,3.22044931473832
1,7.34,0,22.4618686237525,187.950705477233,44.3705922470349,0,3.20883837482179
1,7.35,0,22.3809601158813,187.97527507586,44.3757640934115,0,3.19728001655447
1,7.36,0,22.3004180106224,187.999697311444,44.3809008278386,0,3.18577400151748
1,7.37,0,22.2202406465914,188.02397285436,44.3860026104918,0,3.1743200923702
1,7.38,0,22.1404263699176,188.048102371941,44.3910696008204,0,3.16291805284538
1,7.39,0,22.0609735342099,188.072086528497,44.3961019575506,0,3.15156764774427
1,7.4,0,21.9818805005228,188.095925985326,44.4010998386892,0,3.14026864293182
1,7.41,0,21.9031456373228,188.119621400727,44.4060634015264,0,3.12902080533183
1,7.42,0,21.8247673204552,188.143173430015,44.4109928026392,0,3.11782390292217
1,7.43,0,21.7467439331098,188.166582725535,44.4158881978951,0,3.10667770472997
1,7.44,0,21.6690738657885,188.189849936674,44.4207497424545,0,3.09558198082692
1,7.45,0,21.5917555162714,188.212975709875,44.4255775907748,0,3.08453650232449
1,7.46,0,21.5147872895844,188.235960688651,44.4303718966129,0,3.07354104136921
1,7.47,0,21.4381675979659,188.258805513599,44.435132813029,0,3.06259537113798
1,7.48,0,21.3618948608338,188.281510822411,44.4398604923891,0,3.0516992658334
1,7.49,0,21.2859675047537,188.304077249889,44.444555086369,0,3.0408525006791
1,7.5,0,21.2103839634056,188.32650542796,44.4492167459566,0,3.03005485191508
1,7.51,0,21.1351426775517,188.348795985684,44.4538456214559,0,3.0193060967931
1,7.52,0,21.0602420950045,188.370949549272,44.4584418624893,0,3.00860601357207
1,7.53,0,20.9856806705944,188.392966742098,44.4630056180013,0,2.99795438151348
1,7.54,0,20.9114568661376,188.414848184708,44.4675370362615,0,2.9873509808768
1,7.55,0,20.8375691504046,188.436594494841,44.4720362648676,0,2.97679559291495
1,7.56,0,20.7640159990883,188.458206287433,44.4765034507484,0,2.96628799986975
1,7.57,0,20.6907958947721,188.479684174636,44.480938740167,0,2.95582798496744
1,7.58,0,20.6179073268989,188.501028765829,44.4853422787241,0,2.94541533241413
1,7.59,0,20.5453487917394,188.52224066763,44.4897142113605,0,2.93504982739135
1,7.6,0,20.4731187923611,188.543320483909,44.4940546823607,0,2.92473125605159
1,7.61,0,20.401215838597,188.564268815803,44.4983638353554,0,2.91445940551385
1,7.62,0,20.3296384470145,188.585086261724,44.5026418133249,0,2.90423406385921
1,7.63,0,20.2583851409357,188.605773417352,44.5068887585964,0,2.89405502013366
1,7.64,0,20.18745445102,188.626330875364,44.5111048127796,0,2.88392206443143
1,7.65,0,20.1168449141927,188.646759225926,44.5152901168839,0,2.87383498774181
1,7.66,0,20.0465550737991,188.667059056618,44.5194448113012,0,2.86379358197131
1,7.67,0,19.9765834797771,188.687230952356,44.5235690357868,0,2.85379763996815
1,7.68,0,19.9069286886263,188.707275495403,44.5276629294617,0,2.84384695551804
1,7.69,0,19.8375892633794,188.727193265382,44.5317266308161,0,2.83394132333991
1,7.7,0,19.7685637735718,188.746984839286,44.5357602777122,0,2.82408053908169
1,7.71,0,19.6998507952128,188.766650791491,44.5397640073865,0,2.81426439931612
1,7.72,0,19.6314489107558,188.786191693769,44.5437379564535,0,2.80449270153654
1,7.73,0,19.5633567090691,188.805608115298,44.5476822609076,0,2.79476524415273
1,7.74,0,19.4955727854075,188.824900622676,44.5515970561268,0,2.78508182648678
1,7.75,0,19.4280957413824,188.84406977993,44.5554824768748,0,2.77544224876892
1,7.76,0,19.3609241849338,188.86311614853,44.5593386573043,0,2.76584631213341
1,7.77,0,19.2940567303011,188.8820402874,44.5631657309595,0,2.75629381861445
1,7.78,0,19.2274919979947,188.900842752928,44.566963830779,0,2.74678457114209
1,7.79,0,19.1612286147673,188.91952409898,44.5707330890985,0,2.73731837353819
1,7.8,0,19.095265213586,188.938084876912,44.5744736376535,0,2.72789503051229
1,7.81,0,19.0296004336038,188.956525635577,44.5781856075823,0,2.71851434765768
1,7.82,0,18.9642329201313,188.974846921341,44.5818691294284,0,2.70917613144732
1,7.83,0,18.8991613246089,188.993049278094,44.5855243331433,0,2.69988018922985
1,7.84,0,18.8343843045792,189.011133247256,44.5891513480895,0,2.6906263292256
1,7.85,0,18.7699005236585,189.029099367798,44.5927503030426,0,2.68141436052265
1,7.86,0,18.70570865151,189.046948176243,44.5963213261947,0,2.67224409307285
1,7.87,0,18.6418073638154,189.064680206683,44.5998645451566,0,2.66311533768791
1,7.88,0,18.5781953422481,189.082295990791,44.6033800869604,0,2.65402790603545
1,7.89,0,18.5148712744458,189.099796057827,44.6068680780626,0,2.64498161063511
1,7.9,0,18.4518338539828,189.117180934653,44.6103286443462,0,2.63597626485469
1,7.91,0,18.3890817803436,189.134451145745,44.613761911124,0,2.62701168290622
1,7.92,0,18.3266137588951,189.151607213199,44.6171680031403,0,2.61808767984216
1,7.93,0,18.2644285008606,189.168649656746,44.6205470445744,0,2.60920407155151
1,7.94,0,18.2025247232922,189.185578993765,44.6238991590428,0,2.60036067475603
1,7.95,0,18.1409011490446,189.202395739285,44.6272244696016,0,2.59155730700638
1,7.96,0,18.0795565068749,189.219100405951,44.6305230987364,0,2.58279378669642
1,7.97,0,18.0184895317771,189.235693503872,44.6337951683272,0,2.57406993311101
1,7.98,0,17.9576989640328,189.252175541034,44.6370407997466,0,2.56538556629039
1,7.99,0,17.8971835495627,189.268547023146,44.6402601138232,0,2.55674050708039
1,8,0,17.8369420399673,189.284808453624,44.6434532308375,0,2.54813457713818
1,8.01,0,17.7769731925003,189.300960333599,44.646620270524,0,2.53956759892862
1,8.02,0,17.7172757700441,189.317003161926,44.6497613520739,0,2.53103939572059
1,8.03,0,17.6578485410835,189.332937435201,44.6528765941375,0,2.52254979158336
1,8.04,0,17.5986902796809,189.348763647763,44.6559661148267,0,2.51409861138298
1,8.05,0,17.5397997654507,189.364482291709,44.6590300317177,0,2.50568568077866
1,8.06,0,17.4811757835345,189.380093856903,44.6620684618527,0,2.49731082621921
1,8.07,0,17.4228171245759,189.395598830988,44.6650815217431,0,2.48897387493941
1,8.08,0,17.3647225846956,189.410997699393,44.6680693273716,0,2.48067465495652
1,8.09,0,17.3068909654668,189.426290945344,44.6710319941945,0,2.47241299506668
1,8.1,0,17.24932107389,189.441479049876,44.6739696371443,0,2.46418872484143
1,8.11,0,17.1920117223691,189.45656249184,44.6768823706318,0,2.45600167462416
1,8.12,0,17.1349617286863,189.471541747915,44.679770308549,0,2.44785167552662
1,8.13,0,17.0781699159781,189.486417292619,44.6826335642708,0,2.43973855942545
1,8.14,0,17.0216351127108,189.501189598314,44.6854722506579,0,2.43166215895869
1,8.15,0,16.9653561526566,189.515859135221,44.6882864800587,0,2.42362230752236
1,8.16,0,16.9093318748689,189.530426371428,44.6910763643121,0,2.41561883926699
1,8.17,0,16.8535611236593,189.544891772898,44.6938420147494,0,2.40765158909419
1,8.18,0,16.7980427485728,189.559255803482,44.6965835421969,0,2.39972039265325
1,8.19,0,16.7427756043644,189.573518924925,44.6993010569781,0,2.39182508633778
1,8.2,0,16.6877585509757,189.587681596878,44.7019946689158,0,2.38396550728225
1,8.21,0,16.6329904535108,189.601744276908,44.7046644873349,0,2.37614149335868
1,8.22,0,16.5784701822129,189.615707420505,44.7073106210642,0,2.36835288317328
1,8.23,0,16.5241966124415,189.629571481094,44.7099331784386,0,2.36059951606307
1,8.24,0,16.4701686246483,189.643336910043,44.712532267302,0,2.35288123209261
1,8.25,0,16.4163851043544,189.657004156673,44.7151079950089,0,2.34519787205063
1,8.26,0,16.3628449421274,189.670573668266,44.7176604684267,0,2.33754927744677
1,8.27,0,16.3095470335579,189.684045890078,44.7201897939385,0,2.32993529050827
1,8.28,0,16.256490279237,189.697421265344,44.7226960774446,0,2.32235575417672
1,8.29,0,16.2036735848488,189.710700235237,44.7251794243525,0,2.31481051212125
1,8.3,0,16.1510958611651,189.723883238866,44.7276399395768,0,2.30729940873787
1,8.31,0,16.0987560236975,189.73697071344,44.7300777275775,0,2.29982228909965
1,8.32,0,16.0466529928658,189.749963094184,44.7324928923413,0,2.29237899898083
1,8.33,0,15.9947856939807,189.762860814349,44.7348855373825,0,2.28496938485438
1,8.34,0,15.9431530572216,189.77566430522,44.737255765746,0,2.27759329388881
1,8.35,0,15.8917540176152,189.788373996124,44.739603680009,0,2.27025057394503
1,8.36,0,15.8405875150124,189.800990314441,44.7419293822829,0,2.26294107357321
1,8.37,0,15.7896524940675,189.813513685611,44.744232974216,0,2.25566464200964
1,8.38,0,15.7389479042154,189.825944533144,44.7465145569952,0,2.24842112917362
1,8.39,0,15.6884726996504,189.838283278628,44.7487742313482,0,2.24121038566435
1,8.4,0,15.6382258393048,189.850530341738,44.7510120975457,0,2.23403226275783
1,8.41,0,15.5882062868265,189.862686140244,44.7532282554032,0,2.22688661240378
1,8.42,0,15.5384130105583,189.874751090023,44.7554228042835,0,2.21977328722262
1,8.43,0,15.4888449835164,189.886725605063,44.7575958430984,0,2.21269214050234
1,8.44,0,15.4395011833686,189.898610097474,44.759747470311,0,2.20564302619551
1,8.45,0,15.3903805924137,189.910404977498,44.7618777839376,0,2.19862579891624
1,8.46,0,15.3414821975602,189.922110653514,44.7639868815499,0,2.19164031393717
1,8.47,0,15.2928049903051,189.93372753205,44.7660748602768,0,2.18468642718645
1,8.48,0,15.2443479667132,189.945256017789,44.7681418168067,0,2.17776399524474
1,8.49,0,15.196110127396,189.956696513579,44.7701878473892,0,2.17087287534228
1,8.5,0,15.1480904774909,189.968049420441,44.7722130478375,0,2.16401292535585
1,8.51,0,15.1002880266411,189.979315137576,44.7742175135302,0,2.15718400380588
1,8.52,0,15.0527017889742,189.990494062375,44.7762013394132,0,2.15038596985346
1,8.53,0,15.005330783082,190.001586590429,44.7781646200017,0,2.14361868329743
1,8.54,0,14.9581740320002,190.012593115533,44.7801074493826,0,2.13688200457145
1,8.55,0,14.9112305631878,190.023514029696,44.7820299212157,0,2.13017579474112
1,8.56,0,14.8644994085071,190.034349723152,44.7839321287364,0,2.12349991550101
1,8.57,0,14.8179796042031,190.045100584363,44.7858141647573,0,2.11685422917187
1,8.58,0,14.7716701908836,190.055767000032,44.7876761216702,0,2.11023859869766
1,8.59,0,14.7255702134993,190.06634935511,44.789518091448,0,2.10365288764275
1,8.6,0,14.6796787213235,190.076848032799,44.7913401656467,0,2.09709696018907
1,8.61,0,14.633994767934,190.087263414569,44.7931424354072,0,2.09057068113343
1,8.62,0,14.5885174115778,190.097595879992,44.794924991418,0,2.08407391593969
1,8.63,0,14.5432457147473,190.107845806933,44.7966879239585,0,2.07760653067819
1,8.64,0,14.4981787439117,190.118013571651,44.7984313229257,0,2.07116839198738
1,8.65,0,14.4533155697715,190.128099548702,44.8001552778086,0,2.06475936711021
1,8.66,0,14.40865526724,190.13810411094,44.8018598776899,0,2.05837932389143
1,8.67,0,14.3641969154237,190.148027629525,44.8035452112477,0,2.05202813077482
1,8.68,0,14.3199395976036,190.157870473935,44.8052113667578,0,2.04570565680052
1,8.69,0,14.275882401216,190.167633011969,44.8068584320951,0,2.03941177160228
1,8.7,0,14.2320244178337,190.177315609757,44.8084864947355,0,2.03314634540482
1,8.71,0,14.1883647431476,190.186918631767,44.8100956417578,0,2.02690924902109
1,8.72,0,14.1449024769475,190.196442440812,44.8116859598456,0,2.02070035384965
1,8.73,0,14.1016367231038,190.205887398059,44.8132575352889,0,2.01451953187197
1,8.74,0,14.0585665895489,190.215253863036,44.814810453986,0,2.00836665564984
1,8.75,0,14.0156911882586,190.224542193638,44.8163448014452,0,2.00224159832266
1,8.76,0,13.9730096352341,190.233752746136,44.8178606627867,0,1.99614423360487
1,8.77,0,13.9305210504834,190.242885875184,44.8193581227444,0,1.99007443578334
1,8.78,0,13.888224558003,190.251941933826,44.8208372656673,0,1.98403207971471
1,8.79,0,13.8461192857601,190.260921273506,44.8222981755219,0,1.97801704082288
1,8.8,0,13.8042043656744,190.269824244069,44.8237409358932,0,1.97202919509635
1,8.81,0,13.7624789335999,190.278651193775,44.8251656299871,0,1.9660684190857
1,8.82,0,13.7209421293071,190.287402469304,44.8265723406318,0,1.96013458990102
1,8.83,0,13.6795930964655,190.29607841576,44.8279611502793,0,1.95422758520935
1,8.84,0,13.6384309826252,190.304679376684,44.8293321410078,0,1.94834728323217
1,8.85,0,13.5974549391998,190.313205694056,44.8306853945227,0,1.94249356274283
1,8.86,0,13.5566641214484,190.321657708304,44.8320209921588,0,1.93666630306406
1,8.87,0,13.5160576884582,190.330035758315,44.8333390148816,0,1.93086538406546
1,8.88,0,13.4756348031271,190.338340181433,44.8346395432894,0,1.92509068616101
1,8.89,0,13.435394632146,190.346571313476,44.8359226576147,0,1.91934209030657
1,8.9,0,13.3953363459819,190.354729488736,44.8371884377259,0,1.91361947799741
1,8.91,0,13.3554591188602,190.36281503999,44.8384369631291,0,1.90792273126574
1,8.92,0,13.3157621287478,190.370828298503,44.8396683129696,0,1.90225173267826
1,8.93,0,13.2762445573359,190.37876959404,44.8408825660338,0,1.89660636533371
1,8.94,0,13.2369055900398,190.386639254863,44.8420798007488,0,1.89098651286283
1,8.95,0,13.1977444162088,190.394437607636,44.8432600951608,0,1.8853920594584
1,8.96,0,13.1587602287335,190.402164977601,44.8444235269753,0,1.87982288981907
1,8.97,0,13.1199522240866,190.409821688558,44.8455701735532,0,1.87427888915523
1,8.98,0,13.0813196023843,190.417408062835,44.8467001119043,0,1.86875994319776
1,8.99,0,13.0428615673701,190.424924421297,44.8478134186883,0,1.86326593819573
1,9,0,13.0045773263981,190.432371083353,44.8489101702172,0,1.85779676091401
1,9.01,0,12.9664660904165,190.43974836696,44.8499904424563,0,1.85235229863093
1,9.02,0,12.9285270739516,190.447056588633,44.8510543110259,0,1.84693243913594
1,9.03,0,12.8907594950912,190.454296063451,44.8521018512032,0,1.84153707072731
1,9.04,0,12.8531625754686,190.46146710506,44.8531331379232,0,1.8361660822098
1,9.05,0,12.8157355402465,190.468570025685,44.8541482457812,0,1.83081936289235
1,9.06,0,12.7784776181006,190.475605136131,44.8551472490334,0,1.8254968025858
1,9.07,0,12.7413880412043,190.482572745793,44.856130221599,0,1.82019829160061
1,9.08,0,12.7044660452119,190.489473162664,44.8570972370616,0,1.81492372074456
1,9.09,0,12.6677108692436,190.496306693334,44.8580483686708,0,1.80967298132051
1,9.1,0,12.6311217558689,190.503073643007,44.8589836893435,0,1.80444596512413
1,9.11,0,12.5946979510916,190.509774315496,44.8599032716658,0,1.79924256444166
1,9.12,0,12.5584387043337,190.51640901324,44.8608071878942,0,1.79406267204767
1,9.13,0,12.5223432684198,190.522978037302,44.8616955099571,0,1.78890618120283
1,9.14,0,12.4864108995619,190.529481687381,44.8625683094566,0,1.78377298565171
1,9.15,0,12.4506408573436,190.535920261814,44.8634256576696,0,1.77866297962052
1,9.16,0,12.4150324047048,190.542294057585,44.8642676255497,0,1.77357605781496
1,9.17,0,12.3795848079263,190.54860337033,44.8650942837282,0,1.76851211541804
1,9.18,0,12.3442973366147,190.554848494344,44.8659057025161,0,1.76347104808781
1,9.19,0,12.309169263687,190.561029722586,44.8667019519053,0,1.75845275195529
1,9.2,0,12.2741998653557,190.567147346687,44.8674831015699,0,1.75345712362224
1,9.21,0,12.2393884211132,190.573201656953,44.8682492208681,0,1.74848406015902
1,9.22,0,12.2047342137172,190.579192942374,44.8690003788431,0,1.74353345910245
1,9.23,0,12.1702365291757,190.585121490631,44.8697366442251,0,1.73860521845367
1,9.24,0,12.1358946567318,190.590987588096,44.8704580854324,0,1.73369923667598
1,9.25,0,12.1017078888493,190.596791519845,44.8711647705729,0,1.72881541269275
1,9.26,0,12.0676755211973,190.60253356966,44.8718567674455,0,1.72395364588532
1,9.27,0,12.0337968526979,190.608214020011,44.8725341435355,0,1.71911383609969
1,9.28,0,12.0000711857079,190.613833151975,44.8731969659958,0,1.71429588367255
1,9.29,0,11.966497825521,190.619391245453,44.8738453016973,0,1.70949968936015
1,9.3,0,11.9330760805452,190.624888579086,44.874479217211,0,1.70472515436361
1,9.31,0,11.8998052623254,190.630325430253,44.8750987788057,0,1.69997218033221
1,9.32,0,11.8666846855294,190.635702075073,44.8757040524489,0,1.69524066936134
1,9.33,0,11.8337136679334,190.64101878841,44.8762951038089,0,1.69053052399049
1,9.34,0,11.8008915304084,190.646275843881,44.8768719982555,0,1.6858416472012
1,9.35,0,11.7682175969056,190.65147351386,44.8774348008617,0,1.68117394241509
1,9.36,0,11.7356911944428,190.656612069484,44.8779835764051,0,1.67652731349182
1,9.37,0,11.7033116530899,190.661691780661,44.8785183893689,0,1.67190166472713
1,9.38,0,11.6710783059558,190.66671291607,44.8790393039436,0,1.66729690085083
1,9.39,0,11.6389904891738,190.671675743174,44.8795463840284,0,1.66271292702482
1,9.4,0,11.6070475418881,190.676580528219,44.880039693232,0,1.65814964884116
1,9.41,0,11.5752488062405,190.681427536242,44.8805192948745,0,1.65360697232007
1,9.42,0,11.543593627356,190.68621703108,44.8809852519883,0,1.64908480390799
1,9.43,0,11.5120813533295,190.690949275368,44.8814376273199,0,1.64458305047565
1,9.44,0,11.4807113352127,190.695624530552,44.8818764833306,0,1.6401016193161
1,9.45,0,11.4494829269998,190.70024305689,44.8823018821983,0,1.63564041814283
1,9.46,0,11.4183954856147,190.704805113458,44.8827138858185,0,1.63119935508782
1,9.47,0,11.3874483708973,190.709310958157,44.8831125558058,0,1.62677833869962
1,9.48,0,11.3566409455903,190.713760847717,44.883497953495,0,1.62237727794147
1,9.49,0,11.3259725753257,190.718155037704,44.8838701399425,0,1.61799608218939
1,9.5,0,11.2954426286121,190.722493782521,44.8842291759277,0,1.6136346612303
1,9.51,0,11.2650504768209,190.72677733542,44.8845751219538,0,1.60929292526013
1,9.52,0,11.2347954941737,190.731005948502,44.8849080382498,0,1.60497078488195
1,9.53,0,11.2046770577288,190.735179872724,44.8852279847709,0,1.60066815110411
1,9.54,0,11.1746945473686,190.739299357904,44.8855350212006,0,1.59638493533837
1,9.55,0,11.1448473457864,190.743364652728,44.8858292069513,0,1.59212104939806
1,9.56,0,11.1151348384736,190.747376004753,44.886110601166,0,1.58787640549623
1,9.57,0,11.0855564137067,190.751333660412,44.8863792627191,0,1.58365091624382
1,9.58,0,11.0561114625348,190.755237865021,44.8866352502181,0,1.57944449464783
1,9.59,0,11.0267993787664,190.759088862783,44.8868786220045,0,1.57525705410949
1,9.6,0,10.9976195590736,190.762886896746,44.8871094361435,0,1.57108850843909
1,9.61,0,10.9685714030113,190.76663220879,44.8873277504219,0,1.56693877185876
1,9.62,0,10.939654312651,190.770325039787,44.887533622385,0,1.56280775895015
1,9.63,0,10.910867692771,190.773965629515,44.8877271093172,0,1.55869538468157
1,9.64,0,10.8822109508501,190.777554216665,44.8879082682427,0,1.55460156440715
1,9.65,0,10.8536834970556,190.781091038843,44.8880771559267,0,1.55052621386509
1,9.66,0,10.8252847442314,190.784576332577,44.8882338288766,0,1.54646924917592
1,9.67,0,10.7970141078853,190.788010333318,44.8883783433429,0,1.54243058684075
1,9.68,0,10.7688710061771,190.791393275452,44.888510755321,0,1.53841014373958
1,9.69,0,10.7408548599066,190.794725392296,44.8886311205516,0,1.53440783712951
1,9.7,0,10.7129650925016,190.798006916111,44.8887394945222,0,1.53042358464308
1,9.71,0,10.6852011300058,190.801238078101,44.8888359324686,0,1.52645730428655
1,9.72,0,10.6575624010671,190.804419108422,44.8889204893754,0,1.52250891443816
1,9.73,0,10.6300483369255,190.807550236183,44.8889932199776,0,1.5185783338465
1,9.74,0,10.6026583714013,190.810631689453,44.8890541787616,0,1.51466548162875
1,9.75,0,10.5753919408836,190.813663695267,44.8891034199664,0,1.51077027726909
1,9.76,0,10.5482484843185,190.816646479628,44.8891409975844,0,1.50689264061693
1,9.77,0,10.5212274431972,190.819580267512,44.8891669653632,0,1.50303249188531
1,9.78,0,10.4943282615445,190.822465282874,44.8891813768059,0,1.49918975164921
1,9.79,0,10.4675503859075,190.825301748653,44.889184285173,0,1.49536434084393
1,9.8,0,10.4408932653437,190.828089886776,44.889175743483,0,1.49155618076339
1,9.81,0,10.4143563514099,190.830829918161,44.8891558045135,0,1.48776519305855
1,9.82,0,10.3879390981503,190.833522062723,44.8891245208027,0,1.48399129973575
1,9.83,0,10.3616409620855,190.836166539381,44.8890819446501,0,1.48023442315508
1,9.84,0,10.3354614022013,190.838763566059,44.8890281281178,0,1.47649448602875
1,9.85,0,10.3093998799368,190.84131335969,44.8889631230316,0,1.47277141141954
1,9.86,0,10.2834558591738,190.843816136226,44.8888869809818,0,1.46906512273912
1,9.87,0,10.2576288062254,190.846272110635,44.8887997533248,0,1.46537554374648
1,9.88,0,10.2319181898245,190.848681496913,44.8887014911836,0,1.46170259854636
1,9.89,0,10.2063234811134,190.851044508082,44.8885922454493,0,1.45804621158763
1,9.9,0,10.1808441536322,190.853361356198,44.8884720667821,0,1.45440630766174
1,9.91,0,10.1554796833077,190.855632252357,44.888341005612,0,1.4507828119011
1,9.92,0,10.1302295484434,190.857857406694,44.8881991121405,0,1.44717564977763
1,9.93,0,10.1050932298538,190.860037028331,44.8880464363262,0,1.44358474712197
1,9.94,0,10.0800702107086,190.862171325441,44.887883027901,0,1.44001003010123
1,9.95,0,10.0551599764134,190.864260505295,44.8877089363821,0,1.43645142520191
1,9.96,0,10.0303620147089,190.866304774225,44.8875242110615,0,1.43290885924414
1,9.97,0,10.005675815661,190.868304337625,44.8873289010073,0,1.42938225938015
1,9.98,0,9.9811008716496,190.870259399957,44.8871230550646,0,1.4258715530928
1,9.99,0,9.95663667735841,190.872170164754,44.8869067218569,0,1.42237666819406
1,10,0,9.9322827297644,190.874036834622,44.8866799497865,0,1.41889753282349
1,10.01,0,9.90803852812734,190.875859611251,44.886442787036,0,1.41543407544676
1,10.02,0,9.88390357397937,190.877638695411,44.886195281569,0,1.4119862248542
1,10.03,0,9.85987737111469,190.879374286964,44.8859374811313,0,1.40855391015924
1,10.04,0,9.83595942557925,190.881066584862,44.8856694332517,0,1.40513706079704
1,10.05,0,9.81214924566043,190.882715787153,44.8853911852434,0,1.40173560652292
1,10.06,0,9.78844634187687,190.884322090987,44.8851027842043,0,1.39834947741098
1,10.07,0,9.76485022696825,190.885885692619,44.8848042770186,0,1.39497860385261
1,10.08,0,9.74136041588516,190.887406787411,44.8844957103576,0,1.39162291655502
1,10.09,0,9.71797642577904,190.88888556984,44.8841771306805,0,1.38828234653986
1,10.1,0,9.69469777599203,190.890322233499,44.8838485842355,0,1.38495682514172
1,10.11,0,9.67152398804706,190.891716971101,44.8835101170609,0,1.38164628400672
1,10.12,0,9.64845458563781,190.893069974486,44.8831617749858,0,1.37835065509112
1,10.13,0,9.62548909461879,190.894381434621,44.8828036036311,0,1.37506987065983
1,10.14,0,9.60262704299546,190.895651541608,44.8824356484109,0,1.37180386328507
1,10.15,0,9.57986796091436,190.896880484685,44.8820579545326,0,1.36855256584491
1,10.16,0,9.55721138065331,190.898068452231,44.8816705669988,0,1.3653159115219
1,10.17,0,9.53465683661164,190.89921563177,44.8812735306074,0,1.36209383380166
1,10.18,0,9.51220386530045,190.900322209974,44.8808668899532,0,1.35888626647149
1,10.19,0,9.48985200533289,190.90138837267,44.8804506894284,0,1.35569314361898
1,10.2,0,9.46760079741456,190.902414304839,44.8800249732238,0,1.35251439963065
1,10.21,0,9.44544978433385,190.903400190625,44.8795897853294,0,1.34934996919055
1,10.22,0,9.42339851095239,190.904346213335,44.8791451695357,0,1.34619978727891
1,10.23,0,9.40144652419546,190.905252555444,44.8786911694345,0,1.34306378917078
1,10.24,0,9.37959337304254,190.9061193986,44.8782278284197,0,1.33994191043465
1,10.25,0,9.35783860852963,190.906946923621,44.8777551896871,0,1.3368340869328
1,10.26,0,9.33618178391951,190.907735310427,44.8772732962176,0,1.33374025484564
1,10.27,0,9.3146224544018,190.908484738161,44.8767821908067,0,1.33066035062883
1,10.28,0,9.2931601771211,190.90919538518,44.8762819160619,0,1.3275943110173
1,10.29,0,9.27179451123231,190.909867429029,44.8757725143971,0,1.32454207303319
1,10.3,0,9.25052501789158,190.910501046448,44.8752540280334,0,1.32150357398451
1,10.31,0,9.2293512602471,190.911096413374,44.8747264990001,0,1.31847875146387
1,10.32,0,9.20827280343011,190.911653704946,44.8741899691357,0,1.31546754334716
1,10.33,0,9.18728921454584,190.912173095503,44.8736444800882,0,1.31246988779226
1,10.34,0,9.16640006266453,190.912654758598,44.8730900733167,0,1.30948572323779
1,10.35,0,9.14560491881246,190.913098866991,44.872526790092,0,1.30651498840178
1,10.36,0,9.12490335596309,190.913505592659,44.871954671497,0,1.30355762228044
1,10.37,0,9.1042949490281,190.913875106799,44.8713737584283,0,1.30061356414687
1,10.38,0,9.08377927484865,190.914207579829,44.8707840915965,0,1.29768275354981
1,10.39,0,9.0633559121865,190.914503181393,44.8701857115275,0,1.29476513031236
1,10.4,0,9.04302444171531,190.914762080365,44.8695786585627,0,1.29186063453076
1,10.41,0,9.02278444601184,190.914984444852,44.8689629728606,0,1.28896920657312
1,10.42,0,9.00263550954732,190.915170442197,44.8683386943971,0,1.28609078707819
1,10.43,0,8.9825772186788,190.915320238984,44.8677058629665,0,1.28322531695411
1,10.44,0,8.96260916164048,190.915434001039,44.8670645181824,0,1.28037273737721
1,10.45,0,8.94273092853517,190.915511893437,44.8664146994785,0,1.27753298979074
1,10.46,0,8.92294211132573,190.915554080502,44.8657564461092,0,1.27470601590368
1,10.47,0,8.90324230382654,190.915560725812,44.8650897971508,0,1.27189175768951
1,10.48,0,8.88363110169507,190.915531992203,44.8644147915021,0,1.26909015738501
1,10.49,0,8.86410810242338,190.91546804177,44.8637314678852,0,1.26630115748905
1,10.5,0,8.84467290532977,190.915369035875,44.8630398648464,0,1.2635247007614
1,10.51,0,8.82532511155036,190.915235135144,44.8623400207568,0,1.26076073022148
1,10.52,0,8.80606432403075,190.915066499478,44.8616319738136,0,1.25800918914725
1,10.53,0,8.78689014751777,190.914863288047,44.8609157620401,0,1.25527002107397
1,10.54,0,8.76780218855113,190.914625659303,44.8601914232874,0,1.25254316979302
1,10.55,0,8.74880005545524,190.914353770977,44.8594589952346,0,1.24982857935075
1,10.56,0,8.72988335833099,190.914047780083,44.8587185153897,0,1.24712619404728
1,10.57,0,8.71105170904754,190.913707842926,44.8579700210904,0,1.24443595843536
1,10.58,0,8.69230472126507,190.913334115084,44.857213549502,0,1.24175781732358
1,10.59,0,8.67364201053489,190.912926751377,44.8564491376073,0,1.2390917157907
1,10.6,0,8.65506319403467,190.912485905966,44.8556768222328,0,1.23643759914781
1,10.61,0,8.63656789065905,190.912011732323,44.8548966400397,0,1.23379541295129
1,10.62,0,8.61815572103297,190.911504383222,44.8541086275226,0,1.23116510300471
1,10.63,0,8.59982630750386,190.910964010744,44.8533128210104,0,1.22854661535769
1,10.64,0,8.58157927413374,190.910390766278,44.8525092566667,0,1.22593989630482
1,10.65,0,8.56341424669142,190.909784800525,44.851697970491,0,1.22334489238449
1,10.66,0,8.54533085264478,190.909146263502,44.8508789983189,0,1.22076155037783
1,10.67,0,8.52732872115295,190.908475304545,44.8500523758235,0,1.21818981730756
1,10.68,0,8.50940748305865,190.907772072311,44.8492181385155,0,1.21562964043695
1,10.69,0,8.49156677088052,190.907036714781,44.8483763217445,0,1.21308096726865
1,10.7,0,8.47380621880541,190.906269379264,44.8475269606992,0,1.21054374554363
1,10.71,0,8.45612546268086,190.905470212403,44.8466700904087,0,1.20801792324012
1,10.72,0,8.43852414000746,190.90463936017,44.8458057457428,0,1.20550344857249
1,10.73,0,8.42100188993129,190.903776967876,44.8449339614128,0,1.20300026999018
1,10.74,0,8.40355835323647,190.902883180175,44.8440547719724,0,1.20050833617664
1,10.75,0,8.38619317233759,190.901958141058,44.8431682118183,0,1.19802759604823
1,10.76,0,8.36890599127232,190.901001993868,44.8422743151909,0,1.19555799875319
1,10.77,0,8.35169645569396,190.900014881293,44.8413731161752,0,1.19309949367057
1,10.78,0,8.33456421286404,190.898996945375,44.8404646487011,0,1.19065203040915
1,10.79,0,8.31750891164498,190.897948327511,44.8395489465445,0,1.18821555880643
1,10.8,0,8.30053020249272,190.896869168454,44.838626043328,0,1.18579002892753
1,10.81,0,8.28362773744947,190.895759608319,44.8376959725214,0,1.18337539106421
1,10.82,0,8.26680117013637,190.894619786587,44.8367587674424,0,1.18097159573377
1,10.83,0,8.25005015574632,190.893449842102,44.8358144612574,0,1.17857859367805
1,10.84,0,8.2333743510367,190.89224991308,44.8348630869823,0,1.17619633586239
1,10.85,0,8.21677341432222,190.89102013711,44.833904677483,0,1.1738247734746
1,10.86,0,8.20024700546777,190.889760651153,44.8329392654761,0,1.17146385792397
1,10.87,0,8.18379478588124,190.888471591553,44.8319668835299,0,1.16911354084018
1,10.88,0,8.16741641850651,190.887153094033,44.8309875640644,0,1.16677377407236
1,10.89,0,8.15111156781628,190.885805293698,44.8300013393528,0,1.16444450968804
1,10.9,0,8.13487989980511,190.884428325044,44.8290082415217,0,1.16212569997216
1,10.91,0,8.11872108204236,190.883022321928,44.8280083025458,0,1.15981729743462
1,10.92,0,8.10263478368955,190.881587417568,44.8270015542465,0,1.15751925481279
1,10.93,0,8.08662067529768,190.880123744621,44.8259880283117,0,1.15523152504253
1,10.94,0,8.07067842890955,190.878631435144,44.8249677562855,0,1.15295406127279
1,10.95,0,8.05480771805721,190.877110620593,44.8239407695689,0,1.15068681686532
1,10.96,0,8.0390082177552,190.875561431829,44.82290709942,0,1.1484297453936
1,10.97,0,8.02327960449373,190.873983999117,44.8218667769548,0,1.14618280064196
1,10.98,0,8.00762155623202,190.872378452129,44.820819833148,0,1.14394593660457
1,10.99,0,7.99203375239157,190.870744919949,44.8197662988336,0,1.14171910748451
1,11,0,7.97651587384952,190.869083531076,44.8187062047053,0,1.13950226769279
1,11.01,0,7.96106760293199,190.867394413422,44.8176395813173,0,1.13729537184743
1,11.02,0,7.94568862340746,190.865677694322,44.8165664590851,0,1.13509837477249
1,11.03,0,7.93037862048023,190.863933500528,44.8154868682859,0,1.13291123149718
1,11.04,0,7.91513728078382,190.86216195822,44.8144008390592,0,1.13073389725483
1,11.05,0,7.89996429237447,190.860363193002,44.8133084014079,0,1.12856632748207
1,11.06,0,7.88485934472464,190.85853732991,44.8122095851981,0,1.12640847781781
1,11.07,0,7.8698221287165,190.856684493411,44.8111044201605,0,1.12426030410236
1,11.08,0,7.85485233663554,190.854804807406,44.8099929358906,0,1.12212176237651
1,11.09,0,7.8399496621641,190.852898395233,44.8088751618495,0,1.11999280888059
1,11.1,0,7.82511380037503,190.850965379671,44.8077511273645,0,1.11787340005358
1,11.11,0,7.81034444772526,190.849005882942,44.8066208616294,0,1.11576349253218
1,11.12,0,7.7956413020495,190.847020026711,44.8054843937056,0,1.11366304314993
1,11.13,0,7.78100406255395,190.845007932092,44.8043417525225,0,1.11157200893628
1,11.14,0,7.76643242980993,190.842969719647,44.803192966878,0,1.1094903471157
1,11.15,0,7.7519261057477,190.840905509394,44.8020380654392,0,1.10741801510681
1,11.16,0,7.73748479365018,190.838815420803,44.800877076743,0,1.10535497052145
1,11.17,0,7.72310819814673,190.836699572804,44.7997100291966,0,1.10330117116382
1,11.18,0,7.70879602520701,190.834558083784,44.7985369510784,0,1.10125657502957
1,11.19,0,7.69454798213476,190.832391071595,44.7973578705382,0,1.09922114030497
1,11.2,0,7.68036377756168,190.830198653554,44.7961728155981,0,1.09719482536595
1,11.21,0,7.66624312144136,190.827980946444,44.7949818141529,0,1.09517758877734
1,11.22,0,7.65218572504311,190.82573806652,44.7937848939706,0,1.09316938929187
1,11.23,0,7.63819130094606,190.823470129507,44.7925820826934,0,1.09117018584944
1,11.24,0,7.62425956312496,190.821177250569,44.7913734078288,0,1.08917993758928
1,11.25,0,7.6103902268582,190.818859544345,44.790158896759,0,1.08719860383689
1,11.26,0,7.59658300864356,190.816517124981,44.7889385767486,0,1.08522614409194
1,11.27,0,7.58283762626641,190.814150106106,44.7877124749386,0,1.08326251803806
1,11.28,0,7.5691537987938,190.811758600833,44.7864806183466,0,1.08130768554197
1,11.29,0,7.55553124656869,190.809342721761,44.7852430338672,0,1.07936160665267
1,11.3,0,7.54196969120407,190.806902580976,44.7839997482729,0,1.07742424160058
1,11.31,0,7.52846885557723,190.804438290056,44.7827507882144,0,1.07549555079675
1,11.32,0,7.51502846382396,190.801949960072,44.7814961802214,0,1.07357549483199
1,11.33,0,7.50164824133281,190.79943770159,44.780235950703,0,1.07166403447612
1,11.34,0,7.48832791473942,190.796901624673,44.778970125948,0,1.06976113067706
1,11.35,0,7.47506721192077,190.794341838885,44.7776987321261,0,1.06786674456011
1,11.36,0,7.46186586198955,190.791758453291,44.7764217952878,0,1.06598083742708
1,11.37,0,7.44872359528853,190.789151576463,44.7751393413654,0,1.0641033707555
1,11.38,0,7.4356401433849,190.786521316478,44.773851396173,0,1.06223430619784
1,11.39,0,7.42261523906469,190.783867780921,44.7725579854078,0,1.06037360558067
1,11.4,0,7.40964861632725,190.78119107689,44.77125913465,0,1.05852123090389
1,11.41,0,7.39674001037961,190.778491310996,44.7699548693636,0,1.05667714433994
1,11.42,0,7.38388915763102,190.775768589366,44.7686452148968,0,1.054841308233
1,11.43,0,7.37109579568744,190.773023017644,44.7673301964827,0,1.05301368509821
1,11.44,0,7.35835966334604,190.770254700995,44.7660098392398,0,1.05119423762086
1,11.45,0,7.34568050058974,190.767463744107,44.7646841681723,0,1.04938292865568
1,11.46,0,7.33305804858182,190.764650251191,44.763353208171,0,1.04757972122597
1,11.47,0,7.32049204966046,190.761814325985,44.7620169840136,0,1.04578457852292
1,11.48,0,7.30798224733334,190.758956071758,44.7606755203649,0,1.04399746390476
1,11.49,0,7.29552838627234,190.756075591307,44.7593288417781,0,1.04221834089605
1,11.5,0,7.28313021230811,190.753172986964,44.7579769726947,0,1.04044717318687
1,11.51,0,7.27078747242481,190.750248360597,44.756619937445,0,1.03868392463212
1,11.52,0,7.25849991475477,190.74730181361,44.755257760249,0,1.03692855925068
1,11.53,0,7.24626728857321,190.744333446948,44.7538904652167,0,1.03518104122474
1,11.54,0,7.234089344293,190.741343361095,44.7525180763485,0,1.033441334899
1,11.55,0,7.22196583345939,190.738331656084,44.7511406175359,0,1.03170940477991
1,11.56,0,7.20989650875013,190.735298431486,44.7497581125614,0,1.02998521553573
1,11.57,0,7.19788112406186,190.732243786385,44.7483705850899,0,1.02826873200884
1,11.58,0,7.1859194343604,190.729167819432,44.7469780586837,0,1.02655991919434
1,11.59,0,7.17401119569029,190.726070628845,44.745580556801,0,1.02485874224147
1,11.6,0,7.16215616520414,190.722952312394,44.7441781027937,0,1.02316516645773
1,11.61,0,7.15035410115761,190.719812967408,44.7427707199073,0,1.02147915730823
1,11.62,0,7.13860476290435,190.71665269077,44.7413584312819,0,1.01980068041491
1,11.63,0,7.12690791089103,190.713471578926,44.739941259952,0,1.01812970155586
1,11.64,0,7.11526330665234,190.71026972788,44.7385192288477,0,1.01646618666462
1,11.65,0,7.10367071280603,190.707047233205,44.7370923607948,0,1.01481010182943
1,11.66,0,7.09212989304796,190.703804190034,44.7356606785152,0,1.01316141329257
1,11.67,0,7.0806406121472,190.700540693072,44.7342242046278,0,1.0115200874496
1,11.68,0,7.06920263594112,190.697256836591,44.7327829616483,0,1.00988609084873
1,11.69,0,7.05781573133049,190.693952714438,44.7313369719904,0,1.00825939019007
1,11.7,0,7.04647966627465,190.690628420029,44.7298862579658,0,1.00663995232495
1,11.71,0,7.03519420978668,190.68728404636,44.7284308417846,0,1.00502774425524
1,11.72,0,7.02395913192855,190.683919686002,44.7269707455563,0,1.00342273313265
1,11.73,0,7.01277420380633,190.680535431106,44.7255059912897,0,1.00182488625805
1,11.74,0,7.00163919756543,190.677131373405,44.7240366008935,0,1.00023417108077
1,11.75,0,6.99055388638582,190.673707604214,44.722562596177,0,0.998650555197974
1,11.76,0,6.97951804447732,190.670264214435,44.7210839988504,0,0.997074006353902
1,11.77,0,6.96853144707484,190.666801294555,44.7196008305251,0,0.995504492439263
1,11.78,0,6.95759387043372,190.663318934652,44.7181131127144,0,0.993941981490532
1,11.79,0,6.94670509182503,190.659817224395,44.7166208668339,0,0.99238644168929
1,11.8,0,6.93586488953091,190.656296253043,44.7151241142017,0,0.990837841361558
1,11.81,0,6.92507304283991,190.652756109453,44.7136228760392,0,0.98929614897713
1,11.82,0,6.91432933204242,190.649196882076,44.7121171734714,0,0.987761333148917
1,11.83,0,6.90363353842599,190.645618658963,44.7106070275272,0,0.986233362632284
1,11.84,0,6.8929854442708,190.642021527764,44.7090924591402,0,0.9847122063244
1,11.85,0,6.88238483284509,190.638405575733,44.7075734891486,0,0.983197833263584
1,11.86,0,6.87183148840056,190.634770889725,44.7060501382962,0,0.981690212628652
1,11.87,0,6.8613251961679,190.631117556204,44.7045224272325,0,0.980189313738271
1,11.88,0,6.85086574235223,190.627445661239,44.7029903765133,0,0.978695106050319
1,11.89,0,6.84045291414601,190.623755290503,44.7014540065993,0,0.977207559163715
1,11.9,0,6.83008649979185,190.620046529243,44.69991333785,0,0.975726642827407
1,11.91,0,6.81976628842374,190.61631946235,44.6983683905391,0,0.974252326917677
1,11.92,0,6.80949207011982,190.612574174335,44.6968191848498,0,0.972784581445688
1,11.93,0,6.79926363591186,190.608810749322,44.6952657408733,0,0.971323376558836
1,11.94,0,6.78908077778085,190.605029271056,44.6937080786093,0,0.969868682540122
1,11.95,0,6.77894328865274,190.6012298229,44.692146217967,0,0.968420469807534
1,11.96,0,6.76885096239406,190.597412487837,44.6905801787646,0,0.966978708913437
1,11.97,0,6.7588035938077,190.593577348475,44.6890099807305,0,0.965543370543957
1,11.98,0,6.74880097862858,190.589724487046,44.6874356435033,0,0.964114425518368
1,11.99,0,6.73884291351944,190.585853985407,44.6858571866324,0,0.962691844788491
1,12,0,6.72892919606658,190.581965925045,44.6842746295781,0,0.961275599438083
1,12.01,0,6.71905962477566,190.578060387076,44.6826879917126,0,0.959865660682237
1,12.02,0,6.70923399906749,190.574137452247,44.6810972923197,0,0.958461999866785
1,12.03,0,6.69945211927385,190.570197200938,44.6795025505956,0,0.957064588467693
1,12.04,0,6.68971378663332,190.566239713165,44.6779037856494,0,0.955673398090475
1,12.05,0,6.68001880328716,190.562265068578,44.6763010165032,0,0.954288400469594
1,12.06,0,6.67036697227513,190.558273346469,44.6746942620926,0,0.952909567467876
1,12.07,0,6.66075809753143,190.554264625767,44.6730835412672,0,0.951536871075919
1,12.08,0,6.65119198388058,190.550238985042,44.671468872791,0,0.950170283411512
1,12.09,0,6.64166843703335,190.546196502509,44.6698502753426,0,0.94880977671905
1,12.1,0,6.63218726358267,190.542137256027,44.6682277675156,0,0.947455323368953
1,12.11,0,6.62274827099964,190.538061323101,44.6666013678194,0,0.946106895857091
1,12.12,0,6.61335126762944,190.533968780884,44.6649710946791,0,0.944764466804205
1,12.13,0,6.60399606268737,190.529859706179,44.663336966436,0,0.943428008955338
1,12.14,0,6.59468246625482,190.52573417544,44.6616990013482,0,0.94209749517926
1,12.15,0,6.58541028927531,190.521592264774,44.6600572175907,0,0.940772898467901
1,12.16,0,6.57617934355051,190.517434049942,44.6584116332562,0,0.939454191935787
1,12.17,0,6.56698944173631,190.513259606361,44.6567622663549,0,0.938141348819473
1,12.18,0,6.55784039733888,190.509069009105,44.6551091348153,0,0.936834342476983
1,12.19,0,6.54873202471075,190.50486233291,44.6534522564844,0,0.93553314638725
1,12.2,0,6.53966413904692,190.50063965217,44.6517916491282,0,0.93423773414956
1,12.21,0,6.53063655638095,190.496401040941,44.650127330432,0,0.932948079482993
1,12.22,0,6.52164909361305,190.492146572931,44.6484593179977,0,0.931664156230435
1,12.23,0,6.51270156852341,190.487876321494,44.6467876293424,0,0.930385938360487
1,12.24,0,6.5037937996569,190.483590359675,44.6451122819097,0,0.929113399950986
1,12.25,0,6.49492560637999,190.47928876019,44.643433293064,0,0.927846515197142
1,12.26,0,6.48609680887979,190.474971595421,44.6417506800912,0,0.926585258411398
1,12.27,0,6.47730722816026,190.470638937424,44.640064460198,0,0.925329604022895
1,12.28,0,6.46855668603855,190.466290857928,44.6383746505133,0,0.924079526576935
1,12.29,0,6.45984500514121,190.461927428334,44.6366812680879,0,0.922835000734459
1,12.3,0,6.4511720089006,190.457548719719,44.6349843298952,0,0.921596001271514
1,12.31,0,6.4425375215511,190.453154802838,44.6332838528311,0,0.920362503078729
1,12.32,0,6.43394136812555,190.448745748124,44.6315798537152,0,0.919134481160793
1,12.33,0,6.42538337445154,190.444321625689,44.6298723492901,0,0.917911910635934
1,12.34,0,6.4168633671478,190.439882505328,44.6281613562227,0,0.9166947667354
1,12.35,0,6.4083811736206,190.435428456517,44.6264468911038,0,0.915483024802942
1,12.36,0,6.39993662206011,190.430959548419,44.6247289704489,0,0.914276660294302
1,12.37,0,6.39152954143688,190.426475849879,44.6230076106985,0,0.913075648776697
1,12.38,0,6.38315976149819,190.421977429433,44.6212828282181,0,0.911879965928313
1,12.39,0,6.37482711276457,190.417464355304,44.6195546392991,0,0.910689587537795
1,12.4,0,6.3665314265262,190.412936695403,44.6178230601587,0,0.909504489503743
1,12.41,0,6.35827253483943,190.408394517337,44.6160881069403,0,0.908324647834205
1,12.42,0,6.35005027052325,190.403837888402,44.6143497957141,0,0.907150038646179
1,12.43,0,6.34186446715579,190.39926687559,44.612608142477,0,0.905980638165112
1,12.44,0,6.33371495907082,190.394681545589,44.6108631631535,0,0.904816422724403
1,12.45,0,6.32560158135435,190.390081964782,44.6091148735955,0,0.903657368764907
1,12.46,0,6.31752416984109,190.385468199253,44.607363289583,0,0.902503452834441
1,12.47,0,6.30948256111106,190.380840314785,44.6056084268241,0,0.901354651587294
1,12.48,0,6.30147659248617,190.376198376861,44.6038503009556,0,0.900210941783738
1,12.49,0,6.29350610202677,190.371542450669,44.6020889275434,0,0.899072300289539
1,12.5,0,6.28557092852829,190.366872601099,44.6003243220824,0,0.897938704075471
1,12.51,0,6.27767091151784,190.362188892748,44.5985564999974,0,0.896810130216834
1,12.52,0,6.26980589125081,190.357491389917,44.5967854766428,0,0.895686555892973
1,12.53,0,6.26197570870758,190.352780156619,44.5950112673035,0,0.894567958386797
1,12.54,0,6.25418020559011,190.348055256573,44.5932338871949,0,0.893454315084301
1,12.55,0,6.24641922436757,190.343316753191,44.5914533514585,0,0.892345603481081
1,12.56,0,6.23869260823035,190.338564709593,44.5896696751664,0,0.891241801175764
1,12.57,0,6.23100020103945,190.333799188631,44.5878828733261,0,0.890142885862779
1,12.58,0,6.22334184736525,190.329020252869,44.5860929608771,0,0.889048835337893
1,12.59,0,6.21571739248431,190.324227964588,44.5842999526909,0,0.887959627497758
1,12.6,0,6.20812668237612,190.319422385786,44.5825038635711,0,0.886875240339445
1,12.61,0,6.20056956371992,190.31460357818,44.5807047082542,0,0.885795651959989
1,12.62,0,6.19304588389151,190.309771603204,44.5789025014098,0,0.88472084055593
1,12.63,0,6.18555549096004,190.304926522015,44.5770972576404,0,0.883650784422862
1,12.64,0,6.17809823368488,190.300068395492,44.5752889914824,0,0.882585461954982
1,12.65,0,6.17067396151245,190.295197284237,44.5734777174061,0,0.881524851644636
1,12.66,0,6.16328252457309,190.290313248575,44.5716634498158,0,0.880468932081871
1,12.67,0,6.15592377367794,190.285416348558,44.5698462030504,0,0.879417681953992
1,12.68,0,6.14859756031581,190.280506643967,44.5680259913836,0,0.878371080045116
1,12.69,0,6.1413037366501,190.27558419431,44.5662028290243,0,0.877329105235728
1,12.7,0,6.13404215551568,190.270649058822,44.5643767301165,0,0.87629173650224
1,12.71,0,6.1268126704159,190.265701296473,44.5625477087402,0,0.875258952916557
1,12.72,0,6.11961513551942,190.260740965962,44.5607157789112,0,0.874230733645631
1,12.73,0,6.11244940565724,190.255768125724,44.5588809545816,0,0.873207057951034
1,12.74,0,6.10531533631965,190.250782833927,44.5570432496401,0,0.872187905188522
1,12.75,0,6.09821278365319,190.245785148473,44.5552026779123,0,0.871173254807599
1,12.76,0,6.09114160445765,190.240775127005,44.5533592531608,0,0.870163086351093
1,12.77,0,6.08410165618307,190.235752826901,44.5515129890859,0,0.869157379454725
1,12.78,0,6.07709279692677,190.230718305279,44.5496638993253,0,0.868156113846682
1,12.79,0,6.07011488543036,190.225671618998,44.5478119974549,0,0.867159269347194
1,12.8,0,6.06316778107677,190.22061282466,44.5459572969888,0,0.866166825868111
1,12.81,0,6.05625134388734,190.215541978607,44.5440998113799,0,0.865178763412477
1,12.82,0,6.04936543451884,190.210459136927,44.5422395540197,0,0.864195062074119
1,12.83,0,6.04250991426055,190.205364355454,44.540376538239,0,0.863215702037222
1,12.84,0,6.03568464503139,190.200257689767,44.5385107773079,0,0.862240663575913
1,12.85,0,6.02888948937697,190.195139195192,44.5366422844363,0,0.861269927053853
1,12.86,0,6.02212431046671,190.190008926808,44.534771072774,0,0.860303472923816
1,12.87,0,6.01538897209423,190.184866939437,44.5328971554109,0,0.859341281727747
1,12.88,0,6.00868333873788,190.179713287628,44.5310205453708,0,0.858383334105411
1,12.89,0,6.00200727545899,190.174548025697,44.5291412556215,0,0.857429610779856
1,12.9,0,5.99536064790684,190.16937120772,44.5272592990742,0,0.85648009255812
1,12.91,0,5.9887433223411,190.164182887528,44.5253746885816,0,0.855534760334443
1,12.92,0,5.98215516562905,190.15898311871,44.5234874369375,0,0.854593595089865
1,12.93,0,5.97559604524281,190.153771954607,44.5215975568779,0,0.853656577891831
1,12.94,0,5.96906582925656,190.148549448323,44.5197050610808,0,0.852723689893795
1,12.95,0,5.96256438634379,190.143315652715,44.5178099621665,0,0.851794912334827
1,12.96,0,5.95609158577455,190.138070620405,44.5159122726977,0,0.850870226539221
1,12.97,0,5.94964729741275,190.132814403772,44.5140120051804,0,0.849949613916107
1,12.98,0,5.9432313917134,190.127547054958,44.5121091720633,0,0.849033055959057
1,12.99,0,5.93684373971993,190.12226862587,44.5102037857387,0,0.848120534245704
1,13,0,5.93048421306147,190.116979168176,44.5082958585426,0,0.847212030437352
1,13.01,0,5.92415268395017,190.111678733313,44.5063854027548,0,0.846307526278596
1,13.02,0,5.91784902517855,190.10636737248,44.5044724305993,0,0.845407003596936
1,13.03,0,5.9115731101168,190.101045136648,44.5025569542444,0,0.8445104443024
1,13.04,0,5.90532481271013,190.095712076552,44.5006389858034,0,0.843617830387161
1,13.05,0,5.89910400747613,190.0903682427,44.4987185373341,0,0.842729143925162
1,13.06,0,5.89291056950217,190.085013685368,44.4967956208399,0,0.841844367071739
1,13.07,0,5.88674437444273,190.079648454607,44.4948702482693,0,0.840963482063248
1,13.08,0,5.8806052985168,190.074272600236,44.4929424315167,0,0.840086471216686
1,13.09,0,5.8744932185053,190.068886171853,44.4910121824224,0,0.839213316929329
1,13.1,0,5.86840801174847,190.063489218826,44.4890795127729,0,0.838344001678352
1,13.11,0,5.86234955614327,190.058081790302,44.4871444343009,0,0.837478508020467
1,13.12,0,5.85631773014086,190.052663935204,44.4852069586862,0,0.836616818591552
1,13.13,0,5.85031241274401,190.047235702233,44.4832670975552,0,0.835758916106287
1,13.14,0,5.84433348350452,190.041797139868,44.4813248624816,0,0.834904783357788
1,13.15,0,5.83838082252073,190.036348296369,44.4793802649865,0,0.834054403217247
1,13.16,0,5.83245431043495,190.030889219776,44.4774333165388,0,0.833207758633564
1,13.17,0,5.82655382843098,190.025419957913,44.475484028555,0,0.832364832632996
1,13.18,0,5.82067925823153,190.019940558384,44.4735324124001,0,0.83152560831879
1,13.19,0,5.81483048209579,190.01445106858,44.4715784793872,0,0.830690068870828
1,13.2,0,5.8090073828169,190.008951535675,44.4696222407782,0,0.829858197545271
1,13.21,0,5.80320984371946,190.00344200663,44.4676637077839,0,0.829029977674208
1,13.22,0,5.79743774865706,189.997922528193,44.465702891564,0,0.828205392665294
1,13.23,0,5.79169098200984,189.992393146899,44.4637398032278,0,0.827384426001406
1,13.24,0,5.78596942869897,189.986853909066,44.4617744538324,0,0.82656706124271
1,13.25,0,5.78027297427968,189.981304860756,44.4598068543738,0,0.825753282039954
1,13.26,0,5.77460150474132,189.975746047857,44.4578370158062,0,0.824943072105903
1,13.27,0,5.76895490656829,189.970177516057,44.4558649490366,0,0.824136415224041
1,13.28,0,5.76333306676074,189.964599310837,44.4538906649218,0,0.823333295251535
1,13.29,0,5.75773587283232,189.959011477471,44.4519141742697,0,0.822533696118903
1,13.3,0,5.75216321280776,189.953414061027,44.4499354878388,0,0.82173760182968
1,13.31,0,5.74661497522056,189.947807106369,44.4479546163387,0,0.82094499646008
1,13.32,0,5.7410910491107,189.942190658156,44.4459715704301,0,0.820155864158671
1,13.33,0,5.73559132402227,189.936564760845,44.4439863607256,0,0.819370189146039
1,13.34,0,5.73011569000121,189.930929458689,44.4419989977891,0,0.818587955714458
1,13.35,0,5.72466403759298,189.925284795743,44.4400094921368,0,0.817809148227569
1,13.36,0,5.71923625784031,189.91963081586,44.4380178542367,0,0.817033751120045
1,13.37,0,5.71383224228091,189.913967562692,44.4360240945095,0,0.816261748897272
1,13.38,0,5.70845188294517,189.908295079697,44.4340282233283,0,0.815493126135024
1,13.39,0,5.70309507235397,189.90261341013,44.4320302510191,0,0.814727867479138
1,13.4,0,5.69776170351637,189.896922597055,44.4300301878609,0,0.813965957645196
1,13.41,0,5.69245166992742,189.891222683337,44.4280280440861,0,0.813207381418203
1,13.42,0,5.68716486556589,189.885513711647,44.4260238298802,0,0.81245212365227
1,13.43,0,5.68190118489207,189.879795724462,44.4240175553828,0,0.811700169270296
1,13.44,0,5.67666052284557,189.874068764066,44.4220092306871,0,0.810951503263653
1,13.45,0,5.67144277484309,189.868332872551,44.4199988658405,0,0.81020611069187
1,13.46,0,5.66624783677626,189.862588091818,44.4179864708447,0,0.809463976682322
1,13.47,0,5.66107560500941,189.856834463578,44.415972055656,0,0.808725086429915
1,13.48,0,5.65592597637744,189.851072029352,44.4139556301853,0,0.807989425196778
1,13.49,0,5.65079884818365,189.845300830471,44.4119372042985,0,0.807256978311949
1,13.5,0,5.64569411819752,189.839520908082,44.4099167878167,0,0.806527731171074
1,13.51,0,5.64061168465265,189.833732303142,44.4078943905163,0,0.805801669236092
1,13.52,0,5.63555144624455,189.827935056423,44.4058700221292,0,0.805078778034935
1,13.53,0,5.63051330212854,189.822129208511,44.4038436923432,0,0.804359043161219
1,13.54,0,5.62549715191761,189.81631479981,44.401815410802,0,0.803642450273944
1,13.55,0,5.62050289568033,189.810491870539,44.3997851871054,0,0.80292898509719
1,13.56,0,5.61553043393869,189.804660460733,44.3977530308097,0,0.802218633419813
1,13.57,0,5.61057966766607,189.798820610249,44.3957189514278,0,0.801511381095152
1,13.58,0,5.60565049828507,189.79297235876,44.3936829584293,0,0.800807214040724
1,13.59,0,5.60074282766549,189.78711574576,44.3916450612408,0,0.800106118237927
1,13.6,0,5.59585655812223,189.781250810564,44.389605269246,0,0.799408079731747
1,13.61,0,5.59099159243615,189.775377592299,44.387563591784,0,0.798713084633736
1,13.62,0,5.58614783389091,189.76949612989,44.3855200381451,0,0.798021119127273
1,13.63,0,5.5813251861447,189.76360646211,44.383474617584,0,0.797332169449243
1,13.64,0,5.57652355328724,189.75770862756,44.3814273393138,0,0.796646221898177
1,13.65,0,5.57174283984404,189.751802664664,44.3793782125054,0,0.795963262834863
1,13.66,0,5.56698295077444,189.745888611673,44.3773272462884,0,0.795283278682063
1,13.67,0,5.56224379146962,189.739966506662,44.3752744497504,0,0.794606255924232
1,13.68,0,5.55752526775061,189.734036387536,44.3732198319381,0,0.79393218110723
1,13.69,0,5.55282728586632,189.728098292024,44.3711634018568,0,0.793261040838045
1,13.7,0,5.54814975249161,189.722152257687,44.3691051684707,0,0.792592821784515
1,13.71,0,5.54349257472532,189.716198321913,44.3670451407034,0,0.791927510675046
1,13.72,0,5.53885566008834,189.71023652192,44.364983327438,0,0.791265094298334
1,13.73,0,5.53423891652164,189.704266894759,44.3629197375168,0,0.790605559503092
1,13.74,0,5.52964225238441,189.698289477311,44.3608543797424,0,0.789948893197773
1,13.75,0,5.52506557645207,189.69230430629,44.3587872628769,0,0.789295082350296
1,13.76,0,5.52050879791441,189.686311418241,44.3567183956427,0,0.788644113987772
1,13.77,0,5.51597182637365,189.680310849548,44.3546477867226,0,0.787995975196236
1,13.78,0,5.5114545718426,189.674302636424,44.3525754447598,0,0.787350653120371
1,13.79,0,5.5069569447427,189.66828681492,44.3505013783582,0,0.786708134963242
1,13.8,0,5.50247885590219,189.662263420926,44.3484255960827,0,0.786068407986027
1,13.81,0,5.49802021655424,189.656232490163,44.3463481064591,0,0.785431459507748
1,13.82,0,5.49358093833504,189.650194058195,44.3442689179744,0,0.784797276905005
1,13.83,0,5.48916093328199,189.644148160422,44.3421880390772,0,0.784165847611713
1,13.84,0,5.48476011383184,189.638094832083,44.3401054781775,0,0.783537159118835
1,13.85,0,5.48037839281882,189.632034108259,44.3380212436471,0,0.782911198974118
1,13.86,0,5.47601568347284,189.625966023869,44.3359353438197,0,0.782287954781834
1,13.87,0,5.47167189941763,189.619890613676,44.3338477869914,0,0.781667414202518
1,13.88,0,5.46734695466893,189.613807912284,44.3317585814201,0,0.781049564952705
1,13.89,0,5.46304076363271,189.607717954138,44.3296677353267,0,0.780434394804673
1,13.9,0,5.4587532411033,189.601620773531,44.3275752568942,0,0.779821891586186
1,13.91,0,5.45448430226163,189.595516404596,44.3254811542689,0,0.779212043180234
1,13.92,0,5.45023386267344,189.589404881315,44.3233854355598,0,0.778604837524777
1,13.93,0,5.44600183828746,189.583286237512,44.321288108839,0,0.778000262612495
1,13.94,0,5.44178814543367,189.577160506859,44.3191891821422,0,0.777398306490524
1,13.95,0,5.43759270082149,189.571027722878,44.3170886634684,0,0.776798957260213
1,13.96,0,5.43341542153805,189.564887918934,44.3149865607803,0,0.776202203076865
1,13.97,0,5.4292562250464,189.558741128245,44.3128828820044,0,0.775608032149486
1,13.98,0,5.42511502922391,189.552587383859,44.3107776350275,0,0.775016432746273
1,13.99,0,5.42099175235861,189.546426718661,44.3086708276967,0,0.774427393194087
1,14,0,5.41688631304674,189.540259165409,44.3065624678295,0,0.77384090186382
1,14.01,0,5.41279863025324,189.534084756717,44.3044525632079,0,0.773256947179035
1,14.02,0,5.40872862331126,189.527903525046,44.3023411215787,0,0.772675517615894
1,14.03,0,5.40467621192048,189.521715502713,44.3002281506533,0,0.772096601702926
1,14.04,0,5.40064131614551,189.515520721887,44.2981136581078,0,0.771520188020788
1,14.05,0,5.39662385641413,189.509319214589,44.2959976515838,0,0.770946265202018
1,14.06,0,5.39262375351566,189.503111012698,44.2938801386876,0,0.770374821930809
1,14.07,0,5.38864092859934,189.496896147944,44.2917611269914,0,0.769805846942763
1,14.08,0,5.38467530317265,189.490674651917,44.2896406240325,0,0.769239329024664
1,14.09,0,5.38072679909965,189.48444655606,44.2875186373142,0,0.768675257014236
1,14.1,0,5.37679533859941,189.478211891676,44.2853951743056,0,0.768113619799916
1,14.11,0,5.37288084424432,189.471970689922,44.2832702424415,0,0.767554406320617
1,14.12,0,5.36898323895851,189.465722981816,44.2811438491234,0,0.766997605565501
1,14.13,0,5.3651024460162,189.459468798236,44.2790160017187,0,0.766443206573743
1,14.14,0,5.36123838904015,189.453208169918,44.2768867075614,0,0.765891198434307
1,14.15,0,5.35739099199999,189.446941127458,44.2747559739522,0,0.765341570285713
1,14.16,0,5.35356017921069,189.440667701313,44.2726238081585,0,0.764794311315813
1,14.17,0,5.34974587533092,189.434387921804,44.2704902174147,0,0.76424941076156
1,14.18,0,5.34594800536152,189.428101819112,44.2683552089222,0,0.763706857908788
1,14.19,0,5.34216649464387,189.421809423281,44.2662187898497,0,0.763166642091981
1,14.2,0,5.33840126885836,189.415510764219,44.2640809673334,0,0.762628752694052
1,14.21,0,5.33465225402284,189.409205871698,44.2619417484767,0,0.76209317914612
1,14.22,0,5.33091937649101,189.402894775356,44.2598011403511,0,0.761559910927287
1,14.23,0,5.32720256295092,189.396577504694,44.2576591499956,0,0.761028937564417
1,14.24,0,5.32350174042341,189.39025408908,44.2555157844175,0,0.760500248631915
1,14.25,0,5.31981683626056,189.383924557751,44.2533710505921,0,0.759973833751508
1,14.26,0,5.31614777814418,189.377588939808,44.2512249554627,0,0.759449682592026
1,14.27,0,5.31249449408428,189.371247264221,44.2490775059416,0,0.758927784869183
1,14.28,0,5.30885691241752,189.364899559828,44.2469287089092,0,0.75840813034536
1,14.29,0,5.30523496180576,189.358545855338,44.2447785712148,0,0.757890708829394
1,14.3,0,5.30162857123447,189.352186179328,44.2426270996766,0,0.757375510176353
1,14.31,0,5.29803767001131,189.345820560246,44.2404743010817,0,0.756862524287329
1,14.32,0,5.29446218776455,189.33944902641,44.2383201821865,0,0.756351741109222
1,14.33,0,5.29090205444168,189.333071606011,44.2361647497167,0,0.755843150634525
1,14.34,0,5.28735720030788,189.32668832711,44.2340080103672,0,0.755336742901126
1,14.35,0,5.28382755599298,189.320299217623,44.231849970798,0,0.754832507998998
1,14.36,0,5.28031305244187,189.313904305339,44.2296906376388,0,0.754330436063124
1,14.37,0,5.27681362087564,189.307503617935,44.2275300174927,0,0.753830517267949
1,14.38,0,5.27332919282796,189.301097182962,44.2253681169328,0,0.753332741832566
1,14.39,0,5.26985970014365,189.294685027847,44.2232049425021,0,0.752837100020521
1,14.4,0,5.2664050749772,189.288267179892,44.221040500714,0,0.752343582139601
1,14.41,0,5.26296524979147,189.281843666274,44.2188747980522,0,0.751852178541638
1,14.42,0,5.25954015735616,189.275414514047,44.2167078409707,0,0.751362879622308
1,14.43,0,5.25612973074648,189.268979750142,44.2145396358944,0,0.750875675820925
1,14.44,0,5.25273390334173,189.262539401367,44.2123701892187,0,0.750390557620248
1,14.45,0,5.24935260882393,189.25609349441,44.2101995073101,0,0.749907515546276
1,14.46,0,5.2459857811764,189.249642055836,44.2080275965059,0,0.749426540168057
1,14.47,0,5.24263335468239,189.243185112089,44.2058544631148,0,0.748947622097484
1,14.48,0,5.23929526392373,189.236722689494,44.2036801134164,0,0.748470751989104
1,14.49,0,5.23597144377942,189.230254814255,44.2015045536622,0,0.747995920539918
1,14.5,0,5.23266182942433,189.223781512459,44.1993277900749,0,0.74752311848919
1,14.51,0,5.22936635632777,189.217302810073,44.197149828849,0,0.747052336618253
1,14.52,0,5.22608496025218,189.210818732945,44.1949706761506,0,0.746583565750312
1,14.53,0,5.22281757725179,189.204329306809,44.1927903381182,0,0.746116796750255
1,14.54,0,5.21956414367124,189.197834557277,44.1906088208618,0,0.745652020524462
1,14.55,0,5.21632459614429,189.19133450985,44.188426130464,0,0.745189228020613
1,14.56,0,5.21309887159246,189.184829189909,44.1862422729796,0,0.744728410227495
1,14.57,0,5.20988690722373,189.178318622722,44.1840572544358,0,0.744269558174819
1,14.58,0,5.20668864053119,189.171802833441,44.1818710808324,0,0.743812662933027
1,14.59,0,5.20350400929174,189.165281847105,44.1796837581419,0,0.743357715613105
1,14.6,0,5.20033295156478,189.158755688637,44.1774952923097,0,0.742904707366398
1,14.61,0,5.19717540569093,189.15222438285,44.1753056892539,0,0.742453629384419
1,14.62,0,5.1940313102907,189.145687954443,44.1731149548661,0,0.742004472898671
1,14.63,0,5.19090060426318,189.139146428,44.1709230950107,0,0.741557229180454
1,14.64,0,5.18778322678482,189.132599827998,44.1687301155256,0,0.741111889540688
1,14.65,0,5.18467911730807,189.1260481788,44.1665360222222,0,0.740668445329724
1,14.66,0,5.18158821556015,189.11949150466,44.1643408208853,0,0.740226887937165
1,14.67,0,5.17851046154177,189.11292982972,44.1621445172737,0,0.739787208791681
1,14.68,0,5.17544579552583,189.106363178013,44.1599471171196,0,0.739349399360833
1,14.69,0,5.1723941580562,189.099791573465,44.1577486261295,0,0.738913451150885
1,14.7,0,5.16935548994642,189.09321503989,44.1555490499837,0,0.738479355706631
1,14.71,0,5.16632973228043,189.086633600997,44.1533483943368,0,0.73804710461149
1,14.72,0,5.16331682645638,189.080047280365,44.1511466648128,0,0.737616689493769
1,14.73,0,5.16031671411734,189.073456101476,44.1489438670123,0,0.737188102016763
1,14.74,0,5.15732933715257,189.066860087713,44.1467400065124,0,0.736761333878938
1,14.75,0,5.1543546377154,189.060259262352,44.1445350888645,0,0.736336376816485
1,14.76,0,5.15139255822205,189.053653648565,44.1423291195949,0,0.73591322260315
1,14.77,0,5.14844304135041,189.047043269415,44.1401221042046,0,0.735491863050059
1,14.78,0,5.14550603003885,189.040428147865,44.1379140481699,0,0.735072290005549
1,14.79,0,5.142581467485,189.033808306769,44.1357049569416,0,0.734654495355
1,14.8,0,5.13966929714462,189.027183768881,44.1334948359461,0,0.73423847102066
1,14.81,0,5.13676946273036,189.020554556848,44.1312836905849,0,0.733824208961481
1,14.82,0,5.13388190821064,189.013920693217,44.1290715262351,0,0.733411701172948
1,14.83,0,5.1310065778084,189.007282200431,44.126858348249,0,0.733000939686914
1,14.84,0,5.12814341600002,189.000639100831,44.1246441619548,0,0.732591916571431
1,14.85,0,5.1252923675141,188.993991416657,44.1224289726563,0,0.732184623930586
1,14.86,0,5.12245337733033,188.987339170047,44.1202127856331,0,0.731779053904333
1,14.87,0,5.11962639067832,188.980682383041,44.117995606141,0,0.731375198668331
1,14.88,0,5.11681135303645,188.974021077575,44.1157774394117,0,0.730973050433778
1,14.89,0,5.11400821013074,188.967355275488,44.113558290653,0,0.730572601447249
1,14.9,0,5.11121690793373,188.960684998519,44.1113381650491,0,0.730173843990533
1,14.91,0,5.10843739266328,188.954010268308,44.1091170677606,0,0.729776770380469
1,14.92,0,5.10566961078151,188.947331106398,44.1068950039247,0,0.729381372968787
1,14.93,0,5.10291350899364,188.940647534231,44.104671978655,0,0.728987644141949
1,14.94,0,5.10016903424687,188.933959573156,44.102447997042,0,0.728595576320981
1,14.95,0,5.09743613372926,188.927267244422,44.1002230641529,0,0.728205161961323
1,14.96,0,5.09471475486866,188.920570569181,44.0979971850319,0,0.727816393552666
1,14.97,0,5.09200484533153,188.913869568491,44.0957703647004,0,0.72742926361879
1,14.98,0,5.08930635302189,188.907164263314,44.0935426081566,0,0.727043764717413
1,14.99,0,5.08661922608022,188.900454674515,44.0913139203764,0,0.726659889440031
1,15,0,5.08394341288232,188.893740822867,44.0890843063126,0,0.72627763041176
1,15.01,0,5.08127886203827,188.887022729046,44.0868537708958,0,0.725896980291182
1,15.02,0,5.07862552239134,188.880300413637,44.0846223190341,0,0.725517931770191
1,15.03,0,5.07598334301685,188.873573897128,44.0823899556132,0,0.725140477573836
1,15.04,0,5.07335227322116,188.866843199918,44.0801566854967,0,0.724764610460166
1,15.05,0,5.07073226254058,188.86010834231,44.0779225135258,0,0.724390323220082
1,15.06,0,5.06812326074024,188.853369344517,44.0756874445201,0,0.724017608677178
1,15.07,0,5.06552521781313,188.846626226659,44.073451483277,0,0.723646459687591
1,15.08,0,5.06293808398524,188.839879008763,44.0712146345716,0,0.723276869140748
1,15.09,0,5.06036180975464,188.833127710747,44.0689769031527,0,0.722908829964949
1,15.1,0,5.05779634581029,188.82637235245,44.0667382937509,0,0.722542335115756
1,15.11,0,5.05524164305502,188.819612953628,44.0644988110762,0,0.722177377579288
1,15.12,0,5.05269765261478,188.812849533944,44.062258459817,0,0.72181395037354
1,15.13,0,5.05016432583766,188.806082112974,44.0600172446405,0,0.721452046548237
1,15.14,0,5.04764161429282,188.799310710203,44.0577751701926,0,0.721091659184689
1,15.15,0,5.04512946976953,188.79253534503,44.055532241098,0,0.720732781395647
1,15.16,0,5.04262784427611,188.785756036764,44.0532884619603,0,0.720375406325159
1,15.17,0,5.04013669003899,188.778972804625,44.0510438373622,0,0.720019527148428
1,15.18,0,5.03765595950167,188.772185667749,44.0487983718654,0,0.719665137071668
1,15.19,0,5.03518560532374,188.765394645182,44.0465520700109,0,0.719312229331962
1,15.2,0,5.03272558037986,188.758599755885,44.0443049363191,0,0.718960797197123
1,15.21,0,5.03027583775885,188.751801018732,44.0420569752897,0,0.71861083396555
1,15.22,0,5.02783633076262,188.744998452513,44.0398081914018,0,0.718262332966089
1,15.23,0,5.02540701290527,188.738192075929,44.0375585891143,0,0.717915287557895
1,15.24,0,5.02298783791204,188.7313819076,44.0353081728657,0,0.717569691130291
1,15.25,0,5.02057875971841,188.724567966058,44.0330569470742,0,0.71722553710263
1,15.26,0,5.0181797324691,188.717750269753,44.030804916138,0,0.716882818924158
1,15.27,0,5.01579071051712,188.710928837051,44.0285520844352,0,0.716541530073874
1,15.28,0,5.01341164842279,188.704103686234,44.026298456324,0,0.716201664060398
1,15.29,0,5.01104250095281,188.6972748355,44.0240440361428,0,0.715863214421829
1,15.3,0,5.00868322307931,188.690442302966,44.02178882821,0,0.715526174725615
1,15.31,0,5.00633376997889,188.683606106666,44.0195328368245,0,0.715190538568413
1,15.32,0,5.00399409703169,188.676766264551,44.0172760662658,0,0.714856299575956
1,15.33,0,5.00166415982045,188.669922794493,44.0150185207936,0,0.714523451402922
1,15.34,0,4.99934391412957,188.66307571428,44.0127602046484,0,0.714191987732795
1,15.35,0,4.99703331594415,188.656225041621,44.0105011220513,0,0.713861902277736
1,15.36,0,4.99473232144915,188.649370794144,44.0082412772043,0,0.71353318877845
1,15.37,0,4.99244088702836,188.642512989397,44.00598067429,0,0.713205841004051
1,15.38,0,4.99015896926355,188.635651644848,44.0037193174724,0,0.712879852751936
1,15.39,0,4.98788652493353,188.628786777887,44.0014572108961,0,0.712555217847647
1,15.4,0,4.98562351101323,188.621918405822,43.9991943586871,0,0.712231930144748
1,15.41,0,4.98336988467282,188.615046545887,43.9969307649526,0,0.711909983524689
1,15.42,0,4.98112560327676,188.608171215234,43.994666433781,0,0.71158937189668
1,15.43,0,4.97889062438293,188.601292430938,43.9924013692422,0,0.711270089197561
1,15.44,0,4.97666490574172,188.594410209997,43.9901355753875,0,0.710952129391674
1,15.45,0,4.97444840530519,188.587524569328,43.9878690562489,0,0.71063548647217
1,15.46,0,4.97224108124616,188.580635525759,43.9856018158372,0,0.710320154463737
1,15.47,0,4.97004289189714,188.573743096054,43.9833338581476,0,0.710006127413877
1,15.48,0,4.9678537957767,188.5668472969,43.9810651871576,0,0.709693399396672
1,15.49,0,4.96567375159193,188.559948144911,43.9787958068265,0,0.709381964513133
1,15.5,0,4.96350271823756,188.553045656625,43.9765257210957,0,0.709071816891081
1,15.51,0,4.96134065479515,188.546139848502,43.9742549338885,0,0.708762950685021
1,15.52,0,4.95918752053218,188.53923073693,43.9719834491102,0,0.708455360076025
1,15.53,0,4.95704327490124,188.532318338223,43.9697112706486,0,0.708149039271605
1,15.54,0,4.95490787753916,188.525402668617,43.9674384023735,0,0.707843982505595
1,15.55,0,4.95278128826621,188.518483744279,43.9651648481371,0,0.707540184038029
1,15.56,0,4.95066346708517,188.5115615813,43.9628906117743,0,0.707237638155025
1,15.57,0,4.9485543741806,188.504636195696,43.9606156971022,0,0.706936339168657
1,15.58,0,4.94645396991793,188.497707603414,43.9583401079206,0,0.706636281416847
1,15.59,0,4.94436221484266,188.490775820327,43.9560638480121,0,0.706337459263237
1,15.6,0,4.94227906967953,188.483840862234,43.953786921142,0,0.706039867097076
1,15.61,0,4.94020449533171,188.476902744866,43.9515093310583,0,0.705743499333102
1,15.62,0,4.93813845287996,188.469961483878,43.9492310814921,0,0.705448350411422
1,15.63,0,4.9360809035818,188.463017094857,43.9469521761574,0,0.7051544147974
1,15.64,0,4.93403180887076,188.456069593319,43.9446726187513,0,0.704861686981537
1,15.65,0,4.93199113035549,188.449118994708,43.9423924129541,0,0.704570161479356
1,15.66,0,4.92995882981902,188.442165314399,43.9401115624293,0,0.704279832831289
1,15.67,0,4.92793486921792,188.435208567696,43.9378300708236,0,0.70399069560256
1,15.68,0,4.92591921068149,188.428248769835,43.9355479417673,0,0.703702744383071
1,15.69,0,4.92391181651102,188.421285935982,43.933265178874,0,0.703415973787289
1,15.7,0,4.92191264917893,188.414320081233,43.9309817857408,0,0.703130378454134
1,15.71,0,4.91992167132802,188.407351220618,43.9286977659486,0,0.70284595304686
1,15.72,0,4.91793884577066,188.400379369097,43.9264131230618,0,0.702562692252951
1,15.73,0,4.91596413548802,188.393404541561,43.9241278606287,0,0.702280590784003
1,15.74,0,4.91399750362929,188.386426752836,43.9218419821814,0,0.701999643375612
1,15.75,0,4.91203891351088,188.379446017679,43.9195554912359,0,0.701719844787269
1,15.76,0,4.91008832861569,188.372462350781,43.9172683912922,0,0.701441189802242
1,15.77,0,4.90814571259228,188.365475766764,43.9149806858344,0,0.701163673227469
1,15.78,0,4.90621102925414,188.358486280186,43.9126923783306,0,0.700887289893448
1,15.79,0,4.9042842425789,188.351493905539,43.9104034722333,0,0.700612034654128
1,15.8,0,4.9023653167076,188.344498657248,43.9081139709791,0,0.700337902386799
1,15.81,0,4.90045421594388,188.337500549672,43.9058238779892,0,0.700064887991983
1,15.82,0,4.89855090477284,188.3304995971,43.9035331966671,0,0.69979298639612
1,15.83,0,4.89665534786163,188.323495813743,43.9012419303989,0,0.699522192551662
1,15.84,0,4.8947675100046,188.316489213766,43.8989500825584,0,0.699252501429229
1,15.85,0,4.89288735615524,188.309479811265,43.8966576565043,0,0.698983908022178
1,15.86,0,4.89101485142629,188.302467620276,43.8943646555798,0,0.698716407346613
1,15.87,0,4.88914996108901,188.295452654769,43.8920710831128,0,0.698449994441287
1,15.88,0,4.88729265057245,188.288434928651,43.8897769424162,0,0.698184664367492
1,15.89,0,4.88544288546273,188.281414455765,43.8874822367877,0,0.697920412208961
1,15.9,0,4.88360063150233,188.274391249893,43.8851869695099,0,0.697657233071761
1,15.91,0,4.88176585458934,188.267365324753,43.8828911438506,0,0.697395122084191
1,15.92,0,4.87993852077677,188.260336693999,43.8805947630626,0,0.697134074396681
1,15.93,0,4.87811859627182,188.253305371227,43.8782978303838,0,0.696874085181688
1,15.94,0,4.87630604743518,188.246271369968,43.8760003490375,0,0.696615149633597
1,15.95,0,4.87450084078033,188.239234703692,43.8737023222321,0,0.696357262968618
1,15.96,0,4.8727029429728,188.232195385809,43.8714037531617,0,0.696100420424686
1,15.97,0,4.87091232082952,188.225153429667,43.8691046450054,0,0.69584461726136
1,15.98,0,4.86912894131806,188.218108848553,43.8668050009282,0,0.695589848759723
1,15.99,0,4.867352771556,188.211061655696,43.8645048240805,0,0.695336110222286
1,16,0,4.86558377881017,188.204011864261,43.8622041175983,0,0.695083396972881
1,16.01,0,4.86382193049601,188.196959487357,43.8599028846034,0,0.694831704356572
1,16.02,0,4.86206719417684,188.189904538032,43.8576011282033,0,0.694581027739549
1,16.03,0,4.86031953756322,188.182847029273,43.8552988514916,0,0.694331362509032
1,16.04,0,4.85857892851222,188.175786974011,43.8529960575473,0,0.694082704073175
1,16.05,0,4.85684533502677,188.168724385116,43.8506927494359,0,0.693835047860967
1,16.06,0,4.85511872525495,188.161659275401,43.8483889302086,0,0.693588389322136
1,16.07,0,4.85339906748937,188.154591657621,43.8460846029028,0,0.693342723927052
1,16.08,0,4.85168633016642,188.147521544471,43.8437797705422,0,0.693098047166632
1,16.09,0,4.84998048186568,188.14044894859,43.8414744361364,0,0.69285435455224
1,16.1,0,4.84828149130917,188.133373882561,43.8391686026817,0,0.692611641615596
1,16.11,0,4.84658932736076,188.126296358906,43.8368622731605,0,0.69236990390868
1,16.12,0,4.84490395902545,188.119216390095,43.8345554505417,0,0.692129137003635
1,16.13,0,4.84322535544873,188.112133988537,43.8322481377806,0,0.691889336492675
1,16.14,0,4.84155348591592,188.105049166587,43.8299403378192,0,0.691650497987989
1,16.15,0,4.83988831985154,188.097961936545,43.8276320535862,0,0.691412617121648
1,16.16,0,4.83822982681858,188.090872310652,43.8253232879965,0,0.691175689545511
1,16.17,0,4.83657797651793,188.083780301098,43.8230140439524,0,0.690939710931133
1,16.18,0,4.83493273878769,188.076685920012,43.8207043243424,0,0.69070467696967
1,16.19,0,4.83329408360254,188.069589179474,43.8183941320423,0,0.690470583371791
1,16.2,0,4.83166198107304,188.062490091505,43.8160834699147,0,0.690237425867578
1,16.21,0,4.83003640144509,188.055388668074,43.813772340809,0,0.690005200206442
1,16.22,0,4.82841731509919,188.048284921094,43.8114607475619,0,0.689773902157027
1,16.23,0,4.82680469254984,188.041178862425,43.809148692997,0,0.68954352750712
1,16.24,0,4.82519850445997,188.034070503868,43.8068361799239,0,0.68931407206571
1,16.25,0,4.8235987216932,188.026959857142,43.8045232111327,0,0.689085531670457
1,16.26,0,4.82200531518492,188.019846933937,43.8022097894066,0,0.688857902169275
1,16.27,0,4.82041825599178,188.012731745895,43.7998959175171,0,0.688631179427397
1,16.28,0,4.81883751530195,188.005614304605,43.7975815982232,0,0.68840535932885
1,16.29,0,4.81726306443457,187.998494621602,43.7952668342713,0,0.688180437776367
1,16.3,0,4.8156948748391,187.991372708371,43.792951628395,0,0.687956410691299
1,16.31,0,4.81413291809475,187.984248576343,43.7906359833158,0,0.687733274013536
1,16.32,0,4.8125771659099,187.977122236896,43.7883199017425,0,0.687511023701414
1,16.33,0,4.81102759012147,187.96999370136,43.7860033863717,0,0.687289655731638
1,16.34,0,4.80948416269434,187.962862981009,43.7836864398876,0,0.687069166099192
1,16.35,0,4.80794685572081,187.955730087069,43.7813690649621,0,0.686849550817259
1,16.36,0,4.80641564141994,187.948595030714,43.7790512642551,0,0.686630805917134
1,16.37,0,4.80489049213702,187.941457823066,43.7767330404141,0,0.686412927448146
1,16.38,0,4.80337138034298,187.934318475197,43.7744143960748,0,0.686195911477568
1,16.39,0,4.80185827863379,187.927176998131,43.7720953338606,0,0.685979754090541
1,16.4,0,4.80035115972992,187.920033402839,43.7697758563832,0,0.685764451389988
1,16.41,0,4.79884999647573,187.912887700243,43.7674559662421,0,0.685549999496533
1,16.42,0,4.79735476183894,187.905739901215,43.7651356660252,0,0.68533639454842
1,16.43,0,4.79586542891002,187.898590016579,43.7628149583084,0,0.685123632701432
1,16.44,0,4.79438197090165,187.891438057108,43.760493845656,0,0.684911710128807
1,16.45,0,4.79290436114813,187.884284033528,43.7581723306204,0,0.684700623021162
1,16.46,0,4.79143257310487,187.877127956514,43.7558504157425,0,0.68449036758641
1,16.47,0,4.78996658034777,187.869969836694,43.7535281035517,0,0.684280940049681
1,16.48,0,4.78850635657268,187.862809684648,43.7512053965657,0,0.68407233665324
1,16.49,0,4.78705187559487,187.855647510906,43.7488822972906,0,0.68386455365641
1,16.5,0,4.78560311134847,187.848483325952,43.7465588082215,0,0.683657587335496
1,16.51,0,4.78416003788587,187.841317140223,43.7442349318417,0,0.683451433983696
1,16.52,0,4.78272262937724,187.834148964106,43.7419106706234,0,0.683246089911035
1,16.53,0,4.78129086010994,187.826978807943,43.7395860270275,0,0.683041551444277
1,16.54,0,4.77986470448798,187.819806682028,43.7372610035035,0,0.682837814926855
1,16.55,0,4.77844413703149,187.812632596608,43.73493560249,0,0.682634876718785
1,16.56,0,4.77702913237617,187.805456561886,43.7326098264143,0,0.682432733196596
1,16.57,0,4.77561966527274,187.798278588015,43.7302836776928,0,0.682231380753249
1,16.58,0,4.77421571058644,187.791098685104,43.7279571587307,0,0.682030815798063
1,16.59,0,4.77281724329645,187.783916863216,43.7256302719223,0,0.681831034756635
1,16.6,0,4.77142423849537,187.776733132368,43.7233030196512,0,0.681632034070766
1,16.61,0,4.77003667138871,187.769547502532,43.7209754042897,0,0.681433810198387
1,16.62,0,4.76865451729435,187.762359983634,43.7186474281998,0,0.681236359613478
1,16.63,0,4.76727775164198,187.755170585556,43.7163190937324,0,0.681039678805998
1,16.64,0,4.76590634997264,187.747979318134,43.7139904032277,0,0.680843764281806
1,16.65,0,4.76454028793814,187.740786191161,43.7116613590155,0,0.680648612562591
1,16.66,0,4.76317954130247,187.733591214383,43.7093319634146,0,0.680454220186067
1,16.67,0,4.76182408598297,187.726394397485,43.7070022187291,0,0.680260583711853
1,16.68,0,4.7604738979853,187.719195750118,43.7046721272546,0,0.680067699712185
1,16.69,0,4.75912895340674,187.711995281894,43.7023416912779,0,0.679875564772391
1,16.7,0,4.75778922845322,187.704793002381,43.7000109130754,0,0.679684175493318
1,16.71,0,4.75645469943881,187.697588921106,43.6976797949129,0,0.679493528491259
1,16.72,0,4.75512534278518,187.69038304755,43.6953483390462,0,0.679303620397883
1,16.73,0,4.75380113502117,187.683175391153,43.6930165477204,0,0.679114447860166
1,16.74,0,4.75248205278222,187.675965961311,43.6906844231707,0,0.678926007540318
1,16.75,0,4.75116807280999,187.668754767376,43.6883519676219,0,0.678738296115712
1,16.76,0,4.74985917195174,187.661541818661,43.6860191832886,0,0.67855131027882
1,16.77,0,4.74855532715997,187.654327124433,43.6836860723754,0,0.678365046737138
1,16.78,0,4.74725651549182,187.647110693919,43.6813526370769,0,0.678179502213118
1,16.79,0,4.7459627141087,187.639892536303,43.6790188795773,0,0.6779946734441
1,16.8,0,4.74467390027571,187.632672660728,43.6766848020513,0,0.677810557182244
1,16.81,0,4.74339005136123,187.625451076295,43.6743504066634,0,0.677627150194461
1,16.82,0,4.7421111448364,187.618227792064,43.6720156955683,0,0.677444449262342
1,16.83,0,4.74083715827467,187.611002817053,43.6696806709108,0,0.677262451182096
1,16.84,0,4.73956806935134,187.60377616024,43.6673453348259,0,0.677081152764477
1,16.85,0,4.73830385584304,187.596547830561,43.6650096894389,0,0.67690055083472
1,16.86,0,4.7370444956273,187.589317836914,43.6626737368655,0,0.676720642232472
1,16.87,0,4.73578996668208,187.582086188153,43.6603374792116,0,0.676541423811726
1,16.88,0,4.73454024708529,187.574852893094,43.6580009185734,0,0.676362892440756
1,16.89,0,4.73329531501432,187.567617960513,43.6556640570378,0,0.676185045002046
1,16.9,0,4.73205514874561,187.560381399145,43.6533268966819,0,0.67600787839223
1,16.91,0,4.73081972665415,187.553143217686,43.6509894395736,0,0.675831389522021
1,16.92,0,4.72958902721306,187.545903424792,43.6486516877711,0,0.675655575316151
1,16.93,0,4.72836302899309,187.538662029082,43.6463136433233,0,0.675480432713298
1,16.94,0,4.7271417106622,187.531419039132,43.6439753082699,0,0.675305958666028
1,16.95,0,4.7259250509851,187.524174463481,43.6416366846411,0,0.675132150140728
1,16.96,0,4.72471302882277,187.516928310631,43.6392977744579,0,0.674959004117539
1,16.97,0,4.72350562313205,187.509680589043,43.6369585797321,0,0.674786517590293
1,16.98,0,4.72230281296516,187.50243130714,43.6346191024664,0,0.674614687566452
1,16.99,0,4.72110457746927,187.495180473307,43.6322793446541,0,0.674443511067039
1,17,0,4.71991089588605,187.487928095891,43.6299393082798,0,0.674272985126578
1,17.01,0,4.71872174755121,187.480674183202,43.6275989953188,0,0.674103106793029
1,17.02,0,4.71753711189407,187.473418743511,43.6252584077374,0,0.673933873127725
1,17.03,0,4.71635696843715,187.466161785052,43.6229175474931,0,0.673765281205308
1,17.04,0,4.71518129679568,187.458903316023,43.6205764165343,0,0.673597328113668
1,17.05,0,4.71401007667716,187.451643344581,43.6182350168005,0,0.67343001095388
1,17.06,0,4.71284328788099,187.444381878851,43.6158933502227,0,0.673263326840141
1,17.07,0,4.71168091029795,187.437118926918,43.6135514187227,0,0.673097272899707
1,17.08,0,4.71052292390984,187.42985449683,43.6112092242139,0,0.672931846272834
1,17.09,0,4.7093693088202,187.422588596589,43.6088667685976,0,0.672767044117171
1,17.1,0,4.70822004523314,187.415321234154,43.6065240537657,0,0.672602863604734
1,17.11,0,4.70707511340862,187.408052417462,43.6041810816048,0,0.672439301915517
1,17.12,0,4.70593449369624,187.400782154414,43.6018378539927,0,0.67227635624232
1,17.13,0,4.7047981665349,187.393510452876,43.5994943727985,0,0.6721140237907
1,17.14,0,4.7036661124524,187.386237320676,43.5971506398832,0,0.671952301778914
1,17.15,0,4.702538312065,187.378962765609,43.5948066570988,0,0.671791187437858
1,17.16,0,4.70141474607707,187.371686795433,43.592462426289,0,0.67163067801101
1,17.17,0,4.70029539528063,187.364409417871,43.5901179492893,0,0.671470770754375
1,17.18,0,4.69918024055496,187.357130640611,43.5877732279265,0,0.671311462936422
1,17.19,0,4.69806926286623,187.349850471305,43.5854282640192,0,0.671152751838032
1,17.2,0,4.69696244326706,187.342568917573,43.5830830593776,0,0.670994634752437
1,17.21,0,4.69585976289617,187.335285986997,43.5807376158037,0,0.670837108985167
1,17.22,0,4.69476120297792,187.328001687127,43.5783919350912,0,0.670680171853988
1,17.23,0,4.69366674482196,187.320716025477,43.5760460190256,0,0.670523820688851
1,17.24,0,4.69257636982284,187.313429009528,43.5736998693843,0,0.670368052831835
1,17.25,0,4.6914900594596,187.306140646725,43.5713534879366,0,0.670212865637086
1,17.26,0,4.69040779529537,187.298850944483,43.5690068764436,0,0.670058256470768
1,17.27,0,4.68932955897702,187.29155991018,43.5666600366584,0,0.669904222711003
1,17.28,0,4.68825533223473,187.284267551161,43.564312970326,0,0.669750761747818
1,17.29,0,4.68718509688163,187.276973874739,43.5619656791837,0,0.66959787098309
1,17.3,0,4.68611883481341,187.269678888191,43.5596181649605,0,0.669445547830487
1,17.31,0,4.68505652800793,187.262382598765,43.5572704293777,0,0.669293789715419
1,17.32,0,4.68399815852487,187.255085013672,43.5549224741488,0,0.669142594074982
1,17.33,0,4.6829437085053,187.247786140093,43.5525743009792,0,0.6689919583579
1,17.34,0,4.68189316017134,187.240485985176,43.5502259115669,0,0.668841880024477
1,17.35,0,4.68084649582577,187.233184556034,43.5478773076017,0,0.668692356546538
1,17.36,0,4.67980369785164,187.225881859751,43.545528490766,0,0.668543385407378
1,17.37,0,4.67876474871195,187.218577903378,43.5431794627344,0,0.668394964101707
1,17.38,0,4.6777296309492,187.211272693932,43.540830225174,0,0.6682470901356
1,17.39,0,4.67669832718508,187.2039662384,43.5384807797439,0,0.66809976102644
1,17.4,0,4.67567082012006,187.196658543738,43.536131128096,0,0.667952974302866
1,17.41,0,4.67464709253306,187.189349616868,43.5337812718747,0,0.667806727504723
1,17.42,0,4.67362712728106,187.182039464683,43.5314312127164,0,0.667661018183008
1,17.43,0,4.67261090729871,187.174728094042,43.5290809522506,0,0.667515843899816
1,17.44,0,4.67159841559802,187.167415511776,43.526730492099,0,0.667371202228288
1,17.45,0,4.67058963526796,187.160101724683,43.5243798338761,0,0.667227090752565
1,17.46,0,4.66958454947409,187.152786739531,43.5220289791889,0,0.667083507067728
1,17.47,0,4.66858314145825,187.145470563056,43.5196779296371,0,0.66694044877975
1,17.48,0,4.66758539453814,187.138153201966,43.5173266868132,0,0.666797913505448
1,17.49,0,4.66659129210698,187.130834662935,43.5149752523023,0,0.666655898872426
1,17.5,0,4.66560081763319,187.12351495261,43.5126236276823,0,0.666514402519028
1,17.51,0,4.66461395467164,187.116194077603,43.5102718145228,0,0.666373422095948
1,17.52,0,4.66363068688041,187.108872044481,43.5079198143836,0,0.666232955268631
1,17.53,0,4.66265099796,187.101548859798,43.5055676288202,0,0.666092999708572
1,17.54,0,4.66167487168218,187.094224530078,43.5032152593814,0,0.665953553097455
1,17.55,0,4.6607022918925,187.086899061814,43.5008627076089,0,0.6658146131275
1,17.56,0,4.6597332425099,187.07957246147,43.4985099750371,0,0.665676177501414
1,17.57,0,4.65876770752642,187.072244735482,43.4961570631938,0,0.665538243932346
1,17.58,0,4.65780567100686,187.064915890256,43.4938039735995,0,0.665400810143838
1,17.59,0,4.65684711708842,187.057585932168,43.4914507077679,0,0.665263873869774
1,17.6,0,4.65589202998037,187.050254867565,43.4890972672055,0,0.665127432854338
1,17.61,0,4.65494039396374,187.042922702767,43.4867436534121,0,0.664991484851963
1,17.62,0,4.653992193391,187.035589444063,43.4843898678808,0,0.664856027627286
1,17.63,0,4.6530474126857,187.028255097715,43.4820359120975,0,0.6647210589551
1,17.64,0,4.65210603634214,187.020919669955,43.4796817875415,0,0.664586576620305
1,17.65,0,4.65116804892508,187.013583166988,43.4773274956854,0,0.664452578417868
1,17.66,0,4.65023343506939,187.00624559499,43.4749730379949,0,0.66431906215277
1,17.67,0,4.64930217947975,186.998906960109,43.4726184159289,0,0.664186025639964
1,17.68,0,4.64837426693028,186.991567268466,43.47026363094,0,0.664053466704326
1,17.69,0,4.64744968226429,186.984226526153,43.4679086844738,0,0.663921383180613
1,17.7,0,4.64652841039389,186.976884739235,43.4655535779693,0,0.663789772913413
1,17.71,0,4.64561043629972,186.969541913749,43.4631983128592,0,0.663658633757103
1,17.72,0,4.64469574503062,186.962198055703,43.4608428905693,0,0.663527963575803
1,17.73,0,4.6437843217033,186.954853171082,43.458487312519,0,0.663397760243329
1,17.74,0,4.64287615150206,186.947507265839,43.4561315801214,0,0.663268021643152
1,17.75,0,4.64197121967844,186.940160345903,43.4537756947827,0,0.663138745668349
1,17.76,0,4.64106951155092,186.932812417176,43.4514196579032,0,0.66300993022156
1,17.77,0,4.64017101250463,186.92546348553,43.4490634708763,0,0.662881573214947
1,17.78,0,4.639275707991,186.918113556814,43.4467071350892,0,0.662753672570143
1,17.79,0,4.6383835835275,186.91076263685,43.444350651923,0,0.662626226218215
1,17.8,0,4.6374946246973,186.90341073143,43.4419940227521,0,0.662499232099614
1,17.81,0,4.63660881714895,186.896057846325,43.4396372489448,0,0.662372688164136
1,17.82,0,4.63572614659614,186.888703987275,43.4372803318631,0,0.662246592370877
1,17.83,0,4.63484659881732,186.881349159997,43.4349232728628,0,0.662120942688188
1,17.84,0,4.63397015965544,186.873993370181,43.4325660732935,0,0.661995737093634
1,17.85,0,4.63309681501764,186.86663662349,43.4302087344986,0,0.661870973573948
1,17.86,0,4.63222655087495,186.859278925564,43.4278512578154,0,0.661746650124993
1,17.87,0,4.63135935326199,186.851920282016,43.425493644575,0,0.661622764751713
1,17.88,0,4.63049520827667,186.844560698432,43.4231358961024,0,0.661499315468096
1,17.89,0,4.6296341020799,186.837200180374,43.4207780137168,0,0.661376300297128
1,17.9,0,4.62877602089527,186.82983873338,43.418419998731,0,0.661253717270753
1,17.91,0,4.62792095100879,186.822476362962,43.416061852452,0,0.661131564429828
1,17.92,0,4.62706887876858,186.815113074605,43.4137035761809,0,0.661009839824083
1,17.93,0,4.62621979058722,186.80774887377,43.4113451712125,0,0.660888541512461
1,17.94,0,4.62537367296483,186.800383765884,43.408986638833,0,0.660767667566404
1,17.95,0,4.62453051244519,186.793017756354,43.4066279803248,0,0.660647216063599
1,17.96,0,4.62369029562636,186.785650850565,43.4042691969648,0,0.66052718508948
1,17.97,0,4.62285300916728,186.778283053881,43.4019102900241,0,0.660407572738183
1,17.98,0,4.62201863978752,186.770914371637,43.399551260768,0,0.660288377112503
1,17.99,0,4.62118717426701,186.763544809147,43.397192110456,0,0.660169596323858
1,18,0,4.62035859944572,186.756174371699,43.3948328403417,0,0.660051228492245
1,18.01,0,4.61953290222343,186.748803064558,43.3924734516732,0,0.659933271746205
1,18.02,0,4.61871006955945,186.741430892965,43.3901139456926,0,0.659815724222779
1,18.03,0,4.61789008847231,186.734057862137,43.3877543236365,0,0.659698584067473
1,18.04,0,4.61707294603954,186.726683977266,43.3853945867358,0,0.65958184943422
1,18.05,0,4.61625862939734,186.719309243522,43.3830347362157,0,0.659465518485334
1,18.06,0,4.61544712574035,186.711933666051,43.3806747732957,0,0.659349589391478
1,18.07,0,4.61463842232138,186.704557249975,43.37831469919,0,0.659234060331626
1,18.08,0,4.61383250645113,186.697180000395,43.3759545151068,0,0.659118929493019
1,18.09,0,4.61302936549791,186.689801922385,43.3735942222492,0,0.65900419507113
1,18.1,0,4.6122289868874,186.682423020999,43.3712338218146,0,0.658889855269629
1,18.11,0,4.61143135810237,186.675043301267,43.3688733149947,0,0.658775908300338
1,18.12,0,4.6106364666824,186.667662768196,43.3665127029761,0,0.6586623523832
1,18.13,0,4.60984430022367,186.66028142677,43.3641519869397,0,0.658549185746239
1,18.14,0,4.60905484637863,186.652899281951,43.3617911680611,0,0.658436406625519
1,18.15,0,4.60826809285579,186.645516338678,43.3594302475105,0,0.658324013265113
1,18.16,0,4.60748402741942,186.638132601868,43.3570692264528,0,0.658212003917061
1,18.17,0,4.60670263788934,186.630748076414,43.3547081060474,0,0.658100376841334
1,18.18,0,4.60592391214061,186.62336276719,43.3523468874484,0,0.657989130305801
1,18.19,0,4.60514783810329,186.615976679045,43.3499855718048,0,0.657878262586185
1,18.2,0,4.60437440376222,186.608589816806,43.3476241602602,0,0.657767771966031
1,18.21,0,4.60360359715669,186.601202185281,43.345262653953,0,0.65765765673667
1,18.22,0,4.60283540638027,186.593813789253,43.3429010540162,0,0.657547915197182
1,18.23,0,4.60206981958049,186.586424633484,43.340539361578,0,0.657438545654355
1,18.24,0,4.6013068249586,186.579034722715,43.3381775777611,0,0.657329546422658
1,18.25,0,4.60054641076937,186.571644061666,43.3358157036831,0,0.657220915824196
1,18.26,0,4.59978856532077,186.564252655034,43.3334537404566,0,0.657112652188681
1,18.27,0,4.59903327697374,186.556860507496,43.3310916891891,0,0.657004753853392
1,18.28,0,4.59828053414198,186.549467623707,43.328729550983,0,0.656897219163139
1,18.29,0,4.59753032529164,186.542074008302,43.3263673269355,0,0.656790046470234
1,18.3,0,4.59678263894112,186.534679665892,43.3240050181389,0,0.656683234134446
1,18.31,0,4.59603746366081,186.527284601072,43.3216426256807,0,0.656576780522973
1,18.32,0,4.59529478807284,186.519888818411,43.3192801506431,0,0.656470684010405
1,18.33,0,4.59455460085081,186.512492322461,43.3169175941035,0,0.656364942978688
1,18.34,0,4.59381689071962,186.505095117752,43.3145549571343,0,0.656259555817089
1,18.35,0,4.59308164645528,186.497697208793,43.3121922408032,0,0.656154520922183
1,18.36,0,4.59234885690765,186.490298600064,43.3098294461705,0,0.656049836701093
1,18.37,0,4.59161851097361,186.482899296025,43.3074665742922,0,0.655945501567659
1,18.38,0,4.59089059758516,186.475499301124,43.3051036262207,0,0.655841513940737
1,18.39,0,4.5901651057246,186.468098619786,43.3027406030038,0,0.655737872246371
1,18.4,0,4.5894420244243,186.460697256418,43.3003775056845,0,0.655634574917757
1,18.41,0,4.58872134276647,186.453295215407,43.2980143353006,0,0.65553162039521
1,18.42,0,4.58800304988295,186.445892501118,43.2956510928857,0,0.655429007126136
1,18.43,0,4.58728713495495,186.438489117898,43.2932877794683,0,0.655326733564993
1,18.44,0,4.58657358721286,186.431085070073,43.2909243960722,0,0.655224798173266
1,18.45,0,4.58586239593598,186.42368036195,43.2885609437165,0,0.655123199419425
1,18.46,0,4.58515355045233,186.416274997817,43.2861974234158,0,0.655021935778905
1,18.47,0,4.58444704013844,186.408868981941,43.2838338361798,0,0.654921005734063
1,18.48,0,4.58374285441908,186.40146231857,43.2814701830137,0,0.654820407774154
1,18.49,0,4.58304098276706,186.394055011934,43.279106464918,0,0.654720140395294
1,18.5,0,4.58234141470302,186.386647066242,43.2767426828886,0,0.654620202100431
1,18.51,0,4.5816441397952,186.379238485685,43.2743788379169,0,0.654520591399314
1,18.52,0,4.58094914765922,186.371829274435,43.2720149309898,0,0.65442130680846
1,18.53,0,4.58025642795787,186.364419436643,43.2696509630894,0,0.654322346851125
1,18.54,0,4.57956597040088,186.357008976443,43.2672869351935,0,0.654223710057268
1,18.55,0,4.5788777647447,186.349597897951,43.2649228482755,0,0.654125394963528
1,18.56,0,4.57819180079229,186.342186205262,43.262558703304,0,0.654027400113185
1,18.57,0,4.57750806839294,186.334773902454,43.2601945012435,0,0.653929724056134
1,18.58,0,4.57682655744199,186.327360993586,43.2578302430538,0,0.653832365348855
1,18.59,0,4.57614725788065,186.319947482698,43.2554659296904,0,0.653735322554379
1,18.6,0,4.57547015969582,186.312533373812,43.2531015621045,0,0.65363859424226
1,18.61,0,4.5747952529198,186.305118670933,43.2507371412428,0,0.653542178988543
1,18.62,0,4.57412252763017,186.297703378045,43.2483726680476,0,0.653446075375738
1,18.63,0,4.57345197394949,186.290287499116,43.246008143457,0,0.653350281992784
1,18.64,0,4.57278358204517,186.282871038095,43.2436435684047,0,0.653254797435024
1,18.65,0,4.5721173421292,186.275453998914,43.2412789438204,0,0.653159620304172
1,18.66,0,4.571453244458,186.268036385487,43.238914270629,0,0.653064749208285
1,18.67,0,4.57079127933214,186.260618201709,43.2365495497515,0,0.652970182761734
1,18.68,0,4.57013143709621,186.253199451459,43.2341847821048,0,0.652875919585173
1,18.69,0,4.56947370813856,186.245780138597,43.2318199686012,0,0.652781958305509
1,18.7,0,4.56881808289112,186.238360266965,43.2294551101491,0,0.652688297555875
1,18.71,0,4.5681645518292,186.23093984039,43.2270902076526,0,0.6525949359756
1,18.72,0,4.56751310547125,186.223518862679,43.2247252620118,0,0.652501872210179
1,18.73,0,4.56686373437872,186.216097337623,43.2223602741224,0,0.652409104911246
1,18.74,0,4.56621642915579,186.208675268997,43.2199952448762,0,0.652316632736541
1,18.75,0,4.56557118044922,186.201252660555,43.2176301751609,0,0.652224454349888
1,18.76,0,4.56492797894812,186.193829516039,43.2152650658601,0,0.65213256842116
1,18.77,0,4.56428681538377,186.18640583917,43.2128999178533,0,0.652040973626253
1,18.78,0,4.5636476805379,186.17898163365,43.2105347320152,0,0.651949668648272
1,18.79,0,4.56301056524464,186.17155690316,43.2081695092153,0,0.651858652177806
1,18.8,0,4.56237546036407,186.164131651371,43.205804250321,0,0.651767922909153
1,18.81,0,4.56174235679731,186.156705881938,43.2034389561952,0,0.651677479542473
1,18.82,0,4.56111124548683,186.149279598497,43.2010736276974,0,0.651587320783833
1,18.83,0,4.56048211741625,186.141852804669,43.1987082656827,0,0.651497445345179
1,18.84,0,4.55985496361018,186.13442550406,43.1963428710025,0,0.651407851944311
1,18.85,0,4.55922977513399,186.126997700256,43.1939774445041,0,0.651318539304856
1,18.86,0,4.55860654309368,186.119569396829,43.1916119870311,0,0.65122950615624
1,18.87,0,4.55798525863563,186.112140597336,43.1892464994231,0,0.651140751233662
1,18.88,0,4.55736591294647,186.104711305314,43.1868809825158,0,0.651052273278067
1,18.89,0,4.55674849725285,186.097281524288,43.1845154371412,0,0.650964071036122
1,18.9,0,4.55613300282129,186.089851257763,43.1821498641273,0,0.650876143260184
1,18.91,0,4.55551942095798,186.082420509232,43.1797842642983,0,0.650788488708282
1,18.92,0,4.55490774300858,186.074989282169,43.1774186384747,0,0.650701106144083
1,18.93,0,4.5542979603581,186.067557580033,43.1750529874732,0,0.650613994336871
1,18.94,0,4.55369006443063,186.060125406269,43.1726873121066,0,0.650527152061518
1,18.95,0,4.55308404668923,186.052692764303,43.1703216131843,0,0.650440578098461
1,18.96,0,4.55247989863573,186.04525965755,43.1679558915115,0,0.650354271233675
1,18.97,0,4.55187761181052,186.037826089404,43.16559014789,0,0.650268230258646
1,18.98,0,4.55127717779243,186.030392063248,43.163224383118,0,0.650182453970348
1,18.99,0,4.5506785881985,186.022957582447,43.1608585979896,0,0.650096941171215
1,19,0,4.55008183468383,186.015522650353,43.1584927932956,0,0.650011690669118
1,19.01,0,4.54948690894138,186.0080872703,43.1561269698232,0,0.64992670127734
1,19.02,0,4.54889380270183,186.000651445608,43.1537611283557,0,0.649841971814548
1,19.03,0,4.54830250773338,185.993215179584,43.1513952696729,0,0.649757501104768
1,19.04,0,4.54771301584157,185.985778475516,43.1490293945511,0,0.649673287977367
1,19.05,0,4.54712531886912,185.97834133668,43.146663503763,0,0.649589331267018
1,19.06,0,4.54653940869577,185.970903766336,43.1442975980776,0,0.649505629813681
1,19.07,0,4.54595527723806,185.963465767729,43.1419316782605,0,0.64942218246258
1,19.08,0,4.54537291644921,185.956027344091,43.1395657450739,0,0.649338988064174
1,19.09,0,4.54479231831893,185.948588498637,43.137199799276,0,0.649256045474133
1,19.1,0,4.54421347487322,185.941149234568,43.1348338416222,0,0.649173353553317
1,19.11,0,4.54363637817425,185.933709555071,43.1324678728638,0,0.64909091116775
1,19.12,0,4.54306102032016,185.926269463319,43.130101893749,0,0.649008717188595
1,19.13,0,4.5424873934449,185.918828962469,43.1277359050225,0,0.648926770492129
1,19.14,0,4.54191548971805,185.911388055665,43.1253699074255,0,0.648845069959721
1,19.15,0,4.54134530134466,185.903946746036,43.1230039016958,0,0.648763614477809
1,19.16,0,4.5407768205651,185.896505036697,43.1206378885678,0,0.648682402937872
1,19.17,0,4.54021003965487,185.889062930749,43.1182718687727,0,0.64860143423641
1,19.18,0,4.53964495092443,185.88162043128,43.115905843038,0,0.648520707274918
1,19.19,0,4.53908154671905,185.874177541361,43.1135398120882,0,0.648440220959865
1,19.2,0,4.53851981942197,185.86673426405,43.1111737766439,0,0.648359974203138
1,19.21,0,4.53795976146764,185.859290602384,43.1088077374209,0,0.648279965923949
1,19.22,0,4.53740136531049,185.851846559393,43.1064416951331,0,0.648200195044355
1,19.23,0,4.53684462343625,185.844402138092,43.1040756504912,0,0.648120660490894
1,19.24,0,4.53628952836485,185.836957341483,43.1017096042029,0,0.648041361194979
1,19.25,0,4.53573607265017,185.829512172557,43.0993435569724,0,0.647962296092882
1,19.26,0,4.53518424887994,185.822066634288,43.0969775095007,0,0.647883464125706
1,19.27,0,4.53463404967556,185.814620729637,43.0946114624857,0,0.647804864239366
1,19.28,0,4.53408546769195,185.807174461553,43.0922454166219,0,0.647726495384564
1,19.29,0,4.5335384956174,185.799727832971,43.0898793726007,0,0.647648356516772
1,19.3,0,4.53299312617342,185.792280846811,43.0875133311103,0,0.647570446596204
1,19.31,0,4.53244935211458,185.784833505983,43.0851472928356,0,0.647492764587797
1,19.32,0,4.53190716622835,185.777385813381,43.0827812584584,0,0.647415309461193
1,19.33,0,4.53136656133495,185.769937771887,43.0804152286576,0,0.647338080190708
1,19.34,0,4.53082753028723,185.762489384368,43.0780492041085,0,0.647261075755319
1,19.35,0,4.53029006597047,185.755040653681,43.0756831854836,0,0.647184295138639
1,19.36,0,4.52975416130227,185.747591582669,43.0733171734522,0,0.647107737328896
1,19.37,0,4.52921980923237,185.74014217416,43.0709511686806,0,0.64703140131891
1,19.38,0,4.52868700274252,185.732692430971,43.0685851718319,0,0.646955286106074
1,19.39,0,4.52815573484633,185.725242355906,43.0662191835662,0,0.646879390692332
1,19.4,0,4.52762599858911,185.717791951756,43.0638532045406,0,0.646803714084159
1,19.41,0,4.52709778704776,185.7103412213,43.0614872354089,0,0.646728255292537
1,19.42,0,4.52657109333054,185.702890167303,43.0591212768223,0,0.646653013332935
1,19.43,0,4.52604591057704,185.695438792518,43.0567553294287,0,0.646577987225291
1,19.44,0,4.52552223195792,185.687987099686,43.054389393873,0,0.646503175993989
1,19.45,0,4.52500005067485,185.680535091535,43.0520234707973,0,0.646428578667836
1,19.46,0,4.52447935996033,185.673082770781,43.0496575608407,0,0.646354194280047
1,19.47,0,4.52396015307752,185.665630140127,43.0472916646391,0,0.646280021868217
1,19.48,0,4.52344242332015,185.658177202265,43.0449257828258,0,0.646206060474307
1,19.49,0,4.52292616401235,185.650723959872,43.042559916031,0,0.646132309144622
1,19.5,0,4.52241136850851,185.643270415616,43.0401940648821,0,0.646058766929787
1,19.51,0,4.52189803019312,185.635816572151,43.0378282300033,0,0.645985432884731
1,19.52,0,4.52138614248065,185.62836243212,43.0354624120164,0,0.645912306068665
1,19.53,0,4.52087569881543,185.620907998154,43.0330966115399,0,0.645839385545062
1,19.54,0,4.52036669267145,185.61345327287,43.0307308291898,0,0.645766670381636
1,19.55,0,4.51985911755226,185.605998258875,43.0283650655789,0,0.645694159650324
1,19.56,0,4.51935296699085,185.598542958764,43.0259993213174,0,0.645621852427264
1,19.57,0,4.51884823454944,185.591087375121,43.0236335970126,0,0.645549747792777
1,19.58,0,4.51834491381942,185.583631510515,43.0212678932692,0,0.645477844831345
1,19.59,0,4.51784299842116,185.576175367508,43.0189022106888,0,0.645406142631595
1,19.6,0,4.5173424820039,185.568718948647,43.0165365498705,0,0.645334640286272
1,19.61,0,4.5168433582456,185.561262256468,43.0141709114104,0,0.645263336892229
1,19.62,0,4.5163456208528,185.553805293496,43.011805295902,0,0.6451922315504
1,19.63,0,4.51584926356049,185.546348062246,43.009439703936,0,0.645121323365784
1,19.64,0,4.51535428013727,185.538890565215,43.0070741360999,0,0.645050611448181
1,19.65,0,4.51486066439659,185.531432804888,43.004708592977,0,0.644980094913798
1,19.66,0,4.51436841016305,185.52397478374,43.0023430751492,0,0.644909772880435
1,19.67,0,4.51387751128728,185.51651650424,42.9999775831964,0,0.644839644469611
1,19.68,0,4.51338796164788,185.509057968842,42.9976121176953,0,0.64476970880684
1,19.69,0,4.51289975515125,185.501599179991,42.9952466792202,0,0.644699965021608
1,19.7,0,4.51241288573151,185.49414014012,42.9928812683427,0,0.644630412247358
1,19.71,0,4.51192734735032,185.486680851652,42.9905158856318,0,0.644561049621474
1,19.72,0,4.51144313399678,185.479221316998,42.9881505316537,0,0.644491876285254
1,19.73,0,4.51096023968732,185.471761538558,42.9857852069721,0,0.644422891383903
1,19.74,0,4.51047865846556,185.464301518721,42.9834199121481,0,0.644354094066508
1,19.75,0,4.50999838440215,185.456841259865,42.9810546477401,0,0.644285483486022
1,19.76,0,4.50951941159472,185.449380764359,42.978689414304,0,0.644217058799246
1,19.77,0,4.50904173416769,185.441920034558,42.9763242123931,0,0.644148819166812
1,19.78,0,4.50856534627217,185.43445907281,42.9739590425581,0,0.644080763753167
1,19.79,0,4.50809024208585,185.426997881448,42.9715939053472,0,0.64401289172655
1,19.8,0,4.50761641581287,185.419536462798,42.969228801306,0,0.643945202258981
1,19.81,0,4.50714386168367,185.412074819174,42.9668637309776,0,0.643877694526238
1,19.82,0,4.50667257395491,185.40461295288,42.9644986949026,0,0.643810367707845
1,19.83,0,4.50620254690934,185.397150866207,42.9621336936191,0,0.643743220987048
1,19.84,0,4.50573377485564,185.38968856144,42.9597687276625,0,0.643676253550806
1,19.85,0,4.50526625212836,185.382226040849,42.9574037975661,0,0.643609464589766
1,19.86,0,4.50479997308776,185.374763306697,42.9550389038605,0,0.643542853298252
1,19.87,0,4.5043349321197,185.367300361236,42.9526740470737,0,0.643476418874243
1,19.88,0,4.50387112363553,185.359837206706,42.9503092277315,0,0.643410160519361
1,19.89,0,4.50340854207195,185.352373845338,42.9479444463572,0,0.643344077438849
1,19.9,0,4.50294718189092,185.344910279354,42.9455797034716,0,0.64327816884156
1,19.91,0,4.50248703757952,185.337446510964,42.9432149995931,0,0.643212433939932
1,19.92,0,4.50202810364987,185.329982542369,42.9408503352378,0,0.643146871949981
1,19.93,0,4.50157037463894,185.32251837576,42.9384857109193,0,0.643081482091277
1,19.94,0,4.50111384510852,185.315054013317,42.9361211271488,0,0.643016263586931
1,19.95,0,4.50065850964504,185.307589457211,42.9337565844352,0,0.642951215663577
1,19.96,0,4.50020436285949,185.300124709602,42.931392083285,0,0.642886337551355
1,19.97,0,4.49975139938729,185.292659772643,42.9290276242024,0,0.642821628483898
1,19.98,0,4.49929961388818,185.285194648474,42.9266632076892,0,0.642757087698312
1,19.99,0,4.49884900104612,185.277729339226,42.9242988342449,0,0.64269271443516
1,20,0,4.49839955556914,185.270263847022,42.9219345043666,0,0.642628507938448
1,20.01,0,4.49795127218925,185.262798173974,42.9195702185494,0,0.642564467455607
1,20.02,0,4.49750414566235,185.255332322184,42.9172059772857,0,0.642500592237478
1,20.03,0,4.49705817076807,185.247866293745,42.9148417810658,0,0.642436881538296
1,20.04,0,4.49661334230969,185.240400090741,42.9124776303778,0,0.64237333461567
1,20.05,0,4.49616965511403,185.232933715246,42.9101135257075,0,0.642309950730575
1,20.06,0,4.4957271040313,185.225467169324,42.9077494675383,0,0.642246729147329
1,20.07,0,4.49528568393506,185.21800045503,42.9053854563516,0,0.64218366913358
1,20.08,0,4.49484538972651,185.21053357441,42.9030214926259,0,0.642120769960931
1,20.09,0,4.49440621633861,185.203066529493,42.9006575768368,0,0.642058030905516
1,20.1,0,4.49396815871671,185.195599322306,42.8982937094587,0,0.641995451245244
1,20.11,0,4.49353121182846,185.188131954867,42.8959298909638,0,0.641933030261209
1,20.12,0,4.4930953706644,185.180664429184,42.8935661218222,0,0.641870767237772
1,20.13,0,4.49266063023783,185.173196747255,42.8912024025016,0,0.641808661462546
1,20.14,0,4.49222698558468,185.165728911071,42.8888387334677,0,0.641746712226383
1,20.15,0,4.49179443176347,185.158260922612,42.886475115184,0,0.641684918823352
1,20.16,0,4.49136296385514,185.15079278385,42.8841115481119,0,0.641623280550735
1,20.17,0,4.49093257696301,185.143324496748,42.8817480327106,0,0.641561796709002
1,20.18,0,4.49050326621262,185.135856063259,42.879384569437,0,0.641500466601803
1,20.19,0,4.49007502675165,185.128387485328,42.8770211587462,0,0.64143928953595
1,20.2,0,4.48964785374982,185.120918764892,42.8746578010908,0,0.641378264821403
1,20.21,0,4.4892217423988,185.113449903877,42.8722944969217,0,0.641317391771258
1,20.22,0,4.48879668791209,185.105980904203,42.8699312466874,0,0.641256669701728
1,20.23,0,4.48837268552492,185.098511767777,42.8675680508343,0,0.641196097932132
1,20.24,0,4.48794973049416,185.091042496502,42.865204909807,0,0.64113567578488
1,20.25,0,4.4875278180982,185.08357309227,42.8628418240478,0,0.641075402585457
1,20.26,0,4.48710694363689,185.076103556964,42.8604787939969,0,0.641015277662412
1,20.27,0,4.48668710243138,185.06863389246,42.8581158200927,0,0.64095530034734
1,20.28,0,4.48626828982409,185.061164100623,42.8557529027713,0,0.64089546997487
1,20.29,0,4.48585050117856,185.053694183312,42.8533900424668,0,0.640835785882652
1,20.3,0,4.48543373187937,185.046224142377,42.8510272396115,0,0.640776247411339
1,20.31,0,4.48501797733204,185.038753979658,42.8486644946355,0,0.640716853904577
1,20.32,0,4.48460323296293,185.031283696988,42.8463018079668,0,0.64065760470899
1,20.33,0,4.48418949421916,185.023813296191,42.8439391800317,0,0.640598499174165
1,20.34,0,4.48377675656847,185.016342779084,42.8415766112543,0,0.640539536652639
1,20.35,0,4.48336501549918,185.008872147474,42.8392141020567,0,0.640480716499883
1,20.36,0,4.48295426652006,185.001401403162,42.8368516528592,0,0.640422038074295
1,20.37,0,4.48254450516024,184.993930547937,42.83448926408,0,0.640363500737177
1,20.38,0,4.48213572696909,184.986459583583,42.8321269361355,0,0.640305103852727
1,20.39,0,4.48172792751619,184.978988511877,42.8297646694399,0,0.640246846788027
1,20.4,0,4.48132110239116,184.971517334583,42.8274024644058,0,0.640188728913023
1,20.41,0,4.48091524720362,184.964046053462,42.8250403214437,0,0.640130749600517
1,20.42,0,4.48051035758307,184.956574670264,42.822678240962,0,0.640072908226153
1,20.43,0,4.4801064291788,184.949103186732,42.8203162233677,0,0.6400152041684
1,20.44,0,4.4797034576598,184.941631604602,42.8179542690653,0,0.639957636808543
1,20.45,0,4.47930143871467,184.9341599256,42.815592378458,0,0.639900205530667
1,20.46,0,4.4789003680515,184.926688151446,42.8132305519467,0,0.639842909721643
1,20.47,0,4.47850024139784,184.919216283851,42.8108687899306,0,0.639785748771119
1,20.48,0,4.47810105450052,184.911744324519,42.8085070928071,0,0.639728722071503
1,20.49,0,4.47770280312564,184.904272275146,42.8061454609715,0,0.639671829017948
1,20.5,0,4.47730548305843,184.89680013742,42.8037838948176,0,0.639615069008347
1,20.51,0,4.47690909010317,184.889327913022,42.8014223947372,0,0.63955844144331
1,20.52,0,4.47651362008937,184.881855603622,42.7990609611195,0,0.639501945727053
1,20.53,0,4.47611906887216,184.87438321088,42.7966995943516,0,0.639445581267452
1,20.54,0,4.47572543231473,184.866910736454,42.7943382948196,0,0.639389347473533
1,20.55,0,4.47533270629878,184.859438181992,42.7919770629079,0,0.639333243756969
1,20.56,0,4.47494088672474,184.851965549136,42.7896158989989,0,0.639277269532106
1,20.57,0,4.47454996951166,184.844492839522,42.7872548034735,0,0.639221424215951
1,20.58,0,4.47415995059713,184.837020054776,42.7848937767107,0,0.639165707228161
1,20.59,0,4.4737708259372,184.829547196516,42.7825328190876,0,0.639110117991028
1,20.6,0,4.4733825915063,184.822074266357,42.7801719309798,0,0.639054655929471
1,20.61,0,4.47299524329714,184.814601265901,42.7778111127609,0,0.63899932047102
1,20.62,0,4.47260877732065,184.807128196747,42.7754503648029,0,0.638944111045808
1,20.63,0,4.47222318960587,184.799655060485,42.7730896874759,0,0.638889027086552
1,20.64,0,4.47183847619986,184.792181858698,42.7707290811484,0,0.638834068028552
1,20.65,0,4.47145463316768,184.784708592961,42.7683685461872,0,0.638779233309668
1,20.66,0,4.47107165659221,184.777235264842,42.7660080829573,0,0.638724522370316
1,20.67,0,4.47068954257416,184.769761875904,42.763647691822,0,0.638669934653451
1,20.68,0,4.47030828723192,184.762288427699,42.7612873731428,0,0.63861546960456
1,20.69,0,4.46992788670152,184.754814921776,42.7589271272798,0,0.638561126671645
1,20.7,0,4.46954833713653,184.747341359674,42.7565669545912,0,0.638506905305218
1,20.71,0,4.46916963470798,184.739867742927,42.7542068554334,0,0.638452804958282
1,20.72,0,4.46879177560428,184.732394073059,42.7518468301615,0,0.638398825086326
1,20.73,0,4.46841475603116,184.724920351591,42.7494868791285,0,0.638344965147308
1,20.74,0,4.46803857221153,184.717446580034,42.7471270026861,0,0.638291224601648
1,20.75,0,4.46766322038549,184.709972759893,42.7447672011842,0,0.638237602912213
1,20.76,0,4.46728869681017,184.702498892668,42.742407474971,0,0.63818409954431
1,20.77,0,4.46691499775968,184.695024979848,42.7400478243932,0,0.638130713965669
1,20.78,0,4.46654211952505,184.68755102292,42.7376882497958,0,0.638077445646436
1,20.79,0,4.46617005841412,184.68007702336,42.7353287515223,0,0.638024294059161
1,20.8,0,4.46579881075149,184.672602982641,42.7329693299143,0,0.637971258678784
1,20.81,0,4.46542837287841,184.665128902226,42.7306099853121,0,0.63791833898263
1,20.82,0,4.46505874115272,184.657654783573,42.7282507180544,0,0.637865534450389
1,20.83,0,4.46468991194879,184.650180628134,42.725891528478,0,0.637812844564113
1,20.84,0,4.46432188165741,184.642706437353,42.7235324169184,0,0.637760268808202
1,20.85,0,4.46395464668573,184.635232212667,42.7211733837095,0,0.63770780666939
1,20.86,0,4.46358820345718,184.627757955509,42.7188144291836,0,0.63765545763674
1,20.87,0,4.46322254841139,184.620283667303,42.7164555536714,0,0.637603221201627
1,20.88,0,4.46285767800413,184.612809349468,42.7140967575021,0,0.637551096857732
1,20.89,0,4.4624935887072,184.605335003415,42.7117380410033,0,0.637499084101028
1,20.9,0,4.46213027700839,184.59786063055,42.7093794045012,0,0.637447182429771
1,20.91,0,4.4617677394114,184.590386232272,42.7070208483202,0,0.637395391344486
1,20.92,0,4.46140597243574,184.582911809974,42.7046623727836,0,0.637343710347963
1,20.93,0,4.46104497261667,184.575437365041,42.7023039782127,0,0.637292138945239
1,20.94,0,4.46068473650513,184.567962898855,42.6999456649277,0,0.63724067664359
1,20.95,0,4.46032526066766,184.560488412789,42.6975874332471,0,0.637189322952522
1,20.96,0,4.4599665416921,184.553013908208,42.6952292834874,0,0.637138077384586
1,20.97,0,4.45960857618448,184.545539386471,42.6928712159633,0,0.637086939454926
1,20.98,0,4.4592513607592,184.53806484893,42.6905132309887,0,0.637035908679886
1,20.99,0,4.45889489204601,184.530590296936,42.6881553288761,0,0.636984984578001
1,21,0,4.45853916668996,184.52311573183,42.6857975099366,0,0.636934166669995
1,21.01,0,4.45818418135139,184.515641154948,42.6834397744796,0,0.63688345447877
1,21.02,0,4.45782993270577,184.50816656762,42.6810821228132,0,0.636832847529395
1,21.03,0,4.45747641744369,184.50069197117,42.6787245552439,0,0.636782345349099
1,21.04,0,4.4571236322708,184.493217366916,42.6763670720771,0,0.636731947467257
1,21.05,0,4.45677157390768,184.485742756169,42.6740096736164,0,0.636681653415383
1,21.06,0,4.45642023908984,184.478268140236,42.6716523601641,0,0.636631462727121
1,21.07,0,4.45606962456761,184.470793520416,42.669295132021,0,0.63658137493823
1,21.08,0,4.45571972710607,184.463318898003,42.6669379894867,0,0.636531389586582
1,21.09,0,4.45537054348501,184.455844274284,42.6645809328592,0,0.636481506212145
1,21.1,0,4.45502207049885,184.448369650543,42.6622239624351,0,0.636431724356978
1,21.11,0,4.45467430495654,184.440895028055,42.6598670785096,0,0.63638204356522
1,21.12,0,4.45432724368155,184.433420408091,42.6575102813766,0,0.636332463383078
1,21.13,0,4.45398088351177,184.425945791915,42.6551535713286,0,0.636282983358824
1,21.14,0,4.45363522129944,184.418471180786,42.6527969486566,0,0.636233603042777
1,21.15,0,4.45329025391109,184.410996575957,42.6504404136503,0,0.636184321987298
1,21.16,0,4.45294597822749,184.403521978675,42.6480839665981,0,0.636135139746784
1,21.17,0,4.45260239114355,184.396047390183,42.645727607787,0,0.63608605587765
1,21.18,0,4.4522594895683,184.388572811715,42.6433713375025,0,0.636037069938328
1,21.19,0,4.45191727042476,184.381098244502,42.641015156029,0,0.635988181489252
1,21.2,0,4.45157573064995,184.37362368977,42.6386590636493,0,0.63593939009285
1,21.21,0,4.45123486719477,184.366149148736,42.6363030606451,0,0.635890695313539
1,21.22,0,4.45089467702396,184.358674622615,42.6339471472967,0,0.635842096717708
1,21.23,0,4.45055515711601,184.351200112614,42.6315913238829,0,0.635793593873716
1,21.24,0,4.45021630446315,184.343725619936,42.6292355906815,0,0.635745186351879
1,21.25,0,4.44987811607123,184.336251145778,42.6268799479687,0,0.635696873724461
1,21.26,0,4.44954058895966,184.328776691332,42.6245243960195,0,0.635648655565665
1,21.27,0,4.44920372016139,184.321302257783,42.6221689351077,0,0.635600531451628
1,21.28,0,4.44886750672282,184.313827846312,42.6198135655056,0,0.635552500960403
1,21.29,0,4.44853194570372,184.306353458095,42.6174582874844,0,0.63550456367196
1,21.3,0,4.4481970341772,184.2988790943,42.615103101314,0,0.635456719168171
1,21.31,0,4.44786276922962,184.291404756094,42.612748007263,0,0.635408967032802
1,21.32,0,4.44752914796054,184.283930444635,42.6103930055986,0,0.635361306851506
1,21.33,0,4.44719616748267,184.276456161076,42.6080380965868,0,0.63531373821181
1,21.34,0,4.44686382492178,184.268981906568,42.6056832804926,0,0.635266260703111
1,21.35,0,4.44653211741666,184.261507682253,42.6033285575794,0,0.635218873916665
1,21.36,0,4.44620104211905,184.254033489269,42.6009739281095,0,0.635171577445578
1,21.37,0,4.44587059619358,184.24655932875,42.598619392344,0,0.635124370884797
1,21.38,0,4.44554077681771,184.239085201823,42.5962649505427,0,0.635077253831102
1,21.39,0,4.44521158118169,184.231611109611,42.5939106029642,0,0.635030225883098
1,21.4,0,4.444883006494,184.22413705323,42.5915563498653,0,0.634983286642001
1,21.41,0,4.44455504997594,184.21666303379,42.5892021915017,0,0.634936435710848
1,21.42,0,4.4442277088568,184.209189052397,42.5868481281281,0,0.634889672693829
1,21.43,0,4.4439009803785,184.201715110155,42.5844941599983,0,0.634842997196929
1,21.44,0,4.44357486179548,184.194241208159,42.5821402873647,0,0.634796408827926
1,21.45,0,4.44324935037466,184.186767347502,42.5797865104784,0,0.63474990719638
1,21.46,0,4.44292444339535,184.17929352927,42.5774328295896,0,0.634703491913622
1,21.47,0,4.44260013814927,184.171819754546,42.575079244947,0,0.634657162592752
1,21.48,0,4.44227643194039,184.164346024406,42.5727257567983,0,0.634610918848627
1,21.49,0,4.44195332208496,184.156872339923,42.5703723653901,0,0.634564760297852
1,21.5,0,4.44163080591142,184.149398702163,42.5680190709676,0,0.634518686558774
1,21.51,0,4.44130888076032,184.141925112189,42.5656658737749,0,0.634472697251475
1,21.52,0,4.44098754398432,184.134451571058,42.5633127740551,0,0.634426791997759
1,21.53,0,4.44066679294806,184.126978079823,42.5609597720501,0,0.634380970421152
1,21.54,0,4.4403466250282,184.119504639532,42.5586068680004,0,0.634335232146886
1,21.55,0,4.44002703761326,184.112031251227,42.5562540621457,0,0.634289576801894
1,21.56,0,4.43970802810365,184.104557915947,42.5539013547243,0,0.634244004014807
1,21.57,0,4.43938959391157,184.097084634724,42.5515487459735,0,0.634198513415938
1,21.58,0,4.43907173246095,184.089611408589,42.5491962361294,0,0.634153104637279
1,21.59,0,4.43875444118745,184.082138238564,42.5468438254271,0,0.634107777312493
1,21.6,0,4.43843771753833,184.074665125669,42.5444915141005,0,0.634062531076904
1,21.61,0,4.43812155897245,184.067192070918,42.5421393023823,0,0.634017365567493
1,21.62,0,4.43780596296021,184.059719075322,42.5397871905041,0,0.633972280422887
1,21.63,0,4.43749092698345,184.052246139887,42.5374351786967,0,0.63392727528335
1,21.64,0,4.43717644853548,184.044773265612,42.5350832671894,0,0.633882349790783
1,21.65,0,4.43686252512094,184.037300453494,42.5327314562107,0,0.633837503588705
1,21.66,0,4.4365491542558,184.029827704524,42.5303797459878,0,0.633792736322257
1,21.67,0,4.4362363334673,184.022355019691,42.528028136747,0,0.633748047638186
1,21.68,0,4.43592406029389,184.014882399976,42.5256766287133,0,0.633703437184841
1,21.69,0,4.43561233228515,184.007409846357,42.5233252221109,0,0.633658904612165
1,21.7,0,4.43530114700181,183.999937359808,42.5209739171628,0,0.633614449571687
1,21.71,0,4.43499050201561,183.992464941299,42.5186227140908,0,0.633570071716516
1,21.72,0,4.43468039490933,183.984992591794,42.5162716131159,0,0.633525770701333
1,21.73,0,4.43437082327666,183.977520312253,42.5139206144579,0,0.63348154618238
1,21.74,0,4.43406178472222,183.970048103632,42.5115697183356,0,0.63343739781746
1,21.75,0,4.43375327686146,183.962575966884,42.5092189249667,0,0.633393325265923
1,21.76,0,4.43344529732063,183.955103902955,42.5068682345678,0,0.633349328188661
1,21.77,0,4.43313784373672,183.947631912788,42.5045176473548,0,0.633305406248103
1,21.78,0,4.43283091375742,183.940159997322,42.5021671635421,0,0.633261559108202
1,21.79,0,4.43252450504105,183.932688157491,42.4998167833435,0,0.633217786434435
1,21.8,0,4.43221861525653,183.925216394225,42.4974665069716,0,0.63317408789379
1,21.81,0,4.43191324208333,183.917744708451,42.4951163346378,0,0.633130463154761
1,21.82,0,4.43160838321139,183.910273101089,42.4927662665528,0,0.633086911887341
1,21.83,0,4.4313040363412,183.902801573058,42.4904163029263,0,0.633043433763028
1,21.84,0,4.43100019918991,183.895330125267,42.488066443966,0,0.633000028455701
1,21.85,0,4.4306968694833,183.887858758624,42.4857166898792,0,0.632956695640472
1,21.86,0,4.43039404495392,183.880387474034,42.4833670408723,0,0.632913434993418
1,21.87,0,4.43009172334462,183.872916272397,42.4810174971509,0,0.632870246192088
1,21.88,0,4.42978990240849,183.865445154608,42.4786680589195,0,0.632827128915498
1,21.89,0,4.42948857990885,183.857974121561,42.4763187263815,0,0.632784082844121
1,21.9,0,4.42918775361918,183.850503174143,42.4739694997396,0,0.632741107659882
1,21.91,0,4.42888742132307,183.843032313238,42.4716203791954,0,0.632698203046153
1,21.92,0,4.42858758081418,183.835561539726,42.4692713649493,0,0.632655368687741
1,21.93,0,4.42828822989621,183.828090854483,42.4669224572012,0,0.632612604270888
1,21.94,0,4.42798936638282,183.82062025838,42.4645736561496,0,0.63256990948326
1,21.95,0,4.4276909880976,183.813149752286,42.4622249619924,0,0.632527284013943
1,21.96,0,4.42739309287404,183.805679337064,42.4598763749263,0,0.632484727553434
1,21.97,0,4.42709567855546,183.798209013575,42.4575278951471,0,0.632442239793637
1,21.98,0,4.42679874299498,183.790738782673,42.4551795228498,0,0.632399820427854
1,21.99,0,4.42650228405546,183.783268645212,42.4528312582283,0,0.63235746915078
1,22,0,4.42620629960949,183.775798602039,42.4504831014757,0,0.632315185658499
1,22.01,0,4.42591078753929,183.768328653999,42.4481350527841,0,0.63227296964847
1,22.02,0,4.42561574573672,183.760858801931,42.4457871123445,0,0.632230820819531
1,22.03,0,4.42532117210319,183.753389046673,42.4434392803474,0,0.632188738871884
1,22.04,0,4.42502706454965,183.745919389057,42.4410915569821,0,0.632146723507093
1,22.05,0,4.42473342099653,183.738449829912,42.4387439424369,0,0.632104774428076
1,22.06,0,4.42444023937371,183.730980370063,42.4363964368995,0,0.632062891339101
1,22.07,0,4.42414751762043,183.723511010331,42.4340490405564,0,0.632021073945776
1,22.08,0,4.42385525368533,183.716041751534,42.4317017535933,0,0.631979321955047
1,22.09,0,4.42356344552632,183.708572594485,42.4293545761952,0,0.631937635075188
1,22.1,0,4.42327209111058,183.701103539995,42.4270075085459,0,0.631896013015797
1,22.11,0,4.42298118841453,183.69363458887,42.4246605508285,0,0.63185445548779
1,22.12,0,4.42269073542376,183.686165741913,42.4223137032252,0,0.631812962203394
1,22.13,0,4.42240073013298,183.678696999922,42.4199669659173,0,0.63177153287614
1,22.14,0,4.42211117054602,183.671228363693,42.4176203390852,0,0.63173016722086
1,22.15,0,4.42182205467573,183.663759834017,42.4152738229085,0,0.631688864953676
1,22.16,0,4.421533380544,183.656291411683,42.4129274175658,0,0.631647625791999
1,22.17,0,4.42124514618165,183.648823097474,42.410581123235,0,0.631606449454522
1,22.18,0,4.42095734962847,183.641354892173,42.408234940093,0,0.631565335661209
1,22.19,0,4.42066998893308,183.633886796555,42.405888868316,0,0.631524284133297
1,22.2,0,4.42038306215298,183.626418811395,42.4035429080793,0,0.631483294593283
1,22.21,0,4.42009656735445,183.618950937463,42.4011970595572,0,0.631442366764922
1,22.22,0,4.41981050261254,183.611483175525,42.3988513229233,0,0.63140150037322
1,22.23,0,4.41952486601099,183.604015526345,42.3965056983505,0,0.631360695144427
1,22.24,0,4.41923965564225,183.596547990682,42.3941601860105,0,0.631319950806035
1,22.25,0,4.41895486960737,183.589080569293,42.3918147860746,0,0.631279267086767
1,22.26,0,4.41867050601601,183.581613262929,42.3894694987128,0,0.631238643716573
1,22.27,0,4.41838656298658,183.574146072341,42.3871243240948,0,0.631198080426655
1,22.28,0,4.41810303865052,183.566678998272,42.3847792623885,0,0.631157576950075
1,22.29,0,4.41781993114559,183.559212041463,42.3824343137617,0,0.631117133020799
1,22.3,0,4.41753723861617,183.551745202654,42.3800894783811,0,0.631076748373738
1,22.31,0,4.41725495921506,183.544278482579,42.377744756413,0,0.631036422745008
1,22.32,0,4.41697309110347,183.536811881971,42.3754001480226,0,0.630996155871924
1,22.33,0,4.41669163245095,183.529345401558,42.3730556533744,0,0.630955947492994
1,22.34,0,4.41641058143539,183.521879042065,42.3707112726322,0,0.630915797347913
1,22.35,0,4.41612993624292,183.514412804214,42.3683670059587,0,0.63087570517756
1,22.36,0,4.41584969506794,183.506946688725,42.3660228535163,0,0.630835670723992
1,22.37,0,4.41556985611305,183.499480696311,42.3636788154661,0,0.630795693730435
1,22.38,0,4.41529041758899,183.492014827686,42.3613348919688,0,0.630755773941284
1,22.39,0,4.41501137771466,183.484549083557,42.358991083184,0,0.630715911102094
1,22.4,0,4.41473273471701,183.477083464631,42.3566473892709,0,0.630676104959573
1,22.41,0,4.41445448683109,183.46961797161,42.3543038103875,0,0.630636355261584
1,22.42,0,4.41417663229992,183.462152605192,42.3519603466914,0,0.630596661757131
1,22.43,0,4.41389916937452,183.454687366073,42.3496169983393,0,0.63055702419636
1,22.44,0,4.41362209631385,183.447222254946,42.3472737654869,0,0.630517442330549
1,22.45,0,4.41334541138476,183.439757272501,42.3449306482896,0,0.630477915912108
1,22.46,0,4.41306911286198,183.432292419424,42.3425876469017,0,0.630438444694569
1,22.47,0,4.41279319902808,183.424827696397,42.3402447614768,0,0.630399028432582
1,22.48,0,4.41251766817339,183.417363104101,42.3379019921679,0,0.630359666881913
1,22.49,0,4.41224251859603,183.409898643213,42.3355593391271,0,0.630320359799433
1,22.5,0,4.41196774860184,183.402434314406,42.3332168025058,0,0.63028110694312
1,22.51,0,4.41169335650433,183.394970118351,42.3308743824547,0,0.630241908072047
1,22.52,0,4.41141934062466,183.387506055715,42.3285320791238,0,0.63020276294638
1,22.53,0,4.41114569929163,183.380042127164,42.3261898926621,0,0.630163671327375
1,22.54,0,4.41087243084158,183.372578333358,42.3238478232184,0,0.630124632977369
1,22.55,0,4.41059953361843,183.365114674956,42.3215058709402,0,0.630085647659776
1,22.56,0,4.41032700597359,183.357651152613,42.3191640359746,0,0.630046715139084
1,22.57,0,4.41005484626595,183.350187766982,42.316822318468,0,0.630007835180849
1,22.58,0,4.40978305286182,183.342724518712,42.3144807185659,0,0.629969007551688
1,22.59,0,4.40951162413494,183.335261408449,42.3121392364133,0,0.629930232019278
1,22.6,0,4.40924055846641,183.327798436837,42.3097978721543,0,0.629891508352344
1,22.61,0,4.40896985424465,183.320335604517,42.3074566259324,0,0.629852836320664
1,22.62,0,4.40869950986539,183.312872912126,42.3051154978903,0,0.629814215695056
1,22.63,0,4.40842952373163,183.305410360298,42.3027744881703,0,0.629775646247376
1,22.64,0,4.4081598942536,183.297947949666,42.3004335969136,0,0.629737127750514
1,22.65,0,4.4078906198487,183.290485680857,42.2980928242609,0,0.629698659978385
1,22.66,0,4.40762169894152,183.283023554499,42.2957521703523,0,0.629660242705932
1,22.67,0,4.40735312996379,183.275561571214,42.2934116353271,0,0.629621875709112
1,22.68,0,4.40708491135429,183.268099731622,42.2910712193239,0,0.629583558764898
1,22.69,0,4.4068170415589,183.260638036341,42.2887309224807,0,0.629545291651271
1,22.7,0,4.40654951903051,183.253176485985,42.2863907449348,0,0.629507074147216
1,22.71,0,4.40628234222938,183.245715081166,42.2840506868228,0,0.629468906032769
1,22.72,0,4.40601550962714,183.238253822491,42.2817107482801,0,0.629430787089592
1,22.73,0,4.40574901969956,183.230792710565,42.2793709294418,0,0.629392717099937
1,22.74,0,4.40548287092802,183.223331745992,42.2770312304426,0,0.62935469584686
1,22.75,0,4.4052170618008,183.215870929371,42.2746916514162,0,0.629316723114401
1,22.76,0,4.40495159081307,183.2084102613,42.272352192496,0,0.629278798687581
1,22.77,0,4.4046864564668,183.200949742374,42.2700128538145,0,0.629240922352401
1,22.78,0,4.4044216572708,183.193489373185,42.2676736355036,0,0.629203093895829
1,22.79,0,4.40415719174064,183.186029154322,42.2653345376946,0,0.629165313105806
1,22.8,0,4.40389305839863,183.178569086372,42.262995560518,0,0.629127579771233
1,22.81,0,4.4036292557738,183.171109169919,42.260656704104,0,0.629089893681971
1,22.82,0,4.40336578240184,183.163649405543,42.2583179685818,0,0.629052254628835
1,22.83,0,4.40310263682513,183.156189793825,42.2559793540802,0,0.62901466240359
1,22.84,0,4.40283981759263,183.148730335338,42.2536408607271,0,0.628977116798947
1,22.85,0,4.4025773232599,183.141271030658,42.2513024886501,0,0.628939617608558
1,22.86,0,4.40231515238909,183.133811880353,42.2489642379759,0,0.628902164627012
1,22.87,0,4.40205330354882,183.126352884993,42.2466261088306,0,0.628864757649832
1,22.88,0,4.40179177531427,183.118894045142,42.24428810134,0,0.628827396473467
1,22.89,0,4.40153056626703,183.111435361363,42.2419502156287,0,0.62879008089529
1,22.9,0,4.40126967499518,183.103976834217,42.2396124518213,0,0.628752810713597
1,22.91,0,4.40100910009317,183.09651846426,42.2372748100414,0,0.628715585727596
1,22.92,0,4.40074884016185,183.089060252049,42.234937290412,0,0.628678405737407
1,22.93,0,4.40048889380841,183.081602198134,42.2325998930556,0,0.628641270544059
1,22.94,0,4.40022925964637,183.074144303067,42.2302626180942,0,0.628604179949481
1,22.95,0,4.39996993629551,183.066686567395,42.2279254656489,0,0.628567133756502
1,22.96,0,4.39971092238192,183.059228991662,42.2255884358404,0,0.628530131768846
1,22.97,0,4.39945221653788,183.051771576411,42.2232515287888,0,0.628493173791125
1,22.98,0,4.39919381740188,183.044314322182,42.2209147446136,0,0.62845625962884
1,22.99,0,4.3989357236186,183.036857229511,42.2185780834336,0,0.628419389088372
1,23,0,4.39867793383886,183.029400298935,42.2162415453671,0,0.62838256197698
1,23.01,0,4.39842044671959,183.021943530984,42.2139051305318,0,0.628345778102798
1,23.02,0,4.39816326092379,183.01448692619,42.2115688390448,0,0.628309037274827
1,23.03,0,4.39790637512056,183.00703048508,42.2092326710227,0,0.628272339302937
1,23.04,0,4.397649787985,182.999574208179,42.2068966265814,0,0.628235683997856
1,23.05,0,4.39739349819821,182.992118096009,42.2045607058363,0,0.628199071171173
1,23.06,0,4.39713750444729,182.984662149091,42.2022249089021,0,0.628162500635327
1,23.07,0,4.39688180542525,182.977206367943,42.1998892358932,0,0.628125972203608
1,23.08,0,4.39662639983106,182.969750753081,42.1975536869231,0,0.628089485690152
1,23.09,0,4.39637128636954,182.962295305016,42.195218262105,0,0.628053040909935
1,23.1,0,4.3961164637514,182.954840024261,42.1928829615514,0,0.628016637678771
1,23.11,0,4.39586193069315,182.947384911324,42.1905477853743,0,0.627980275813308
1,23.12,0,4.39560768591716,182.93992996671,42.1882127336851,0,0.627943955131022
1,23.13,0,4.39535372815152,182.932475190924,42.1858778065946,0,0.627907675450217
1,23.14,0,4.39510005613012,182.925020584466,42.1835430042133,0,0.627871436590017
1,23.15,0,4.39484666859305,182.917566147837,42.1812083266507,0,0.627835238370435
1,23.16,0,4.39459356428958,182.910111881531,42.1788737740157,0,0.627799080612797
1,23.17,0,4.39434074197195,182.902657786042,42.1765393464169,0,0.627762963138851
1,23.18,0,4.39408820039736,182.895203861862,42.1742050439623,0,0.627726885771051
1,23.19,0,4.39383593832862,182.887750109482,42.1718708667594,0,0.62769084833266
1,23.2,0,4.39358395453418,182.880296529388,42.1695368149154,0,0.62765485064774
1,23.21,0,4.39333224778808,182.872843122065,42.1672028885365,0,0.627618892541154
1,23.22,0,4.39308081686994,182.865389887998,42.1648690877287,0,0.627582973838562
1,23.23,0,4.3928296605649,182.857936827667,42.1625354125975,0,0.627547094366415
1,23.24,0,4.39257877766366,182.85048394155,42.1602018632476,0,0.627511253951951
1,23.25,0,4.39232816696237,182.843031230124,42.1578684397835,0,0.627475452423195
1,23.26,0,4.39207782726266,182.835578693862,42.1555351423088,0,0.627439689608952
1,23.27,0,4.39182775737163,182.828126333238,42.1532019709269,0,0.627403965338804
1,23.28,0,4.39157795610176,182.82067414872,42.1508689257406,0,0.627368279443108
1,23.29,0,4.39132842227094,182.813222140777,42.148536006852,0,0.627332631752992
1,23.3,0,4.39107915470243,182.805770309873,42.146203214363,0,0.627297022100348
1,23.31,0,4.39083015222483,182.798318656473,42.1438705483747,0,0.627261450317834
1,23.32,0,4.39058141367206,182.790867181037,42.1415380089878,0,0.627225916238866
1,23.33,0,4.39033293788333,182.783415884024,42.1392055963026,0,0.627190419697619
1,23.34,0,4.39008472370312,182.775964765891,42.1368733104187,0,0.627154960529017
1,23.35,0,4.38983676998115,182.768513827094,42.1345411514353,0,0.627119538568736
1,23.36,0,4.38958907557238,182.761063068085,42.1322091194512,0,0.627084153653197
1,23.37,0,4.38934163933695,182.753612489314,42.1298772145644,0,0.627048805619564
1,23.38,0,4.38909446014016,182.74616209123,42.1275454368727,0,0.627013494305737
1,23.39,0,4.38884753685249,182.73871187428,42.1252137864733,0,0.626978219550356
1,23.4,0,4.38860086834953,182.731261838907,42.1228822634629,0,0.62694298119279
1,23.41,0,4.38835445351196,182.723811985555,42.1205508679377,0,0.626907779073137
1,23.42,0,4.38810829122554,182.716362314664,42.1182195999934,0,0.62687261303222
1,23.43,0,4.3878623803811,182.708912826671,42.1158884597253,0,0.626837482911586
1,23.44,0,4.38761671987449,182.701463522014,42.1135574472281,0,0.626802388553498
1,23.45,0,4.38737130860655,182.694014401125,42.1112265625961,0,0.626767329800935
1,23.46,0,4.38712614548312,182.686565464439,42.1088958059232,0,0.626732306497589
1,23.47,0,4.38688122941501,182.679116712384,42.1065651773026,0,0.626697318487858
1,23.48,0,4.38663655931794,182.67166814539,42.1042346768273,0,0.626662365616848
1,23.49,0,4.38639213411255,182.664219763882,42.1019043045895,0,0.626627447730364
1,23.5,0,4.38614795272438,182.656771568285,42.0995740606811,0,0.626592564674912
1,23.51,0,4.38590401408384,182.64932355902,42.0972439451938,0,0.626557716297691
1,23.52,0,4.38566031712616,182.64187573651,42.0949139582183,0,0.626522902446595
1,23.53,0,4.38541686079142,182.634428101171,42.0925840998453,0,0.626488122970202
1,23.54,0,4.38517364402447,182.62698065342,42.0902543701648,0,0.626453377717781
1,23.55,0,4.38493066577496,182.619533393673,42.0879247692664,0,0.62641866653928
1,23.56,0,4.38468792499728,182.612086322342,42.0855952972392,0,0.626383989285325
1,23.57,0,4.38444542065055,182.604639439837,42.0832659541719,0,0.626349345807221
1,23.58,0,4.3842031516986,182.597192746567,42.0809367401528,0,0.626314735956944
1,23.59,0,4.38396111707225,182.589746242955,42.0786076552732,0,0.62628015958175
1,23.6,0,4.38371931583005,182.582299929372,42.0762786996124,0,0.62624561654715
1,23.61,0,4.38347774690576,182.574853806238,42.0739498732614,0,0.626211106700823
1,23.62,0,4.38323640928235,182.567407873954,42.0716211763066,0,0.626176629897479
1,23.63,0,4.3829953019474,182.559962132921,42.069292608834,0,0.626142185992486
1,23.64,0,4.38275442389307,182.552516583535,42.0669641709291,0,0.626107774841867
1,23.65,0,4.3825137741161,182.545071226192,42.064635862677,0,0.626073396302301
1,23.66,0,4.38227335161779,182.537626061286,42.0623076841623,0,0.626039050231113
1,23.67,0,4.38203315540394,182.530181089208,42.0599796354692,0,0.626004736486277
1,23.68,0,4.3817931844849,182.52273631035,42.0576517166816,0,0.625970454926414
1,23.69,0,4.38155343787547,182.5152917251,42.0553239278827,0,0.625936205410782
1,23.7,0,4.38131391459496,182.507847333843,42.0529962691555,0,0.62590198779928
1,23.71,0,4.38107461366709,182.500403136965,42.0506687405824,0,0.625867801952442
1,23.72,0,4.38083553412004,182.492959134849,42.0483413422455,0,0.625833647731435
1,23.73,0,4.38059667498639,182.485515327876,42.0460140742265,0,0.625799524998055
1,23.74,0,4.38035803530309,182.478071716426,42.0436869366066,0,0.625765433614727
1,23.75,0,4.38011961411148,182.470628300875,42.0413599294665,0,0.625731373444497
1,23.76,0,4.37988141045724,182.463185081601,42.0390330528867,0,0.625697344351034
1,23.77,0,4.37964342339039,182.455742058977,42.0367063069471,0,0.625663346198627
1,23.78,0,4.37940565196524,182.448299233376,42.0343796917273,0,0.625629378852178
1,23.79,0,4.37916809524041,182.440856605169,42.0320532073064,0,0.625595442177201
1,23.8,0,4.37893075227877,182.433414174724,42.0297268537631,0,0.625561536039825
1,23.81,0,4.37869362214746,182.425971942409,42.0274006311758,0,0.62552766030678
1,23.82,0,4.37845670391782,182.41852990859,42.0250745396224,0,0.625493814845403
1,23.83,0,4.37821999666544,182.41108807363,42.0227485791805,0,0.625459999523635
1,23.84,0,4.37798349947007,182.403646437892,42.020422749927,0,0.62542621421001
1,23.85,0,4.37774721141565,182.396205001736,42.0180970519387,0,0.625392458773664
1,23.86,0,4.37751113159026,182.388763765521,42.015771485292,0,0.625358733084323
1,23.87,0,4.37727525908612,182.381322729605,42.0134460500628,0,0.625325037012303
1,23.88,0,4.37703959299956,182.373881894342,42.0111207463265,0,0.625291370428509
1,23.89,0,4.37680413243102,182.366441260088,42.0087955741584,0,0.625257733204431
1,23.9,0,4.37656887648498,182.359000827193,42.006470533633,0,0.62522412521214
1,23.91,0,4.37633382427001,182.35156059601,42.0041456248249,0,0.625190546324288
1,23.92,0,4.37609897489872,182.344120566886,42.001820847808,0,0.625156996414102
1,23.93,0,4.3758643274877,182.336680740169,41.9994962026558,0,0.625123475355386
1,23.94,0,4.37562988115758,182.329241116205,41.9971716894415,0,0.625089983022512
1,23.95,0,4.37539563503296,182.321801695338,41.994847308238,0,0.625056519290422
1,23.96,0,4.37516158824238,182.314362477912,41.9925230591176,0,0.625023084034625
1,23.97,0,4.37492773991834,182.306923464265,41.9901989421524,0,0.624989677131192
1,23.98,0,4.37469408919729,182.29948465474,41.9878749574142,0,0.624956298456755
1,23.99,0,4.37446063521953,182.292046049672,41.9855511049741,0,0.624922947888504
1,24,0,4.3742273771293,182.284607649398,41.9832273849032,0,0.624889625304185
1,24.01,0,4.37399431407467,182.277169454254,41.980903797272,0,0.624856330582095
1,24.02,0,4.37376144520758,182.269731464571,41.9785803421506,0,0.624823063601083
1,24.03,0,4.37352876968498,182.262293680683,41.9762570196089,0,0.624789824240711
1,24.04,0,4.37329628667054,182.254856102916,41.9739338297157,0,0.624756612381506
1,24.05,0,4.37306399532842,182.247418731599,41.9716107725403,0,0.62472342790406
1,24.06,0,4.37283189482624,182.239981567059,41.9692878481512,0,0.624690270689463
1,24.07,0,4.3725999843354,182.232544609622,41.9669650566167,0,0.624657140619343
1,24.08,0,4.37236826303107,182.225107859611,41.9646423980049,0,0.624624037575867
1,24.09,0,4.37213673009215,182.217671317348,41.9623198723833,0,0.624590961441736
1,24.1,0,4.37190538470129,182.210234983155,41.9599974798191,0,0.624557912100184
1,24.11,0,4.37167422604481,182.202798857351,41.9576752203793,0,0.624524889434973
1,24.12,0,4.37144325331276,182.195362940253,41.9553530941305,0,0.624491893330394
1,24.13,0,4.37121246569883,182.187927232178,41.9530311011386,0,0.624458923671261
1,24.14,0,4.37098186240038,182.18049173344,41.9507092414697,0,0.624425980342912
1,24.15,0,4.37075144261842,182.173056444355,41.9483875151892,0,0.624393063231202
1,24.16,0,4.37052120555755,182.165621365232,41.9460659223622,0,0.624360172222507
1,24.17,0,4.370291150426,182.158186496383,41.9437444630535,0,0.624327307203714
1,24.18,0,4.37006127643558,182.150751838117,41.9414231373276,0,0.624294468062226
1,24.19,0,4.36983158280168,182.143317390741,41.9391019452485,0,0.624261654685954
1,24.2,0,4.36960206874321,182.135883154563,41.93678088688,0,0.624228866963316
1,24.21,0,4.36937273348265,182.128449129885,41.9344599622856,0,0.624196104783236
1,24.22,0,4.36914357624599,182.121015317013,41.9321391715284,0,0.624163368035142
1,24.23,0,4.36891459626272,182.113581716247,41.929818514671,0,0.62413065660896
1,24.24,0,4.36868579276581,182.106148327889,41.9274979917759,0,0.624097970395115
1,24.25,0,4.3684571649917,182.098715152238,41.9251776029051,0,0.624065309284529
1,24.26,0,4.3682287121803,182.091282189591,41.9228573481205,0,0.624032673168614
1,24.27,0,4.36800043357494,182.083849440245,41.9205372274835,0,0.624000061939276
1,24.28,0,4.36777232842236,182.076416904494,41.9182172410551,0,0.623967475488909
1,24.29,0,4.36754439597274,182.068984582633,41.9158973888961,0,0.623934913710391
1,24.3,0,4.36731663547961,182.061552474954,41.913577671067,0,0.623902376497086
1,24.31,0,4.36708904619988,182.054120581747,41.9112580876279,0,0.62386986374284
1,24.32,0,4.36686162739383,182.046688903303,41.9089386386385,0,0.623837375341975
1,24.33,0,4.36663437832506,182.039257439909,41.9066193241584,0,0.623804911189294
1,24.34,0,4.36640729826051,182.031826191853,41.9043001442467,0,0.623772471180072
1,24.35,0,4.3661803864704,182.024395159419,41.9019810989622,0,0.623740055210057
1,24.36,0,4.36595364222827,182.016964342893,41.8996621883636,0,0.623707663175468
1,24.37,0,4.36572706481092,182.009533742557,41.8973434125089,0,0.623675294972989
1,24.38,0,4.36550065349841,182.002103358693,41.8950247714561,0,0.623642950499773
1,24.39,0,4.36527440757404,181.99467319158,41.8927062652629,0,0.623610629653434
1,24.4,0,4.36504832632434,181.987243241499,41.8903878939864,0,0.623578332332049
1,24.41,0,4.36482240903906,181.979813508727,41.8880696576836,0,0.623546058434152
1,24.42,0,4.36459665501113,181.97238399354,41.8857515564112,0,0.623513807858733
1,24.43,0,4.36437106353668,181.964954696213,41.8834335902256,0,0.62348158050524
1,24.44,0,4.36414563391498,181.95752561702,41.8811157591828,0,0.623449376273569
1,24.45,0,4.36392036544848,181.950096756235,41.8787980633386,0,0.623417195064068
1,24.46,0,4.36369525744273,181.942668114127,41.8764805027485,0,0.623385036777533
1,24.47,0,4.36347030920644,181.935239690968,41.8741630774675,0,0.623352901315205
1,24.48,0,4.36324552005138,181.927811487026,41.8718457875506,0,0.623320788578769
1,24.49,0,4.36302088929245,181.920383502569,41.8695286330523,0,0.62328869847035
1,24.5,0,4.3627964162476,181.912955737862,41.8672116140268,0,0.623256630892514
1,24.51,0,4.36257210023783,181.905528193172,41.8648947305283,0,0.623224585748262
1,24.52,0,4.36234794058722,181.898100868763,41.8625779826102,0,0.623192562941031
1,24.53,0,4.36212393662284,181.890673764896,41.8602613703261,0,0.623160562374692
1,24.54,0,4.36190008767745,181.883246881832,41.8579448937288,0,0.623128583953921
1,24.55,0,4.36167639309289,181.875820219828,41.8556285528702,0,0.623096627584699
1,24.56,0,4.36145285220682,181.868393779143,41.8533123478027,0,0.623064693172402
1,24.57,0,4.36122946435929,181.860967560033,41.8509962785785,0,0.623032780622756
1,24.58,0,4.36100622889338,181.853541562756,41.8486803452495,0,0.623000889841912
1,24.59,0,4.36078314515514,181.846115787566,41.8463645478672,0,0.622969020736449
1,24.6,0,4.36056021249358,181.838690234717,41.8440488864829,0,0.622937173213368
1,24.61,0,4.36033743026066,181.831264904461,41.8417333611476,0,0.622905347180094
1,24.62,0,4.36011479781131,181.823839797051,41.839417971912,0,0.622873542544473
1,24.63,0,4.35989231450336,181.816414912737,41.8371027188266,0,0.622841759214766
1,24.64,0,4.35966997969758,181.808990251767,41.8347876019415,0,0.622809997099654
1,24.65,0,4.35944779275762,181.801565814389,41.8324726213067,0,0.622778256108231
1,24.66,0,4.35922575305003,181.794141600851,41.8301577769717,0,0.622746536150004
1,24.67,0,4.35900385994424,181.786717611399,41.8278430689859,0,0.622714837134891
1,24.68,0,4.35878211281253,181.779293846275,41.8255284973983,0,0.622683158973218
1,24.69,0,4.35856051103004,181.771870305725,41.8232140622578,0,0.622651501575721
1,24.7,0,4.35833905397476,181.764446989989,41.8208997636128,0,0.622619864853537
1,24.71,0,4.35811774102747,181.75702389931,41.8185856015115,0,0.62258824871821
1,24.72,0,4.35789657157179,181.749601033927,41.816271576002,0,0.622556653081684
1,24.73,0,4.35767554499413,181.742178394079,41.813957687132,0,0.622525077856304
1,24.74,0,4.35745466068369,181.734755980004,41.8116439349488,0,0.622493522954813
1,24.75,0,4.35723391803244,181.727333791938,41.8093303194998,0,0.622461988290348
1,24.76,0,4.35701331643511,181.719911830116,41.8070168408317,0,0.622430473776444
1,24.77,0,4.35679285528919,181.712490094773,41.8047034989912,0,0.622398979327027
1,24.78,0,4.35657253399489,181.705068586143,41.8023902940248,0,0.622367504856413
1,24.79,0,4.35635235195516,181.697647304457,41.8000772259784,0,0.622336050279309
1,24.8,0,4.35613230857566,181.690226249946,41.7977642948981,0,0.622304615510809
1,24.81,0,4.35591240326475,181.682805422841,41.7954515008294,0,0.622273200466393
1,24.82,0,4.35569263543347,181.67538482337,41.7931388438175,0,0.622241805061924
1,24.83,0,4.35547300449554,181.667964451762,41.7908263239078,0,0.622210429213648
1,24.84,0,4.35525350986735,181.660544308242,41.7885139411448,0,0.622179072838194
1,24.85,0,4.35503415096796,181.653124393037,41.7862016955734,0,0.622147735852565
1,24.86,0,4.35481492721902,181.645704706371,41.7838895872376,0,0.622116418174146
1,24.87,0,4.35459583804487,181.638285248468,41.7815776161818,0,0.622085119720696
1,24.88,0,4.35437688287243,181.630866019549,41.7792657824496,0,0.622053840410347
1,24.89,0,4.35415806113123,181.623447019838,41.7769540860846,0,0.622022580161604
1,24.9,0,4.35393937225341,181.616028249554,41.7746425271302,0,0.621991338893344
1,24.91,0,4.35372081567369,181.608609708916,41.7723311056294,0,0.621960116524812
1,24.92,0,4.35350239082935,181.601191398143,41.7700198216251,0,0.621928912975621
1,24.93,0,4.35328409716024,181.593773317452,41.7677086751599,0,0.621897728165748
1,24.94,0,4.35306593410876,181.586355467059,41.765397666276,0,0.621866562015538
1,24.95,0,4.35284790111986,181.57893784718,41.7630867950157,0,0.621835414445694
1,24.96,0,4.352629997641,181.571520458029,41.7607760614207,0,0.621804285377285
1,24.97,0,4.35241222312216,181.564103299819,41.7584654655327,0,0.621773174731737
1,24.98,0,4.35219457701583,181.556686372762,41.756155007393,0,0.621742082430833
1,24.99,0,4.35197705877701,181.54926967707,41.7538446870428,0,0.621711008396715
1,25,0,4.35175966786315,181.541853212952,41.751534504523,0,0.621679952551879
1,25.01,0,4.35154240373421,181.534436980619,41.7492244598742,0,0.621648914819173
1,25.02,0,4.35132526585259,181.527020980277,41.7469145531369,0,0.621617895121799
1,25.03,0,4.35110825368316,181.519605212135,41.7446047843512,0,0.621586893383309
1,25.04,0,4.35089136669322,181.512189676398,41.7422951535571,0,0.621555909527602
1,25.05,0,4.35067460435184,181.504774373273,41.7399856607944,0,0.621524943478835
1,25.06,0,4.35045796612916,181.497359302963,41.7376763061029,0,0.621493995161308
1,25.07,0,4.35024145149939,181.489944465674,41.7353670895216,0,0.621463064499913
1,25.08,0,4.35002505993926,181.482529861606,41.7330580110898,0,0.621432151419894
1,25.09,0,4.34980879092789,181.475115490963,41.7307490708463,0,0.621401255846841
1,25.1,0,4.34959264394677,181.467701353943,41.7284402688296,0,0.621370377706681
1,25.11,0,4.34937661847974,181.460287450747,41.7261316050782,0,0.621339516925677
1,25.12,0,4.349160714013,181.452873781574,41.72382307963,0,0.621308673430429
1,25.13,0,4.3489449300351,181.445460346621,41.7215146925232,0,0.621277847147872
1,25.14,0,4.34872926603691,181.438047146085,41.7192064437954,0,0.621247038005273
1,25.15,0,4.34851372151162,181.430634180161,41.7168983334841,0,0.621216245930231
1,25.16,0,4.34829829595473,181.423221449046,41.7145903616264,0,0.621185470850675
1,25.17,0,4.34808298886405,181.415808952931,41.7122825282595,0,0.621154712694865
1,25.18,0,4.34786779973969,181.408396692012,41.7099748334202,0,0.621123971391385
1,25.19,0,4.34765272808403,181.400984666479,41.7076672771451,0,0.621093246869147
1,25.2,0,4.34743777340171,181.393572876524,41.7053598594705,0,0.621062539057387
1,25.21,0,4.34722293519967,181.386161322338,41.7030525804326,0,0.621031847885667
1,25.22,0,4.34700821298707,181.378750004109,41.7007454400673,0,0.621001173283866
1,25.23,0,4.34679360627532,181.371338922027,41.6984384384104,0,0.620970515182189
1,25.24,0,4.3465791145781,181.363928076278,41.6961315754975,0,0.620939873511157
1,25.25,0,4.34636473741127,181.35651746705,41.6938248513637,0,0.62090924820161
1,25.26,0,4.34615047429293,181.349107094528,41.6915182660443,0,0.620878639184704
1,25.27,0,4.34593632474339,181.341696958897,41.689211819574,0,0.620848046391912
1,25.28,0,4.34572228828515,181.334287060341,41.6869055119876,0,0.620817469755021
1,25.29,0,4.34550836444291,181.326877399044,41.6845993433194,0,0.62078690920613
1,25.3,0,4.34529455274354,181.319467975188,41.6822933136039,0,0.620756364677649
1,25.31,0,4.3450808527161,181.312058788953,41.6799874228749,0,0.6207258361023
1,25.32,0,4.3448672638918,181.304649840521,41.6776816711664,0,0.620695323413114
1,25.33,0,4.344653785804,181.297241130072,41.675376058512,0,0.620664826543429
1,25.34,0,4.34444041798822,181.289832657783,41.673070584945,0,0.620634345426889
1,25.35,0,4.34422715998212,181.282424423834,41.6707652504987,0,0.620603879997446
1,25.36,0,4.34401401132548,181.2750164284,41.6684600552062,0,0.620573430189354
1,25.37,0,4.34380097156019,181.267608671659,41.6661549991003,0,0.62054299593717
1,25.38,0,4.34358804023029,181.260201153785,41.6638500822134,0,0.620512577175756
1,25.39,0,4.34337521688189,181.252793874954,41.6615453045782,0,0.62048217384027
1,25.4,0,4.34316250106321,181.245386835338,41.6592406662267,0,0.620451785866173
1,25.41,0,4.34294989232456,181.237980035112,41.656936167191,0,0.620421413189223
1,25.42,0,4.34273739021832,181.230573474445,41.6546318075028,0,0.620391055745475
1,25.43,0,4.34252499429897,181.223167153511,41.6523275871939,0,0.620360713471281
1,25.44,0,4.34231270412301,181.215761072479,41.6500235062956,0,0.620330386303288
1,25.45,0,4.34210051924905,181.208355231518,41.6477195648391,0,0.620300074178435
1,25.46,0,4.34188843923769,181.200949630798,41.6454157628555,0,0.620269777033956
1,25.47,0,4.34167646365163,181.193544270487,41.6431121003755,0,0.620239494807376
1,25.48,0,4.34146459205557,181.18613915075,41.6408085774298,0,0.62020922743651
1,25.49,0,4.34125282401623,181.178734271755,41.6385051940489,0,0.620178974859461
1,25.5,0,4.34104115910237,181.171329633667,41.6362019502629,0,0.620148737014624
1,25.51,0,4.34082959688476,181.163925236651,41.633898846102,0,0.620118513840679
1,25.52,0,4.34061813693615,181.15652108087,41.631595881596,0,0.620088305276593
1,25.53,0,4.34040677883132,181.149117166487,41.6292930567745,0,0.620058111261617
1,25.54,0,4.34019552214701,181.141713493665,41.6269903716671,0,0.620027931735287
1,25.55,0,4.33998436646196,181.134310062565,41.624687826303,0,0.619997766637423
1,25.56,0,4.33977331135259,181.126906873349,41.6223854207117,0,0.619967615907512
1,25.57,0,4.33956235638898,181.119503926182,41.6200831549234,0,0.619937479484139
1,25.58,0,4.33935150115368,181.112101221224,41.617781028967,0,0.619907357307668
1,25.59,0,4.3391407452318,181.104698758634,41.6154790428711,0,0.619877249318829
1,25.6,0,4.33893008821035,181.09729653857,41.6131771966643,0,0.619847155458622
1,25.61,0,4.33871952967821,181.089894561189,41.6108754903749,0,0.619817075668316
1,25.62,0,4.33850906922613,181.082492826648,41.6085739240309,0,0.619787009889448
1,25.63,0,4.33829870644674,181.075091335103,41.6062724976605,0,0.61975695806382
1,25.64,0,4.3380884409345,181.067690086708,41.6039712112913,0,0.6197269201335
1,25.65,0,4.33787827228575,181.060289081619,41.601670064951,0,0.619696896040822
1,25.66,0,4.33766820009865,181.052888319987,41.5993690586669,0,0.619666885728379
1,25.67,0,4.3374582239732,181.045487801968,41.5970681924664,0,0.619636889139028
1,25.68,0,4.33724834351122,181.038087527712,41.5947674663765,0,0.619606906215889
1,25.69,0,4.33703855831637,181.03068749737,41.5924668804242,0,0.619576936902338
1,25.7,0,4.33682886799408,181.023287711094,41.5901664346361,0,0.619546981142012
1,25.71,0,4.33661927215163,181.015888169034,41.5878661290388,0,0.619517038878805
1,25.72,0,4.33640977039807,181.008488871338,41.5855659636587,0,0.619487110056867
1,25.73,0,4.33620036234423,181.001089818156,41.5832659385221,0,0.619457194620605
1,25.74,0,4.33599104760275,180.993691009634,41.5809660536549,0,0.619427292514679
1,25.75,0,4.33578182578802,180.98629244592,41.5786663090831,0,0.619397403684003
1,25.76,0,4.3355726965162,180.97889412716,41.5763667048323,0,0.619367528073743
1,25.77,0,4.33536365940523,180.971496053501,41.5740672409282,0,0.619337665629318
1,25.78,0,4.33515471407477,180.964098225086,41.571767917396,0,0.619307816296396
1,25.79,0,4.33494586014625,180.95670064206,41.569468734261,0,0.619277980020893
1,25.8,0,4.33473709724284,180.949303304566,41.5671696915481,0,0.619248156748977
1,25.81,0,4.33452842498942,180.941906212748,41.5648707892824,0,0.61921834642706
1,25.82,0,4.33431984301262,180.934509366748,41.5625720274885,0,0.619188549001803
1,25.83,0,4.33411135094078,180.927112766706,41.5602734061909,0,0.619158764420111
1,25.84,0,4.33390294840393,180.919716412764,41.557974925414,0,0.619128992629133
1,25.85,0,4.33369463503384,180.912320305061,41.555676585182,0,0.619099233576263
1,25.86,0,4.33348641046396,180.904924443738,41.5533783855191,0,0.619069487209137
1,25.87,0,4.33327827432943,180.897528828932,41.551080326449,0,0.619039753475633
1,25.88,0,4.33307022626708,180.890133460783,41.5487824079955,0,0.619010032323869
1,25.89,0,4.33286226591542,180.882738339426,41.5464846301822,0,0.618980323702203
1,25.9,0,4.33265439291463,180.875343464999,41.5441869930326,0,0.618950627559233
1,25.91,0,4.33244660690655,180.867948837638,41.5418894965697,0,0.618920943843793
1,25.92,0,4.3322389075347,180.860554457478,41.5395921408168,0,0.618891272504957
1,25.93,0,4.33203129444422,180.853160324654,41.5372949257968,0,0.618861613492031
1,25.94,0,4.33182376728193,180.845766439299,41.5349978515325,0,0.618831966754562
1,25.95,0,4.33161632569628,180.838372801548,41.5327009180464,0,0.618802332242326
1,25.96,0,4.33140896933735,180.830979411532,41.530404125361,0,0.618772709905336
1,25.97,0,4.33120169785686,180.823586269385,41.5281074734987,0,0.618743099693836
1,25.98,0,4.33099451090813,180.816193375236,41.5258109624816,0,0.618713501558304
1,25.99,0,4.33078740814612,180.808800729217,41.5235145923318,0,0.618683915449446
1,26,0,4.33058038922741,180.801408331459,41.5212183630709,0,0.618654341318202
1,26.01,0,4.33037345381016,180.79401618209,41.5189222747208,0,0.618624779115737
1,26.02,0,4.33016660155414,180.786624281238,41.516626327303,0,0.618595228793449
1,26.03,0,4.32995983212072,180.779232629034,41.5143305208389,0,0.618565690302961
1,26.04,0,4.32975314517286,180.771841225603,41.5120348553496,0,0.618536163596123
1,26.05,0,4.32954654037509,180.764450071072,41.5097393308563,0,0.618506648625013
1,26.06,0,4.32934001739353,180.757059165569,41.50744394738,0,0.618477145341933
1,26.07,0,4.32913357589179,180.74966850922,41.5051487049417,0,0.618447653698828
1,26.08,0,4.32892721552791,180.742278102154,41.5028536035632,0,0.618418173646844
1,26.09,0,4.32872093597089,180.734887944497,41.5005586432652,0,0.618388705138698
1,26.1,0,4.32851473689176,180.727498036373,41.4982638240681,0,0.618359248127395
1,26.11,0,4.32830861796308,180.720108377906,41.4959691459922,0,0.618329802566154
1,26.12,0,4.32810257885886,180.712718969218,41.4936746090578,0,0.618300368408409
1,26.13,0,4.32789661925463,180.705329810432,41.4913802132848,0,0.618270945607804
1,26.14,0,4.32769073882737,180.69794090167,41.4890859586932,0,0.618241534118196
1,26.15,0,4.32748493725556,180.690552243053,41.4867918453026,0,0.618212133893651
1,26.16,0,4.32727921421913,180.683163834703,41.4844978731328,0,0.618182744888447
1,26.17,0,4.32707356939948,180.675775676738,41.4822040422031,0,0.618153367057068
1,26.18,0,4.32686800247945,180.668387769278,41.479910352533,0,0.618124000354208
1,26.19,0,4.32666251314336,180.661000112443,41.4776168041416,0,0.618094644734765
1,26.2,0,4.32645710107693,180.65361270635,41.4753233970479,0,0.618065300153846
1,26.21,0,4.32625176596734,180.646225551118,41.4730301312709,0,0.618035966566763
1,26.22,0,4.32604650750322,180.638838646863,41.4707370068295,0,0.618006643929032
1,26.23,0,4.32584132537459,180.631451993702,41.4684440237421,0,0.61797733219637
1,26.24,0,4.32563621927291,180.624065591752,41.4661511820274,0,0.617948031324702
1,26.25,0,4.32543118889106,180.616679441127,41.4638584817036,0,0.617918741270151
1,26.26,0,4.3252262339233,180.609293541943,41.4615659227892,0,0.617889461989042
1,26.27,0,4.32502135406531,180.601907894313,41.4592735053021,0,0.617860193437902
1,26.28,0,4.32481654901418,180.594522498352,41.4569812292603,0,0.617830935573455
1,26.29,0,4.32461181846838,180.587137354173,41.4546890946817,0,0.617801688352625
1,26.3,0,4.32440716212775,180.579752461889,41.4523971015841,0,0.617772451732535
1,26.31,0,4.32420257969353,180.572367821611,41.4501052499849,0,0.617743225670505
1,26.32,0,4.32399807086834,180.564983433451,41.4478135399016,0,0.617714010124049
1,26.33,0,4.32379363535616,180.55759929752,41.4455219713515,0,0.617684805050879
1,26.34,0,4.32358927286232,180.550215413929,41.4432305443519,0,0.617655610408902
1,26.35,0,4.32338498309353,180.542831782787,41.4409392589197,0,0.617626426156219
1,26.36,0,4.32318076575786,180.535448404203,41.4386481150719,0,0.617597252251122
1,26.37,0,4.3229766205647,180.528065278288,41.4363571128254,0,0.6175680886521
1,26.38,0,4.32277254722481,180.520682405148,41.4340662521967,0,0.61753893531783
1,26.39,0,4.32256854545028,180.513299784892,41.4317755332024,0,0.617509792207182
1,26.4,0,4.32236461495452,180.505917417626,41.429484955859,0,0.617480659279218
1,26.41,0,4.3221607554523,180.498535303458,41.4271945201826,0,0.617451536493186
1,26.42,0,4.32195696665969,180.491153442493,41.4249042261896,0,0.617422423808527
1,26.43,0,4.32175324829407,180.483771834838,41.4226140738959,0,0.617393321184867
1,26.44,0,4.32154960007416,180.476390480596,41.4203240633173,0,0.617364228582023
1,26.45,0,4.32134602171998,180.469009379874,41.4180341944698,0,0.617335145959997
1,26.46,0,4.32114251295284,180.461628532773,41.415744467369,0,0.617306073278977
1,26.47,0,4.32093907349537,180.454247939399,41.4134548820303,0,0.617277010499339
1,26.48,0,4.32073570307148,180.446867599855,41.4111654384693,0,0.61724795758164
1,26.49,0,4.32053240140638,180.439487514241,41.4088761367012,0,0.617218914486626
1,26.5,0,4.32032916822656,180.432107682661,41.4065869767412,0,0.617189881175223
1,26.51,0,4.32012600325979,180.424728105217,41.4042979586043,0,0.617160857608542
1,26.52,0,4.31992290623513,180.417348782007,41.4020090823054,0,0.617131843747876
1,26.53,0,4.31971987688289,180.409969713134,41.3997203478594,0,0.617102839554699
1,26.54,0,4.31951691493466,180.402590898697,41.3974317552809,0,0.617073844990666
1,26.55,0,4.31931402012331,180.395212338796,41.3951433045845,0,0.617044860017615
1,26.56,0,4.31911119218293,180.387834033529,41.3928549957846,0,0.617015884597562
1,26.57,0,4.3189084308489,180.380455982994,41.3905668288956,0,0.6169869186927
1,26.58,0,4.31870573585409,180.373078187291,41.3882788039319,0,0.61695796226487
1,26.59,0,4.31850310692665,180.365700646522,41.3859909209087,0,0.616929015275235
1,26.6,0,4.31830054380416,180.358323360783,41.38370317984,0,0.616900077686309
1,26.61,0,4.31809804622582,180.350946330172,41.3814155807399,0,0.616871149460831
1,26.62,0,4.31789561393197,180.343569554785,41.379128123622,0,0.61684223056171
1,26.63,0,4.31769324666417,180.336193034717,41.3768408085002,0,0.616813320952024
1,26.64,0,4.31749094416515,180.328816770064,41.3745536353881,0,0.616784420595021
1,26.65,0,4.3172887061788,180.321440760922,41.3722666042992,0,0.616755529454114
1,26.66,0,4.31708653245019,180.314065007384,41.3699797152469,0,0.616726647492884
1,26.67,0,4.31688442272555,180.306689509544,41.3676929682445,0,0.616697774675078
1,26.68,0,4.31668237675227,180.299314267497,41.3654063633051,0,0.616668910964609
1,26.69,0,4.31648039427888,180.291939281334,41.3631199004418,0,0.616640056325554
1,26.7,0,4.31627847505508,180.284564551149,41.3608335796676,0,0.616611210722155
1,26.71,0,4.3160766188317,180.277190077034,41.3585474009953,0,0.616582374118815
1,26.72,0,4.31587482536072,180.26981585908,41.3562613644377,0,0.616553546480103
1,26.73,0,4.31567309439524,180.262441897379,41.3539754700073,0,0.616524727770748
1,26.74,0,4.31547142568949,180.255068192021,41.3516897177167,0,0.616495917955641
1,26.75,0,4.31526981899884,180.247694743096,41.3494041075784,0,0.616467116999834
1,26.76,0,4.31506827407978,180.240321550696,41.3471186396046,0,0.616438324868539
1,26.77,0,4.31486679068989,180.232948614908,41.3448333138074,0,0.616409541527127
1,26.78,0,4.3146653685879,180.225575935822,41.3425481301992,0,0.616380766941128
1,26.79,0,4.31446400753361,180.218203513527,41.3402630887917,0,0.61635200107623
1,26.8,0,4.31426270728796,180.21083134811,41.3379781895969,0,0.61632324389828
1,26.81,0,4.31406146761296,180.203459439659,41.3356934326266,0,0.61629449537328
1,26.82,0,4.31386028827173,180.196087788261,41.3334088178924,0,0.616265755467389
1,26.83,0,4.31365916902846,180.188716394003,41.331124345406,0,0.616237024146923
1,26.84,0,4.31345810964845,180.181345256972,41.3288400151787,0,0.61620830137835
1,26.85,0,4.31325710989808,180.173974377253,41.326555827222,0,0.616179587128297
1,26.86,0,4.31305616954478,180.166603754931,41.3242717815471,0,0.61615088136354
1,26.87,0,4.31285528835708,180.159233390093,41.3219878781652,0,0.616122184051011
1,26.88,0,4.31265446610457,180.151863282821,41.3197041170873,0,0.616093495157796
1,26.89,0,4.31245370255791,180.144493433201,41.3174204983244,0,0.61606481465113
1,26.9,0,4.31225299748881,180.137123841315,41.3151370218874,0,0.616036142498402
1,26.91,0,4.31205235067005,180.129754507249,41.3128536877869,0,0.61600747866715
1,26.92,0,4.31185176187545,180.122385431083,41.3105704960337,0,0.615978823125064
1,26.93,0,4.31165123087988,180.115016612901,41.3082874466383,0,0.615950175839983
1,26.94,0,4.31145075745928,180.107648052785,41.3060045396112,0,0.615921536779897
1,26.95,0,4.31125034139059,180.100279750817,41.3037217749626,0,0.615892905912942
1,26.96,0,4.31104998245182,180.092911707076,41.301439152703,0,0.615864283207403
1,26.97,0,4.310849680422,180.085543921645,41.2991566728424,0,0.615835668631714
1,26.98,0,4.31064943508119,180.078176394604,41.2968743353908,0,0.615807062154456
1,26.99,0,4.31044924621048,180.070809126033,41.2945921403584,0,0.615778463744355
1,27,0,4.31024911359199,180.06344211601,41.2923100877548,0,0.615749873370284
1,27.01,0,4.31004903700883,180.056075364616,41.29002817759,0,0.615721291001261
1,27.02,0,4.30984901624515,180.048708871929,41.2877464098735,0,0.615692716606451
1,27.03,0,4.30964905108612,180.041342638027,41.2854647846149,0,0.61566415015516
1,27.04,0,4.30944914131789,180.033976662989,41.2831833018237,0,0.615635591616842
1,27.05,0,4.30924928672764,180.026610946891,41.2809019615094,0,0.615607040961091
1,27.06,0,4.30904948710353,180.019245489811,41.2786207636811,0,0.615578498157647
1,27.07,0,4.30884974223472,180.011880291826,41.2763397083481,0,0.615549963176389
1,27.08,0,4.30865005191139,180.004515353011,41.2740587955195,0,0.615521435987342
1,27.09,0,4.30845041592156,179.997150673444,41.2717780252045,0,0.615492916560224
1,27.1,0,4.30825083404978,179.989786253204,41.2694973974129,0,0.615464404864254
1,27.11,0,4.30805130608801,179.982422092366,41.2672169121536,0,0.615435900869715
1,27.12,0,4.30785183182942,179.975058191005,41.2649365694352,0,0.61540740454706
1,27.13,0,4.30765241106813,179.967694549196,41.2626563692667,0,0.615378915866876
1,27.14,0,4.30745304359922,179.960331167014,41.2603763116566,0,0.615350434799888
1,27.15,0,4.30725372921865,179.952968044531,41.2580963966135,0,0.61532196131695
1,27.16,0,4.30705446772336,179.945605181822,41.2558166241457,0,0.615293495389051
1,27.17,0,4.30685525891118,179.938242578961,41.2535369942618,0,0.615265036987312
1,27.18,0,4.30665610258089,179.930880236019,41.2512575069699,0,0.615236586082984
1,27.19,0,4.30645699853215,179.923518153069,41.2489781622783,0,0.615208142647451
1,27.2,0,4.30625794656558,179.916156330183,41.246698960195,0,0.615179706652226
1,27.21,0,4.30605894648267,179.908794767434,41.2444199007281,0,0.615151278068953
1,27.22,0,4.30585999808583,179.901433464892,41.2421409838856,0,0.615122856869404
1,27.23,0,4.30566110117838,179.894072422629,41.2398622096752,0,0.615094443025482
1,27.24,0,4.30546225556452,179.886711640714,41.2375835781047,0,0.615066036509217
1,27.25,0,4.30526346104937,179.879351119219,41.2353050891818,0,0.615037637292767
1,27.26,0,4.30506471743892,179.871990858214,41.2330267429142,0,0.615009245348417
1,27.27,0,4.30486602454005,179.864630857767,41.2307485393092,0,0.614980860648578
1,27.28,0,4.30466738216053,179.857271117948,41.2284704783744,0,0.61495248316579
1,27.29,0,4.30446879010901,179.849911638826,41.226192560117,0,0.614924112872716
1,27.3,0,4.30427024819502,179.84255242047,41.2239147845443,0,0.614895749742145
1,27.31,0,4.30407175622894,179.835193462947,41.2216371516636,0,0.614867393746992
1,27.32,0,4.30387331402206,179.827834766325,41.2193596614818,0,0.614839044860295
1,27.33,0,4.3036749213865,179.820476330673,41.217082314006,0,0.614810703055215
1,27.34,0,4.30347657813527,179.813118156056,41.2148051092432,0,0.614782368305038
1,27.35,0,4.30327828408221,179.805760242542,41.2125280472001,0,0.614754040583173
1,27.36,0,4.30308003904203,179.798402590197,41.2102511278836,0,0.614725719863148
1,27.37,0,4.30288184283032,179.791045199087,41.2079743513003,0,0.614697406118616
1,27.38,0,4.30268369526346,179.783688069279,41.2056977174567,0,0.614669099323352
1,27.39,0,4.30248559615874,179.776331200836,41.2034212263596,0,0.614640799451248
1,27.4,0,4.30228754533424,179.768974593825,41.2011448780152,0,0.61461250647632
1,27.41,0,4.30208954260891,179.76161824831,41.1988686724299,0,0.614584220372702
1,27.42,0,4.30189158780254,179.754262164355,41.1965926096101,0,0.614555941114649
1,27.43,0,4.30169368073573,179.746906342025,41.1943166895619,0,0.614527668676533
1,27.44,0,4.30149582122992,179.739550781383,41.1920409122914,0,0.614499403032845
1,27.45,0,4.30129800910738,179.732195482493,41.1897652778047,0,0.614471144158197
1,27.46,0,4.30110024419121,179.724840445417,41.1874897861078,0,0.614442892027315
1,27.47,0,4.30090252630531,179.717485670218,41.1852144372065,0,0.614414646615045
1,27.48,0,4.30070485527443,179.71013115696,41.1829392311067,0,0.614386407896346
1,27.49,0,4.30050723092409,179.702776905703,41.1806641678141,0,0.614358175846299
1,27.5,0,4.30030965308067,179.695422916509,41.1783892473343,0,0.614329950440095
1,27.51,0,4.30011212157132,179.68806918944,41.176114469673,0,0.614301731653046
1,27.52,0,4.29991463622402,179.680715724558,41.1738398348356,0,0.614273519460574
1,27.53,0,4.29971719686754,179.673362521922,41.1715653428275,0,0.61424531383822
1,27.54,0,4.29951980333146,179.666009581593,41.1692909936542,0,0.614217114761637
1,27.55,0,4.29932245544615,179.658656903631,41.1670167873208,0,0.614188922206592
1,27.56,0,4.29912515304277,179.651304488096,41.1647427238327,0,0.614160736148967
1,27.57,0,4.29892789595328,179.643952335048,41.1624688031948,0,0.614132556564754
1,27.58,0,4.29873068401043,179.636600444546,41.1601950254123,0,0.614104383430061
1,27.59,0,4.29853351704775,179.629248816648,41.1579213904901,0,0.614076216721106
1,27.6,0,4.29833639489692,179.621897451414,41.1556478984334,0,0.614048056413846
1,27.61,0,4.29813931738707,179.614546348905,41.1533745492476,0,0.614019902483867
1,27.62,0,4.29794228435321,179.607195509179,41.1511013429375,0,0.613991754907601
1,27.63,0,4.29774529563131,179.599844932294,41.1488282795079,0,0.613963613661615
1,27.64,0,4.29754835105807,179.592494618307,41.1465553589635,0,0.613935478722582
1,27.65,0,4.29735145047096,179.585144567275,41.1442825813087,0,0.61390735006728
1,27.66,0,4.29715459370817,179.577794779256,41.1420099465483,0,0.613879227672596
1,27.67,0,4.29695778060863,179.570445254307,41.1397374546866,0,0.613851111515519
1,27.68,0,4.29676101101202,179.563095992483,41.137465105728,0,0.613823001573146
1,27.69,0,4.29656428475873,179.555746993841,41.1351928996769,0,0.613794897822676
1,27.7,0,4.2963676016899,179.548398258436,41.1329208365375,0,0.613766800241414
1,27.71,0,4.29617096164738,179.541049786325,41.1306489163139,0,0.613738708806769
1,27.72,0,4.29597436447375,179.533701577561,41.1283771390104,0,0.613710623496251
1,27.73,0,4.29577781001232,179.5263536322,41.126105504631,0,0.613682544287475
1,27.74,0,4.2955812981071,179.519005950298,41.1238340131796,0,0.613654471158157
1,27.75,0,4.29538482860283,179.511658531907,41.1215626646601,0,0.613626404086118
1,27.76,0,4.29518840134494,179.504311377082,41.1192914590765,0,0.613598343049277
1,27.77,0,4.2949920161796,179.496964485877,41.1170203964324,0,0.613570288025657
1,27.78,0,4.29479567295366,179.489617858346,41.1147494767316,0,0.61354223899338
1,27.79,0,4.29459937151469,179.482271494541,41.1124786999778,0,0.61351419593067
1,27.8,0,4.29440311171096,179.474925394515,41.1102080661744,0,0.613486158815851
1,27.81,0,4.29420689339142,179.467579558321,41.1079375753251,0,0.613458127627345
1,27.82,0,4.29401071640573,179.460233986012,41.1056672274332,0,0.613430102343676
1,27.83,0,4.29381458060425,179.452888677639,41.1033970225022,0,0.613402082943465
1,27.84,0,4.29361848583802,179.445543633254,41.1011269605353,0,0.613374069405431
1,27.85,0,4.29342243195876,179.438198852909,41.0988570415359,0,0.613346061708394
1,27.86,0,4.29322641881889,179.430854336655,41.096587265507,0,0.61331805983127
1,27.87,0,4.29303044627151,179.423510084544,41.0943176324519,0,0.613290063753072
1,27.88,0,4.29283451417039,179.416166096624,41.0920481423735,0,0.613262073452912
1,27.89,0,4.29263862236998,179.408822372948,41.0897787952749,0,0.613234088909997
1,27.9,0,4.29244277072541,179.401478913565,41.0875095911589,0,0.61320611010363
1,27.91,0,4.29224695909249,179.394135718525,41.0852405300285,0,0.613178137013213
1,27.92,0,4.29205118732769,179.386792787878,41.0829716118865,0,0.613150169618241
1,27.93,0,4.29185545528813,179.379450121672,41.0807028367355,0,0.613122207898305
1,27.94,0,4.29165976283163,179.372107719958,41.0784342045783,0,0.61309425183309
1,27.95,0,4.29146410981666,179.364765582784,41.0761657154175,0,0.613066301402379
1,27.96,0,4.29126849610233,179.357423710198,41.0738973692556,0,0.613038356586047
1,27.97,0,4.29107292154843,179.350082102249,41.071629166095,0,0.613010417364061
1,27.98,0,4.2908773860154,179.342740758984,41.0693611059383,0,0.612982483716486
1,27.99,0,4.29068188936434,179.335399680452,41.0670931887878,0,0.612954555623477
1,28,0,4.29048643145699,179.3280588667,41.0648254146458,0,0.612926633065284
1,28.01,0,4.29029101215574,179.320718317775,41.0625577835144,0,0.612898716022248
1,28.02,0,4.29009563132364,179.313378033725,41.060290295396,0,0.612870804474805
1,28.03,0,4.28990028882436,179.306038014595,41.0580229502926,0,0.61284289840348
1,28.04,0,4.28970498452224,179.298698260432,41.0557557482063,0,0.612814997788891
1,28.05,0,4.28950971828224,179.291358771283,41.053488689139,0,0.612787102611749
1,28.06,0,4.28931448996998,179.284019547193,41.0512217730927,0,0.612759212852854
1,28.07,0,4.28911929945168,179.276680588208,41.0489550000693,0,0.612731328493098
1,28.08,0,4.28892414659424,179.269341894374,41.0466883700706,0,0.612703449513462
1,28.09,0,4.28872903126514,179.262003465735,41.0444218830984,0,0.61267557589502
1,28.1,0,4.28853395333254,179.254665302337,41.0421555391542,0,0.612647707618934
1,28.11,0,4.2883389126652,179.247327404224,41.0398893382398,0,0.612619844666457
1,28.12,0,4.2881439091325,179.239989771441,41.0376232803568,0,0.612591987018929
1,28.13,0,4.28794894260447,179.232652404031,41.0353573655066,0,0.612564134657782
1,28.14,0,4.28775401295174,179.225315302039,41.0330915936908,0,0.612536287564535
1,28.15,0,4.28755912004108,179.21797846551,41.0308259649111,0,0.612508445720154
1,28.16,0,4.28736426373773,179.210641894491,41.0285604791695,0,0.61248060910539
1,28.17,0,4.28716944391333,179.203305589024,41.0262951364674,0,0.612452777701904
1,28.18,0,4.28697466044011,179.195969549153,41.0240299368061,0,0.612424951491444
1,28.19,0,4.2867799131909,179.188633774921,41.0217648801869,0,0.612397130455843
1,28.2,0,4.2865852020391,179.181298266371,41.0194999666109,0,0.612369314577014
1,28.21,0,4.28639052685867,179.173963023545,41.0172351960793,0,0.612341503836954
1,28.22,0,4.28619588752419,179.166628046485,41.0149705685931,0,0.612313698217741
1,28.23,0,4.28600128391075,179.159293335235,41.0127060841535,0,0.612285897701535
1,28.24,0,4.28580671589405,179.151958889835,41.0104417427614,0,0.612258102270578
1,28.25,0,4.28561218335034,179.144624710328,41.0081775444177,0,0.612230311907192
1,28.26,0,4.28541768615646,179.137290796754,41.0059134891233,0,0.612202526593779
1,28.27,0,4.28522322418976,179.129957149155,41.003649576879,0,0.612174746312823
1,28.28,0,4.2850287973282,179.122623767571,41.0013858076856,0,0.612146971046886
1,28.29,0,4.28483440545027,179.115290652045,40.9991221815438,0,0.61211920077861
1,28.3,0,4.28464004843502,179.107957802615,40.9968586984543,0,0.612091435490717
1,28.31,0,4.28444572616206,179.100625219323,40.9945953584176,0,0.612063675166008
1,28.32,0,4.28425143851154,179.093292902209,40.9923321614344,0,0.612035919787362
1,28.33,0,4.28405718536416,179.085960851311,40.9900691075051,0,0.612008169337737
1,28.34,0,4.28386296660117,179.078629066671,40.9878061966302,0,0.611980423800167
1,28.35,0,4.28366878210436,179.071297548327,40.9855434288101,0,0.611952683157766
1,28.36,0,4.28347463175607,179.063966296318,40.9832808040451,0,0.611924947393725
1,28.37,0,4.28328051543917,179.056635310684,40.9810183223356,0,0.61189721649131
1,28.38,0,4.28308643303707,179.049304591463,40.9787559836818,0,0.611869490433868
1,28.39,0,4.28289238443372,179.041974138695,40.976493788084,0,0.611841769204817
1,28.4,0,4.28269836951358,179.034643952416,40.9742317355421,0,0.611814052787655
1,28.41,0,4.28250438816168,179.027314032665,40.9719698260565,0,0.611786341165955
1,28.42,0,4.28231044026355,179.019984379481,40.969708059627,0,0.611758634323365
1,28.43,0,4.28211652570526,179.012654992901,40.9674464362537,0,0.611730932243609
1,28.44,0,4.28192264437339,179.005325872962,40.9651849559366,0,0.611703234910485
1,28.45,0,4.28172879615507,178.997997019702,40.9629236186756,0,0.611675542307867
1,28.46,0,4.28153498093792,178.990668433157,40.9606624244705,0,0.611647854419702
1,28.47,0,4.28134119861009,178.983340113365,40.9584013733211,0,0.611620171230013
1,28.48,0,4.28114744906027,178.976012060362,40.9561404652271,0,0.611592492722895
1,28.49,0,4.28095373217762,178.968684274185,40.9538797001884,0,0.611564818882518
1,28.5,0,4.28076004785186,178.961356754869,40.9516190782044,0,0.611537149693123
1,28.51,0,4.2805663959732,178.954029502452,40.949358599275,0,0.611509485139028
1,28.52,0,4.28037277643234,178.946702516968,40.9470982633995,0,0.61148182520462
1,28.53,0,4.28017918912052,178.939375798453,40.9448380705775,0,0.61145416987436
1,28.54,0,4.27998563392948,178.932049346944,40.9425780208085,0,0.611426519132782
1,28.55,0,4.27979211075144,178.924723162474,40.940318114092,0,0.611398872964491
1,28.56,0,4.27959861947915,178.917397245079,40.9380583504272,0,0.611371231354164
1,28.57,0,4.27940516000585,178.910071594794,40.9357987298134,0,0.61134359428655
1,28.58,0,4.27921173222527,178.902746211653,40.9335392522501,0,0.611315961746467
1,28.59,0,4.27901833603165,178.895421095691,40.9312799177364,0,0.611288333718808
1,28.6,0,4.27882497131972,178.888096246942,40.9290207262714,0,0.611260710188532
1,28.61,0,4.27863163798471,178.88077166544,40.9267616778544,0,0.611233091140673
1,28.62,0,4.27843833592232,178.873447351218,40.9245027724844,0,0.611205476560332
1,28.63,0,4.27824506502877,178.866123304311,40.9222440101604,0,0.611177866432681
1,28.64,0,4.27805182520074,178.858799524752,40.9199853908815,0,0.611150260742963
1,28.65,0,4.27785861633542,178.851476012574,40.9177269146466,0,0.611122659476488
1,28.66,0,4.27766543833047,178.84415276781,40.9154685814546,0,0.611095062618638
1,28.67,0,4.27747229108404,178.836829790493,40.9132103913044,0,0.611067470154862
1,28.68,0,4.27727917449476,178.829507080655,40.9109523441948,0,0.61103988207068
1,28.69,0,4.27708608846173,178.822184638329,40.9086944401245,0,0.611012298351676
1,28.7,0,4.27689303288085,178.814862463549,40.9064366790927,0,0.610984718982978
1,28.71,0,4.27670000764875,178.807540556348,40.9041790610983,0,0.610957143949822
1,28.72,0,4.27650701266546,178.800218916758,40.90192158614,0,0.610929573237924
1,28.73,0,4.27631404783144,178.792897544812,40.8996642542165,0,0.610902006833064
1,28.74,0,4.27612111304761,178.78557644054,40.8974070653264,0,0.610874444721088
1,28.75,0,4.27592820821534,178.778255603974,40.8951500194683,0,0.610846886887906
1,28.76,0,4.27573533323644,178.770935035147,40.8928931166405,0,0.610819333319492
1,28.77,0,4.27554248801318,178.763614734088,40.8906363568417,0,0.610791784001883
1,28.78,0,4.27534967244828,178.756294700829,40.8883797400703,0,0.610764238921182
1,28.79,0,4.27515688644487,178.7489749354,40.8861232663246,0,0.610736698063553
1,28.8,0,4.27496412990656,178.741655437833,40.883866935603,0,0.610709161415223
1,28.81,0,4.27477140273738,178.734336208158,40.8816107479038,0,0.610681628962483
1,28.82,0,4.27457870484181,178.727017246405,40.8793547032253,0,0.610654100691687
1,28.83,0,4.27438603612474,178.719698552603,40.8770988015657,0,0.610626576589248
1,28.84,0,4.27419339649152,178.712380126784,40.8748430429231,0,0.610599056641646
1,28.85,0,4.27400078584792,178.705061968977,40.8725874272958,0,0.610571540835418
1,28.86,0,4.27380820410016,178.697744079212,40.8703319546818,0,0.610544029157166
1,28.87,0,4.27361565115485,178.690426457517,40.8680766250792,0,0.610516521593551
1,28.88,0,4.27342312691907,178.683109103922,40.865821438486,0,0.610489018131296
1,28.89,0,4.2732306313003,178.675792018456,40.8635663949002,0,0.610461518757186
1,28.9,0,4.27303816420645,178.668475201149,40.8613114943198,0,0.610434023458065
1,28.91,0,4.27284572554586,178.661158652028,40.8590567367426,0,0.610406532220837
1,28.92,0,4.27265331522727,178.653842371123,40.8568021221665,0,0.610379045032467
1,28.93,0,4.27246093315987,178.646526358461,40.8545476505893,0,0.610351561879981
1,28.94,0,4.27226857925323,178.639210614071,40.8522933220088,0,0.610324082750462
1,28.95,0,4.27207625341738,178.631895137982,40.8500391364228,0,0.610296607631054
1,28.96,0,4.27188395556272,178.62457993022,40.847785093829,0,0.61026913650896
1,28.97,0,4.27169168560009,178.617264990814,40.845531194225,0,0.610241669371442
1,28.98,0,4.27149944344075,178.609950319791,40.8432774376085,0,0.610214206205821
1,28.99,0,4.27130722899633,178.602635917179,40.841023823977,0,0.610186746999476
1,29,0,4.27111504217891,178.595321783004,40.8387703533281,0,0.610159291739844
1,29.01,0,4.27092288290095,178.588007917294,40.8365170256594,0,0.610131840414421
1,29.02,0,4.27073075107533,178.580694320076,40.8342638409682,0,0.610104393010761
1,29.03,0,4.27053864661532,178.573380991377,40.8320107992522,0,0.610076949516474
1,29.04,0,4.27034656943461,178.566067931223,40.8297579005085,0,0.61004950991923
1,29.05,0,4.27015451944727,178.55875513964,40.8275051447346,0,0.610022074206753
1,29.06,0,4.2699624965678,178.551442616655,40.8252525319279,0,0.609994642366828
1,29.07,0,4.26977050071105,178.544130362294,40.8230000620856,0,0.609967214387293
1,29.08,0,4.26957853179232,178.536818376582,40.820747735205,0,0.609939790256045
1,29.09,0,4.26938658972726,178.529506659546,40.8184955512832,0,0.609912369961037
1,29.1,0,4.26919467443194,178.522195211212,40.8162435103176,0,0.609884953490277
1,29.11,0,4.26900278582282,178.514884031604,40.8139916123051,0,0.609857540831832
1,29.12,0,4.26881092381674,178.507573120748,40.8117398572429,0,0.609830131973821
1,29.13,0,4.26861908833095,178.500262478669,40.8094882451281,0,0.609802726904421
1,29.14,0,4.26842727928305,178.492952105392,40.8072367759577,0,0.609775325611865
1,29.15,0,4.26823549659107,178.485642000942,40.8049854497287,0,0.609747928084439
1,29.16,0,4.2680437401734,178.478332165343,40.8027342664381,0,0.609720534310486
1,29.17,0,4.26785200994883,178.471022598621,40.8004832260827,0,0.609693144278404
1,29.18,0,4.26766030583651,178.463713300799,40.7982323286595,0,0.609665757976644
1,29.19,0,4.26746862775599,178.456404271902,40.7959815741653,0,0.609638375393713
1,29.2,0,4.2672769756272,178.449095511954,40.793730962597,0,0.609610996518172
1,29.21,0,4.26708534937045,178.441787020978,40.7914804939512,0,0.609583621338636
1,29.22,0,4.26689374890642,178.434478798999,40.7892301682248,0,0.609556249843774
1,29.23,0,4.26670217415617,178.427170846039,40.7869799854145,0,0.60952888202231
1,29.24,0,4.26651062504104,178.419863162123,40.7847299455169,0,0.609501517863006
1,29.25,0,4.26631910147903,178.412555747276,40.7824800485291,0,0.609474157354147
1,29.26,0,4.26612760338999,178.405248601521,40.7802302944479,0,0.609446800484284
1,29.27,0,4.26593613069602,178.397941724882,40.7779806832698,0,0.609419447242288
1,29.28,0,4.26574468331957,178.390635117381,40.7757312149915,0,0.609392097617081
1,29.29,0,4.26555326118343,178.383328779042,40.7734818896095,0,0.609364751597633
1,29.3,0,4.26536186421077,178.376022709887,40.7712327071204,0,0.609337409172968
1,29.31,0,4.26517049232508,178.36871690994,40.7689836675206,0,0.609310070332155
1,29.32,0,4.26497914545021,178.361411379221,40.7667347708065,0,0.609282735064316
1,29.33,0,4.26478782351036,178.354106117755,40.7644860169746,0,0.609255403358623
1,29.34,0,4.26459652643007,178.346801125562,40.7622374060213,0,0.609228075204296
1,29.35,0,4.26440525413422,178.339496402666,40.7599889379429,0,0.609200750590603
1,29.36,0,4.26421400654804,178.332191949088,40.7577406127357,0,0.609173429506863
1,29.37,0,4.2640227835971,178.324887764849,40.755492430396,0,0.609146111942443
1,29.38,0,4.2638315852073,178.317583849972,40.7532443909202,0,0.609118797886757
1,29.39,0,4.2636404113049,178.310280204478,40.7509964943043,0,0.609091487329271
1,29.4,0,4.26344926181646,178.302976828388,40.7487487405446,0,0.609064180259495
1,29.41,0,4.26325813666892,178.295673721723,40.7465011296373,0,0.609036876666989
1,29.42,0,4.26306703578952,178.288370884506,40.7442536615784,0,0.609009576541361
1,29.43,0,4.26287595910586,178.281068316756,40.7420063363642,0,0.608982279872265
1,29.44,0,4.26268490654583,178.273766018495,40.7397591539906,0,0.608954986649405
1,29.45,0,4.2624938780377,178.266463989743,40.7375121144537,0,0.608927696862529
1,29.46,0,4.26230287351004,178.25916223052,40.7352652177495,0,0.608900410501435
1,29.47,0,4.26211189289176,178.251860740848,40.7330184638739,0,0.608873127555965
1,29.48,0,4.26192093611207,178.244559520747,40.730771852823,0,0.60884584801601
1,29.49,0,4.26173000310054,178.237258570236,40.7285253845927,0,0.608818571871506
1,29.5,0,4.26153909378705,178.229957889336,40.7262790591787,0,0.608791299112436
1,29.51,0,4.2613482081018,178.222657478067,40.724032876577,0,0.608764029728829
1,29.52,0,4.26115734597532,178.215357336449,40.7217868367835,0,0.60873676371076
1,29.53,0,4.26096650733844,178.2080574645,40.7195409397938,0,0.608709501048348
1,29.54,0,4.26077569212233,178.200757862242,40.7172951856038,0,0.608682241731761
1,29.55,0,4.26058490025847,178.193458529693,40.7150495742092,0,0.60865498575121
1,29.56,0,4.26039413167866,178.186159466872,40.7128041056057,0,0.608627733096951
1,29.57,0,4.26020338631501,178.178860673798,40.710558779789,0,0.608600483759287
1,29.58,0,4.26001266409995,178.171562150492,40.7083135967547,0,0.608573237728564
1,29.59,0,4.25982196496622,178.16426389697,40.7060685564984,0,0.608545994995174
1,29.6,0,4.25963128884687,178.156965913254,40.7038236590158,0,0.608518755549553
1,29.61,0,4.25944063567527,178.14966819936,40.7015789043024,0,0.608491519382182
1,29.62,0,4.2592500053851,178.142370755307,40.6993342923537,0,0.608464286483585
1,29.63,0,4.25905939791032,178.135073581115,40.6970898231653,0,0.608437056844332
1,29.64,0,4.25886881318525,178.1277766768,40.6948454967326,0,0.608409830455035
1,29.65,0,4.25867825114446,178.120480042383,40.692601313051,0,0.608382607306352
1,29.66,0,4.25848771172287,178.113183677879,40.6903572721159,0,0.608355387388981
1,29.67,0,4.25829719485568,178.105887583308,40.6881133739229,0,0.608328170693669
1,29.68,0,4.2581067004784,178.098591758686,40.6858696184671,0,0.608300957211201
1,29.69,0,4.25791622852686,178.091296204033,40.683626005744,0,0.608273746932408
1,29.7,0,4.25772577893715,178.084000919365,40.6813825357489,0,0.608246539848164
1,29.71,0,4.25753535164569,178.076705904699,40.6791392084769,0,0.608219335949385
1,29.72,0,4.25734494658921,178.069411160054,40.6768960239235,0,0.60819213522703
1,29.73,0,4.25715456370471,178.062116685445,40.6746529820837,0,0.608164937672102
1,29.74,0,4.25696420292951,178.054822480891,40.6724100829528,0,0.608137743275645
1,29.75,0,4.25677386420121,178.047528546408,40.670167326526,0,0.608110552028744
1,29.76,0,4.25658354745771,178.040234882013,40.6679247127984,0,0.60808336392253
1,29.77,0,4.25639325263721,178.032941487723,40.6656822417651,0,0.608056178948173
1,29.78,0,4.2562029796782,178.025648363554,40.6634399134211,0,0.608028997096886
1,29.79,0,4.25601272851924,178.018355509523,40.6611977277616,0,0.608001818359892
1,29.8,0,4.25582249909595,178.011062925648,40.658955684782,0,0.607974642727993
1,29.81,0,4.25563229134624,178.003770611945,40.6567137844773,0,0.60794747019232
1,29.82,0,4.2554421052094,177.996478568431,40.6544720268425,0,0.6079203007442
1,29.83,0,4.25525194062497,177.989186795122,40.6522304118728,0,0.607893134374996
1,29.84,0,4.25506179753279,177.981895292033,40.6499889395629,0,0.607865971076112
1,29.85,0,4.25487167587294,177.974604059182,40.6477476099079,0,0.607838810838992
1,29.86,0,4.25468157558581,177.967313096583,40.6455064229027,0,0.607811653655116
1,29.87,0,4.25449149661204,177.960022404253,40.6432653785421,0,0.607784499516006
1,29.88,0,4.25430143889253,177.952731982206,40.641024476821,0,0.607757348413218
1,29.89,0,4.25411140236846,177.94544183046,40.6387837177342,0,0.607730200338351
1,29.9,0,4.25392138698128,177.938151949028,40.6365431012766,0,0.60770305528304
1,29.91,0,4.2537313926727,177.930862337926,40.6343026274429,0,0.607675913238957
1,29.92,0,4.25354141938469,177.92357299717,40.6320622962279,0,0.607648774197813
1,29.93,0,4.2533514670595,177.916283926774,40.6298221076263,0,0.607621638151358
1,29.94,0,4.25316153563963,177.908995126754,40.6275820616329,0,0.607594505091376
1,29.95,0,4.25297162506784,177.901706597124,40.6253421582423,0,0.607567375009692
1,29.96,0,4.25278173528716,177.8944183379,40.6231023974492,0,0.607540247898166
1,29.97,0,4.25259186624087,177.887130349095,40.6208627792482,0,0.607513123748695
1,29.98,0,4.25240201787251,177.879842630724,40.618623303634,0,0.607486002553215
1,29.99,0,4.25221219012588,177.872555182802,40.6163839706011,0,0.607458884303698
1,30,0,4.25202238294505,177.865268005343,40.6141447801441,0,0.60743176899215
1,30.01,0,4.25183259627432,177.857981098362,40.6119057322575,0,0.607404656610616
1,30.02,0,4.25164283005825,177.850694461872,40.6096668269359,0,0.607377547151179
1,30.03,0,4.25145308424167,177.843408095888,40.6074280641738,0,0.607350440605954
1,30.04,0,4.25126335876966,177.836122000423,40.6051894439656,0,0.607323336967094
1,30.05,0,4.25107365358752,177.828836175491,40.6029509663058,0,0.607296236226789
1,30.06,0,4.25088396864085,177.821550621107,40.6007126311888,0,0.607269138377264
1,30.07,0,4.25069430387545,177.814265337283,40.598474438609,0,0.607242043410779
1,30.08,0,4.25050465923741,177.806980324034,40.5962363885608,0,0.60721495131963
1,30.09,0,4.25031503467304,177.799695581372,40.5939984810386,0,0.607187862096148
1,30.1,0,4.2501254301289,177.792411109311,40.5917607160367,0,0.6071607757327
1,30.11,0,4.24993584555182,177.785126907864,40.5895230935493,0,0.607133692221688
1,30.12,0,4.24974628088883,177.777842977045,40.5872856135709,0,0.607106611555548
1,30.13,0,4.24955673608726,177.770559316866,40.5850482760956,0,0.607079533726751
1,30.14,0,4.24936721109463,177.763275927341,40.5828110811178,0,0.607052458727805
1,30.15,0,4.24917770585874,177.755992808482,40.5805740286315,0,0.607025386551249
1,30.16,0,4.24898822032761,177.748709960302,40.5783371186311,0,0.606998317189658
1,30.17,0,4.2487987544495,177.741427382813,40.5761003511107,0,0.606971250635643
1,30.18,0,4.24860930817293,177.734145076029,40.5738637260645,0,0.606944186881847
1,30.19,0,4.24841988144663,177.726863039961,40.5716272434865,0,0.606917125920948
1,30.2,0,4.2482304742196,177.719581274622,40.569390903371,0,0.606890067745657
1,30.21,0,4.24804108644104,177.712299780025,40.5671547057119,0,0.60686301234872
1,30.22,0,4.24785171806041,177.705018556181,40.5649186505035,0,0.606835959722916
1,30.23,0,4.24766236902741,177.697737603102,40.5626827377396,0,0.606808909861059
1,30.24,0,4.24747303929196,177.690456920801,40.5604469674144,0,0.606781862755994
1,30.25,0,4.24728372880421,177.68317650929,40.5582113395218,0,0.606754818400602
1,30.26,0,4.24709443751456,177.675896368579,40.5559758540559,0,0.606727776787794
1,30.27,0,4.24690516537363,177.668616498682,40.5537405110105,0,0.606700737910518
1,30.28,0,4.24671591233226,177.661336899609,40.5515053103796,0,0.606673701761752
1,30.29,0,4.24652667834156,177.654057571372,40.5492702521572,0,0.606646668334508
1,30.3,0,4.24633746335282,177.646778513983,40.5470353363372,0,0.606619637621832
1,30.31,0,4.2461482673176,177.639499727452,40.5448005629133,0,0.6065926096168
1,30.32,0,4.24595909018766,177.632221211792,40.5425659318795,0,0.606565584312523
1,30.33,0,4.245769931915,177.624942967012,40.5403314432296,0,0.606538561702143
1,30.34,0,4.24558079245154,177.617664993126,40.5380970969575,0,0.606511541778791
1,30.35,0,4.24539167174734,177.610387290143,40.5358628930571,0,0.606484524535334
1,30.36,0,4.24520256975436,177.603109858076,40.5336288315223,0,0.606457509964909
1,30.37,0,4.24501348642526,177.595832696935,40.531394912347,0,0.606430498060752
1,30.38,0,4.2448244217129,177.588555806731,40.5291611355247,0,0.606403488816129
1,30.39,0,4.24463537557036,177.581279187476,40.5269275010493,0,0.606376482224337
1,30.4,0,4.24444634795093,177.574002839178,40.5246940089145,0,0.606349478278704
1,30.41,0,4.2442573388081,177.56672676185,40.522460659114,0,0.606322476972585
1,30.42,0,4.24406834809559,177.559450955501,40.5202274516415,0,0.60629547829937
1,30.43,0,4.24387937576733,177.552175420143,40.5179943864905,0,0.606268482252476
1,30.44,0,4.24369042177744,177.544900155784,40.5157614636549,0,0.606241488825349
1,30.45,0,4.24350148608027,177.537625162436,40.5135286831281,0,0.606214498011467
1,30.46,0,4.24331256863035,177.530350440108,40.5112960449037,0,0.606187509804336
1,30.47,0,4.24312366938245,177.523075988811,40.5090635489755,0,0.606160524197493
1,30.48,0,4.24293478829153,177.515801808555,40.5068311953368,0,0.606133541184504
1,30.49,0,4.24274592531274,177.508527899348,40.5045989839813,0,0.606106560758963
1,30.5,0,4.24255708040146,177.501254261202,40.5023669149025,0,0.606079582914494
1,30.51,0,4.24236825351326,177.493980894126,40.5001349880939,0,0.606052607644751
1,30.52,0,4.24217944460391,177.48670779813,40.497903203549,0,0.606025634943416
1,30.53,0,4.24199065362939,177.479434973222,40.4956715612613,0,0.605998664804198
1,30.54,0,4.24180188054587,177.472162419413,40.4934400612241,0,0.605971697220839
1,30.55,0,4.24161312530974,177.464890136712,40.491208703431,0,0.605944732187105
1,30.56,0,4.24142438787756,177.457618125129,40.4889774878753,0,0.605917769696794
1,30.57,0,4.24123566820612,177.450346384671,40.4867464145505,0,0.605890809743731
1,30.58,0,4.24104696625238,177.44307491535,40.4845154834499,0,0.605863852321768
1,30.59,0,4.24085828197351,177.435803717173,40.4822846945668,0,0.605836897424788
1,30.6,0,4.24066961532689,177.428532790149,40.4800540478948,0,0.605809945046699
1,30.61,0,4.24048096627007,177.421262134289,40.4778235434269,0,0.605782995181439
1,30.62,0,4.24029233476081,177.413991749599,40.4755931811566,0,0.605756047822973
1,30.63,0,4.24010372075706,177.40672163609,40.4733629610772,0,0.605729102965294
1,30.64,0,4.23991512421696,177.39945179377,40.4711328831819,0,0.605702160602423
1,30.65,0,4.23972654509885,177.392182222647,40.4689029474639,0,0.605675220728408
1,30.66,0,4.23953798336126,177.384912922731,40.4666731539165,0,0.605648283337324
1,30.67,0,4.23934943896291,177.377643894028,40.464443502533,0,0.605621348423274
1,30.68,0,4.23916091186271,177.370375136549,40.4622139933065,0,0.605594415980388
1,30.69,0,4.23897240201976,177.3631066503,40.4599846262302,0,0.605567486002823
1,30.7,0,4.23878390939335,177.355838435291,40.4577554012973,0,0.605540558484764
1,30.71,0,4.23859543394295,177.348570491529,40.4555263185009,0,0.605513633420422
1,30.72,0,4.23840697562824,177.341302819023,40.4532973778341,0,0.605486710804034
1,30.73,0,4.23821853440906,177.33403541778,40.4510685792901,0,0.605459790629866
1,30.74,0,4.23803011024546,177.326768287809,40.448839922862,0,0.605432872892209
1,30.75,0,4.23784170309766,177.319501429116,40.4466114085428,0,0.60540595758538
1,30.76,0,4.23765331292607,177.312234841711,40.4443830363256,0,0.605379044703725
1,30.77,0,4.23746493969129,177.304968525601,40.4421548062035,0,0.605352134241613
1,30.78,0,4.2372765833541,177.297702480793,40.4399267181695,0,0.605325226193443
1,30.79,0,4.23708824387546,177.290436707294,40.4376987722166,0,0.605298320553637
1,30.8,0,4.23689992121651,177.283171205113,40.4354709683377,0,0.605271417316644
1,30.81,0,4.23671161533859,177.275905974257,40.433243306526,0,0.605244516476941
1,30.82,0,4.23652332620319,177.268641014733,40.4310157867743,0,0.605217618029028
1,30.83,0,4.23633505377203,177.261376326548,40.4287884090755,0,0.605190721967432
1,30.84,0,4.23614679800695,177.254111909709,40.4265611734227,0,0.605163828286707
1,30.85,0,4.23595855887002,177.246847764224,40.4243340798087,0,0.605136936981431
1,30.86,0,4.23577033632346,177.2395838901,40.4221071282265,0,0.605110048046208
1,30.87,0,4.23558213032968,177.232320287343,40.4198803186688,0,0.605083161475669
1,30.88,0,4.23539394085128,177.225056955961,40.4176536511286,0,0.605056277264468
1,30.89,0,4.23520576766824,177.217793896033,40.4154271256164,0,0.605029395381177
1,30.9,0,4.23501761112511,177.210531107414,40.4132007420881,0,0.605002515875016
1,30.91,0,4.23482947098128,177.203268590191,40.4109745005563,0,0.604975638711612
1,30.92,0,4.23464134719994,177.196006344371,40.4087484010138,0,0.604948763885706
1,30.93,0,4.23445323974443,177.188744369962,40.4065224434533,0,0.604921891392062
1,30.94,0,4.23426514857827,177.181482666968,40.4042966278677,0,0.604895021225467
1,30.95,0,4.23407707366511,177.174221235398,40.4020709542496,0,0.60486815338073
1,30.96,0,4.23388901496878,177.166960075256,40.3998454225919,0,0.604841287852682
1,30.97,0,4.23370097245326,177.159699186551,40.3976200328873,0,0.604814424636179
1,30.98,0,4.23351294608269,177.152438569287,40.3953947851285,0,0.604787563726098
1,30.99,0,4.23332493582136,177.145178223471,40.3931696793083,0,0.604760705117338
1,31,0,4.23313694163374,177.137918149109,40.3909447154192,0,0.60473384880482
1,31.01,0,4.23294896348443,177.130658346208,40.3887198934541,0,0.60470699478349
1,31.02,0,4.23276100133819,177.123398814772,40.3864952134056,0,0.604680143048313
1,31.03,0,4.23257305515995,177.116139554809,40.3842706752663,0,0.604653293594278
1,31.04,0,4.23238512491478,177.108880566324,40.3820462790288,0,0.604626446416397
1,31.05,0,4.23219721056791,177.101621849323,40.3798220246859,0,0.604599601509701
1,31.06,0,4.23200931208472,177.094363403812,40.3775979122301,0,0.604572758869246
1,31.07,0,4.23182142943077,177.087105229796,40.375373941654,0,0.604545918490109
1,31.08,0,4.23163356257172,177.079847327281,40.3731501129501,0,0.604519080367389
1,31.09,0,4.23144571147344,177.072589696272,40.3709264261112,0,0.604492244496206
1,31.1,0,4.23125787610191,177.065332336776,40.3687028811296,0,0.604465410871702
1,31.11,0,4.23107005642329,177.058075248797,40.3664794779981,0,0.604438579489041
1,31.12,0,4.23088225240387,177.050818432341,40.364256216709,0,0.60441175034341
1,31.13,0,4.23069446401011,177.043561887414,40.3620330972549,0,0.604384923430016
1,31.14,0,4.23050669120861,177.03630561402,40.3598101196284,0,0.604358098744087
1,31.15,0,4.23031893396612,177.029049612164,40.3575872838218,0,0.604331276280874
1,31.16,0,4.23013119224954,177.021793881853,40.3553645898278,0,0.604304456035649
1,31.17,0,4.22994346602593,177.01453842309,40.3531420376386,0,0.604277638003704
1,31.18,0,4.22975575526248,177.007283235882,40.3509196272469,0,0.604250822180354
1,31.19,0,4.22956805992654,177.000028320232,40.348697358645,0,0.604224008560934
1,31.2,0,4.22938037998561,176.992773676147,40.3464752318253,0,0.604197197140802
1,31.21,0,4.22919271540734,176.98551930363,40.3442532467803,0,0.604170387915334
1,31.22,0,4.22900506615951,176.978265202687,40.3420314035023,0,0.604143580879931
1,31.23,0,4.22881743221007,176.971011373322,40.3398097019838,0,0.60411677603001
1,31.24,0,4.2286298135271,176.96375781554,40.3375881422171,0,0.604089973361015
1,31.25,0,4.22844221007883,176.956504529346,40.3353667241945,0,0.604063172868405
1,31.26,0,4.22825462183364,176.949251514743,40.3331454479084,0,0.604036374547663
1,31.27,0,4.22806704876005,176.941998771738,40.3309243133512,0,0.604009578394293
1,31.28,0,4.22787949082672,176.934746300333,40.3287033205151,0,0.603982784403818
1,31.29,0,4.22769194800247,176.927494100534,40.3264824693924,0,0.603955992571782
1,31.3,0,4.22750442025625,176.920242172344,40.3242617599755,0,0.60392920289375
1,31.31,0,4.22731690755716,176.912990515769,40.3220411922566,0,0.603902415365309
1,31.32,0,4.22712940987444,176.905739130812,40.319820766228,0,0.603875629982062
1,31.33,0,4.22694192717746,176.898488017477,40.3176004818819,0,0.603848846739637
1,31.34,0,4.22675445943576,176.891237175769,40.3153803392106,0,0.603822065633681
1,31.35,0,4.22656700661901,176.883986605691,40.3131603382063,0,0.603795286659858
1,31.36,0,4.226379568697,176.876736307248,40.3109404788613,0,0.603768509813858
1,31.37,0,4.2261921456397,176.869486280443,40.3087207611676,0,0.603741735091385
1,31.38,0,4.22600473741718,176.862236525281,40.3065011851175,0,0.603714962488168
1,31.39,0,4.22581734399968,176.854987041765,40.3042817507032,0,0.603688191999954
1,31.4,0,4.22562996535756,176.847737829898,40.3020624579169,0,0.603661423622509
1,31.41,0,4.22544260146134,176.840488889685,40.2998433067507,0,0.60363465735162
1,31.42,0,4.22525525228165,176.83324022113,40.2976242971967,0,0.603607893183093
1,31.43,0,4.22506791778929,176.825991824235,40.295405429247,0,0.603581131112755
1,31.44,0,4.22488059795432,176.818743699004,40.293186702894,0,0.603554371136331
1,31.45,0,4.22469329274531,176.811495845443,40.2909681181298,0,0.60352761324933
1,31.46,0,4.22450600213311,176.804248263555,40.2887496749466,0,0.603500857447588
1,31.47,0,4.22431872608889,176.797000953343,40.2865313733366,0,0.603474103726984
1,31.48,0,4.22413146458391,176.78975391481,40.2843132132917,0,0.603447352083416
1,31.49,0,4.22394421758958,176.78250714796,40.2820951948041,0,0.603420602512797
1,31.5,0,4.22375698507745,176.775260652797,40.2798773178659,0,0.603393855011064
1,31.51,0,4.22356976701917,176.768014429322,40.277659582469,0,0.603367109574168
1,31.52,0,4.22338256338656,176.760768477541,40.2754419886056,0,0.60334036619808
1,31.53,0,4.22319537415154,176.753522797455,40.2732245362676,0,0.603313624878791
1,31.54,0,4.22300819928616,176.746277389068,40.271007225447,0,0.603286885612309
1,31.55,0,4.22282103876262,176.739032252382,40.268790056136,0,0.603260148394661
1,31.56,0,4.22263389255323,176.731787387401,40.2665730283263,0,0.60323341322189
1,31.57,0,4.22244676063043,176.724542794128,40.2643561420101,0,0.603206680090061
1,31.58,0,4.22225964296678,176.717298472566,40.2621393971793,0,0.603179948995255
1,31.59,0,4.22207253953499,176.710054422717,40.2599227938259,0,0.603153219933571
1,31.6,0,4.22188545030788,176.702810644584,40.2577063319417,0,0.603126492901126
1,31.61,0,4.22169837525839,176.69556713817,40.2554900115188,0,0.603099767894055
1,31.62,0,4.22151131435959,176.688323903477,40.253273832549,0,0.603073044908512
1,31.63,0,4.22132426758468,176.681080940509,40.2510577950243,0,0.603046323940668
1,31.64,0,4.22113723490698,176.673838249267,40.2488418989366,0,0.603019604986711
1,31.65,0,4.22095021629994,176.666595829755,40.2466261442778,0,0.602992888042848
1,31.66,0,4.22076321173712,176.659353681974,40.2444105310396,0,0.602966173105303
1,31.67,0,4.22057622119221,176.652111805927,40.2421950592141,0,0.602939460170316
1,31.68,0,4.22038924463904,176.644870201617,40.2399797287931,0,0.602912749234148
1,31.69,0,4.22020228205152,176.637628869045,40.2377645397684,0,0.602886040293075
1,31.7,0,4.22001533340373,176.630387808215,40.2355494921318,0,0.60285933334339
1,31.71,0,4.21982839866983,176.623147019128,40.2333345858752,0,0.602832628381404
1,31.72,0,4.21964147782412,176.615906501786,40.2311198209904,0,0.602805925403446
1,31.73,0,4.21945457084102,176.608666256192,40.2289051974692,0,0.60277922440586
1,31.74,0,4.21926767769507,176.601426282347,40.2266907153034,0,0.60275252538501
1,31.75,0,4.21908079836092,176.594186580254,40.2244763744848,0,0.602725828337275
1,31.76,0,4.21889393281335,176.586947149915,40.2222621750051,0,0.60269913325905
1,31.77,0,4.21870708102725,176.579707991332,40.2200481168561,0,0.60267244014675
1,31.78,0,4.21852024297763,176.572469104506,40.2178342000295,0,0.602645748996805
1,31.79,0,4.21833341863962,176.565230489439,40.2156204245172,0,0.60261905980566
1,31.8,0,4.21814660798846,176.557992146133,40.2134067903108,0,0.602592372569779
1,31.81,0,4.2179598109995,176.550754074591,40.211193297402,0,0.602565687285644
1,31.82,0,4.21777302764824,176.543516274812,40.2089799457826,0,0.602539003949748
1,31.83,0,4.21758625791025,176.5362787468,40.2067667354442,0,0.602512322558608
1,31.84,0,4.21739950176125,176.529041490556,40.2045536663786,0,0.60248564310875
1,31.85,0,4.21721275917705,176.521804506081,40.2023407385775,0,0.602458965596721
1,31.86,0,4.21702603013359,176.514567793377,40.2001279520324,0,0.602432290019084
1,31.87,0,4.21683931460691,176.507331352446,40.1979153067351,0,0.602405616372416
1,31.88,0,4.21665261257318,176.500095183288,40.1957028026772,0,0.602378944653311
1,31.89,0,4.21646592400866,176.492859285905,40.1934904398503,0,0.60235227485838
1,31.9,0,4.21627924888975,176.485623660299,40.1912782182462,0,0.60232560698425
1,31.91,0,4.21609258719293,176.478388306471,40.1890661378563,0,0.602298941027562
1,31.92,0,4.21590593889482,176.471153224421,40.1868541986723,0,0.602272276984974
1,31.93,0,4.21571930397213,176.463918414152,40.1846424006859,0,0.602245614853161
1,31.94,0,4.21553268240169,176.456683875664,40.1824307438885,0,0.602218954628813
1,31.95,0,4.21534607416044,176.449449608959,40.1802192282718,0,0.602192296308634
1,31.96,0,4.21515947922542,176.442215614037,40.1780078538274,0,0.602165639889345
1,31.97,0,4.21497289757379,176.4349818909,40.1757966205468,0,0.602138985367684
1,31.98,0,4.2147863291828,176.427748439548,40.1735855284216,0,0.6021123327404
1,31.99,0,4.21459977402984,176.420515259983,40.1713745774432,0,0.602085682004263
1,32,0,4.21441323209238,176.413282352205,40.1691637676034,0,0.602059033156055
1,32.01,0,4.21422670334801,176.406049716215,40.1669530988935,0,0.602032386192572
1,32.02,0,4.21404018777441,176.398817352015,40.164742571305,0,0.60200574111063
1,32.03,0,4.21385368534938,176.391585259604,40.1625321848296,0,0.601979097907054
1,32.04,0,4.21366719605082,176.384353438984,40.1603219394587,0,0.601952456578689
1,32.05,0,4.21348071985675,176.377121890155,40.1581118351837,0,0.601925817122393
1,32.06,0,4.21329425674527,176.369890613117,40.1559018719962,0,0.601899179535038
1,32.07,0,4.21310780669459,176.362659607873,40.1536920498876,0,0.601872543813513
1,32.08,0,4.21292136968305,176.355428874421,40.1514823688494,0,0.601845909954721
1,32.09,0,4.21273494568905,176.348198412762,40.149272828873,0,0.601819277955578
1,32.1,0,4.21254853469112,176.340968222898,40.1470634299499,0,0.601792647813018
1,32.11,0,4.2123621366679,176.333738304828,40.1448541720715,0,0.601766019523985
1,32.12,0,4.2121757515981,176.326508658553,40.1426450552293,0,0.601739393085443
1,32.13,0,4.21198937946048,176.319279284073,40.1404360794146,0,0.601712768494354
1,32.14,0,4.21180302023088,176.312050181389,40.1382272446191,0,0.601686145747269
1,32.15,0,4.21161667388658,176.304821350504,40.1360185508345,0,0.601659524840939
1,32.16,0,4.21143034040643,176.297592791416,40.1338099980521,0,0.601632905772347
1,32.17,0,4.21124401976941,176.290364504127,40.1316015862634,0,0.601606288538487
1,32.18,0,4.21105771195457,176.283136488636,40.1293933154597,0,0.601579673136368
1,32.19,0,4.21087141694108,176.275908744944,40.1271851856325,0,0.601553059563012
1,32.2,0,4.21068513470818,176.268681273051,40.1249771967731,0,0.601526447815454
1,32.21,0,4.2104988652352,176.261454072957,40.1227693488728,0,0.601499837890743
1,32.22,0,4.21031260850157,176.254227144662,40.1205616419231,0,0.601473229785939
1,32.23,0,4.21012636448682,176.247000488167,40.1183540759154,0,0.601446623498117
1,32.24,0,4.20994013317054,176.23977410347,40.1161466508409,0,0.601420019024362
1,32.25,0,4.20975391453243,176.232547990574,40.113939366691,0,0.601393416361775
1,32.26,0,4.20956770855227,176.225322149476,40.111732223457,0,0.601366815507468
1,32.27,0,4.20938151520995,176.218096580178,40.1095252211304,0,0.601340216458565
1,32.28,0,4.20919533448542,176.210871282679,40.1073183597023,0,0.601313619212203
1,32.29,0,4.20900916635873,176.203646256978,40.1051116391641,0,0.601287023765532
1,32.3,0,4.20882301081,176.196421503077,40.1029050595071,0,0.601260430115715
1,32.31,0,4.20863686781947,176.189197020974,40.1006986207226,0,0.601233838259925
1,32.32,0,4.20845073736744,176.181972810669,40.098492322802,0,0.601207248195349
1,32.33,0,4.2082646194343,176.174748872163,40.0962861657364,0,0.601180659919185
1,32.34,0,4.20807851400051,176.167525205454,40.0940801495171,0,0.601154073428645
1,32.35,0,4.20789242104665,176.160301810543,40.0918742741355,0,0.60112748872095
1,32.36,0,4.20770634055335,176.153078687428,40.0896685395828,0,0.601100905793336
1,32.37,0,4.20752027250134,176.14585583611,40.0874629458502,0,0.601074324643049
1,32.38,0,4.20733421687143,176.138633256589,40.085257492929,0,0.601047745267347
1,32.39,0,4.20714817364449,176.131410948863,40.0830521808105,0,0.601021167663499
1,32.4,0,4.20696214280151,176.124188912932,40.0808470094858,0,0.600994591828787
1,32.41,0,4.20677612432353,176.116967148795,40.0786419789461,0,0.600968017760505
1,32.42,0,4.20659011819169,176.109745656453,40.0764370891828,0,0.600941445455956
1,32.43,0,4.20640412438719,176.102524435904,40.0742323401871,0,0.600914874912456
1,32.44,0,4.20621814289133,176.095303487148,40.07202773195,0,0.600888306127333
1,32.45,0,4.20603217368547,176.088082810184,40.0698232644629,0,0.600861739097924
1,32.46,0,4.20584621675106,176.080862405011,40.0676189377169,0,0.60083517382158
1,32.47,0,4.20566027206962,176.073642271629,40.0654147517032,0,0.600808610295661
1,32.48,0,4.20547433962276,176.066422410037,40.063210706413,0,0.600782048517537
1,32.49,0,4.20528841939215,176.059202820234,40.0610068018375,0,0.600755488484593
1,32.5,0,4.20510251135954,176.051983502219,40.0588030379678,0,0.60072893019422
1,32.51,0,4.20491661550677,176.044764455991,40.0565994147951,0,0.600702373643824
1,32.52,0,4.20473073181573,176.03754568155,40.0543959323105,0,0.600675818830819
1,32.53,0,4.20454486026841,176.030327178895,40.0521925905052,0,0.60064926575263
1,32.54,0,4.20435900084686,176.023108948024,40.0499893893704,0,0.600622714406694
1,32.55,0,4.2041731535332,176.015890988937,40.0477863288972,0,0.600596164790457
1,32.56,0,4.20398731830963,176.008673301633,40.0455834090766,0,0.600569616901376
1,32.57,0,4.20380149515842,176.00145588611,40.0433806298999,0,0.600543070736917
1,32.58,0,4.20361568406191,175.994238742367,40.0411779913581,0,0.600516526294559
1,32.59,0,4.20342988500252,175.987021870405,40.0389754934424,0,0.600489983571789
1,32.6,0,4.20324409796273,175.97980527022,40.0367731361438,0,0.600463442566105
1,32.61,0,4.2030583229251,175.972588941813,40.0345709194535,0,0.600436903275014
1,32.62,0,4.20287255987224,175.965372885181,40.0323688433625,0,0.600410365696035
1,32.63,0,4.20268680878686,175.958157100324,40.030166907862,0,0.600383829826694
1,32.64,0,4.20250106965171,175.950941587241,40.0279651129431,0,0.60035729566453
1,32.65,0,4.20231534244962,175.94372634593,40.0257634585967,0,0.600330763207088
1,32.66,0,4.20212962716349,175.936511376391,40.023561944814,0,0.600304232451927
1,32.67,0,4.20194392377628,175.92929667862,40.021360571586,0,0.600277703396612
1,32.68,0,4.20175823227104,175.922082252619,40.0191593389039,0,0.600251176038719
1,32.69,0,4.20157255263084,175.914868098384,40.0169582467586,0,0.600224650375834
1,32.7,0,4.20138688483885,175.907654215914,40.0147572951412,0,0.60019812640555
1,32.71,0,4.20120122887831,175.900440605209,40.0125564840428,0,0.600171604125473
1,32.72,0,4.2010155847325,175.893227266267,40.0103558134543,0,0.600145083533214
1,32.73,0,4.20082995238477,175.886014199085,40.0081552833669,0,0.600118564626396
1,32.74,0,4.20064433181856,175.878801403664,40.0059548937715,0,0.600092047402651
1,32.75,0,4.20045872301732,175.87158888,40.0037546446593,0,0.600065531859618
1,32.76,0,4.20027312596462,175.864376628093,40.0015545360211,0,0.600039017994946
1,32.77,0,4.20008754064406,175.857164647942,39.999354567848,0,0.600012505806295
1,32.78,0,4.1999019670393,175.849952939543,39.997154740131,0,0.599985995291329
1,32.79,0,4.19971640513407,175.842741502897,39.9949550528611,0,0.599959486447725
1,32.8,0,4.19953085491216,175.835530338001,39.9927555060294,0,0.599932979273166
1,32.81,0,4.19934531635742,175.828319444853,39.9905560996268,0,0.599906473765345
1,32.82,0,4.19915978945374,175.821108823452,39.9883568336442,0,0.599879969921963
1,32.83,0,4.19897427418675,175.813898473796,39.9861577080726,0,0.599853467740965
1,32.84,0,4.19878877054612,175.80668839588,39.9839587229024,0,0.599826967220874
1,32.85,0,4.19860327851675,175.799478589702,39.9817598781244,0,0.599800468359536
1,32.86,0,4.19841779808321,175.792269055261,39.9795611737296,0,0.599773971154744
1,32.87,0,4.1982323292301,175.785059792554,39.9773626097089,0,0.5997474756043
1,32.88,0,4.19804687194211,175.777850801579,39.9751641860532,0,0.599720981706016
1,32.89,0,4.19786142620399,175.770642082335,39.9729659027535,0,0.599694489457713
1,32.9,0,4.19767599200055,175.763433634819,39.9707677598007,0,0.599667998857221
1,32.91,0,4.19749056931666,175.756225459029,39.9685697571855,0,0.59964150990238
1,32.92,0,4.19730515813728,175.749017554963,39.9663718948991,0,0.599615022591039
1,32.93,0,4.19711975844739,175.74180992262,39.9641741729322,0,0.599588536921056
1,32.94,0,4.19693437023207,175.734602561996,39.9619765912757,0,0.599562052890296
1,32.95,0,4.19674899347645,175.727395473089,39.9597791499205,0,0.599535570496636
1,32.96,0,4.19656362816572,175.720188655898,39.9575818488576,0,0.59950908973796
1,32.97,0,4.19637827428513,175.71298211042,39.9553846880777,0,0.599482610612162
1,32.98,0,4.19619293182,175.705775836653,39.9531876675717,0,0.599456133117143
1,32.99,0,4.1960076007557,175.698569834595,39.9509907873305,0,0.599429657250815
1,33,0,4.19582228107767,175.691364104242,39.948794047345,0,0.599403183011096
1,33.01,0,4.1956369727714,175.684158645594,39.946597447606,0,0.599376710395914
1,33.02,0,4.19545167582244,175.676953458647,39.9444009881044,0,0.599350239403206
1,33.03,0,4.19526639021642,175.6697485434,39.9422046688309,0,0.599323770030917
1,33.04,0,4.19508111593899,175.662543899849,39.9400084897765,0,0.599297302276999
1,33.05,0,4.1948958529759,175.655339527993,39.937812450932,0,0.599270836139415
1,33.06,0,4.19471060131293,175.648135427828,39.9356165522881,0,0.599244371616133
1,33.07,0,4.19452536093593,175.640931599353,39.9334207938358,0,0.599217908705133
1,33.08,0,4.19434013183079,175.633728042565,39.9312251755658,0,0.599191447404398
1,33.09,0,4.19415491398348,175.626524757461,39.929029697469,0,0.599164987711925
1,33.1,0,4.19396970738,175.619321744039,39.9268343595362,0,0.599138529625715
1,33.11,0,4.19378451200644,175.612119002296,39.9246391617581,0,0.599112073143777
1,33.12,0,4.19359932784891,175.60491653223,39.9224441041256,0,0.599085618264129
1,33.13,0,4.19341415489359,175.597714333838,39.9202491866295,0,0.599059164984798
1,33.14,0,4.19322899312672,175.590512407118,39.9180544092605,0,0.599032713303817
1,33.15,0,4.19304384253458,175.583310752066,39.9158597720095,0,0.599006263219226
1,33.16,0,4.19285870310352,175.576109368681,39.9136652748673,0,0.598979814729074
1,33.17,0,4.19267357481992,175.568908256959,39.9114709178246,0,0.598953367831418
1,33.18,0,4.19248845767024,175.561707416897,39.9092767008721,0,0.59892692252432
1,33.19,0,4.19230335164097,175.554506848494,39.9070826240008,0,0.598900478805853
1,33.2,0,4.19211825671866,175.547306551745,39.9048886872013,0,0.598874036674094
1,33.21,0,4.19193317288991,175.540106526649,39.9026948904644,0,0.59884759612713
1,33.22,0,4.19174810014138,175.532906773203,39.9005012337808,0,0.598821157163054
1,33.23,0,4.19156303845975,175.525707291404,39.8983077171414,0,0.598794719779965
1,33.24,0,4.19137798783179,175.518508081248,39.8961143405369,0,0.598768283975971
1,33.25,0,4.1911929482443,175.511309142734,39.8939211039579,0,0.598741849749186
1,33.26,0,4.19100791968412,175.504110475857,39.8917280073954,0,0.598715417097732
1,33.27,0,4.19082290213816,175.496912080617,39.8895350508399,0,0.598688986019737
1,33.28,0,4.19063789559335,175.489713957008,39.8873422342823,0,0.598662556513336
1,33.29,0,4.19045290003669,175.482516105029,39.8851495577133,0,0.59863612857667
1,33.3,0,4.19026791545523,175.475318524676,39.8829570211235,0,0.59860970220789
1,33.31,0,4.19008294183605,175.468121215947,39.8807646245039,0,0.598583277405149
1,33.32,0,4.18989797916628,175.460924178839,39.8785723678449,0,0.598556854166611
1,33.33,0,4.1897130274331,175.453727413347,39.8763802511375,0,0.598530432490443
1,33.34,0,4.18952808662374,175.446530919471,39.8741882743722,0,0.59850401237482
1,33.35,0,4.18934315672547,175.439334697206,39.8719964375398,0,0.598477593817924
1,33.36,0,4.1891582377256,175.432138746549,39.8698047406311,0,0.598451176817943
1,33.37,0,4.1889733296115,175.424943067497,39.8676131836366,0,0.598424761373071
1,33.38,0,4.18878843237056,175.417747660048,39.8654217665472,0,0.598398347481508
1,33.39,0,4.18860354599023,175.410552524197,39.8632304893535,0,0.598371935141461
1,33.4,0,4.18841867045799,175.403357659943,39.8610393520462,0,0.598345524351142
1,33.41,0,4.18823380576139,175.396163067281,39.8588483546161,0,0.598319115108769
1,33.42,0,4.18804895188798,175.388968746209,39.8566574970537,0,0.598292707412569
1,33.43,0,4.18786410882539,175.381774696723,39.8544667793498,0,0.59826630126077
1,33.44,0,4.18767927656127,175.37458091882,39.852276201495,0,0.59823989665161
1,33.45,0,4.18749445508332,175.367387412497,39.8500857634801,0,0.598213493583331
1,33.46,0,4.18730964437927,175.360194177751,39.8478954652958,0,0.598187092054181
1,33.47,0,4.18712484443689,175.353001214578,39.8457053069326,0,0.598160692062413
1,33.48,0,4.18694005524401,175.345808522976,39.8435152883813,0,0.598134293606287
1,33.49,0,4.18675527678847,175.33861610294,39.8413254096325,0,0.598107896684068
1,33.5,0,4.18657050905818,175.331423954469,39.8391356706769,0,0.598081501294025
1,33.51,0,4.18638575204105,175.324232077557,39.8369460715052,0,0.598055107434436
1,33.52,0,4.18620100572516,175.317040472202,39.834756612108,0,0.598028715103594
1,33.53,0,4.18601627010493,175.309849138398,39.8325672924754,0,0.598002324300704
1,33.54,0,4.18583154517268,175.30265807614,39.8303781125976,0,0.597975935024668
1,33.55,0,4.18564683091703,175.295467285425,39.8281890724651,0,0.597949547273862
1,33.56,0,4.18546212732668,175.288276766248,39.8260001720687,0,0.597923161046668
1,33.57,0,4.18527743439035,175.281086518606,39.8238114113988,0,0.597896776341478
1,33.58,0,4.18509275209682,175.273896542495,39.8216227904461,0,0.597870393156688
1,33.59,0,4.18490808043492,175.266706837912,39.8194343092011,0,0.597844011490703
1,33.6,0,4.18472341939352,175.259517404854,39.8172459676545,0,0.597817631341932
1,33.61,0,4.18453876896156,175.252328243315,39.8150577657968,0,0.597791252708794
1,33.62,0,4.18435412912799,175.245139353293,39.8128697036186,0,0.597764875589713
1,33.63,0,4.18416949988183,175.237950734784,39.8106817811104,0,0.597738499983119
1,33.64,0,4.18398488121215,175.230762387784,39.8084939982629,0,0.59771212588745
1,33.65,0,4.18380027310804,175.223574312289,39.8063063550665,0,0.597685753301149
1,33.66,0,4.18361567555868,175.216386508295,39.8041188515119,0,0.597659382222668
1,33.67,0,4.18343108855324,175.209198975799,39.8019314875895,0,0.597633012650463
1,33.68,0,4.18324651208098,175.202011714797,39.79974426329,0,0.597606644582997
1,33.69,0,4.18306194613118,175.194824725284,39.7975571786039,0,0.59758027801874
1,33.7,0,4.18287739069318,175.187638007258,39.7953702335217,0,0.597553912956168
1,33.71,0,4.18269284575634,175.180451560714,39.793183428034,0,0.597527549393763
1,33.72,0,4.1825083113101,175.173265385648,39.7909967621314,0,0.597501187330014
1,33.73,0,4.18232378734391,175.166079482056,39.7888102358042,0,0.597474826763415
1,33.74,0,4.18213927384727,175.158893849934,39.7866238490432,0,0.597448467692468
1,33.75,0,4.18195477080975,175.151708489279,39.7844376018387,0,0.597422110115678
1,33.76,0,4.18177027822092,175.144523400086,39.7822514941814,0,0.59739575403156
1,33.77,0,4.18158579607042,175.137338582352,39.7800655260618,0,0.597369399438631
1,33.78,0,4.18140132434792,175.130154036072,39.7778796974703,0,0.597343046335417
1,33.79,0,4.18121686304314,175.122969761242,39.7756940083976,0,0.597316694720449
1,33.8,0,4.18103241214584,175.115785757858,39.773508458834,0,0.597290344592263
1,33.81,0,4.18084797164581,175.108602025917,39.7713230487701,0,0.597263995949402
1,33.82,0,4.1806635415329,175.101418565413,39.7691377781965,0,0.597237648790414
1,33.83,0,4.18047912179697,175.094235376344,39.7669526471036,0,0.597211303113853
1,33.84,0,4.18029471242796,175.087052458704,39.7647676554819,0,0.597184958918279
1,33.85,0,4.1801103134158,175.07986981249,39.762582803322,0,0.597158616202258
1,33.86,0,4.17992592475052,175.072687437698,39.7603980906142,0,0.597132274964359
1,33.87,0,4.17974154642212,175.065505334323,39.7582135173492,0,0.597105935203161
1,33.88,0,4.1795571784207,175.058323502362,39.7560290835174,0,0.597079596917243
1,33.89,0,4.17937282073637,175.051141941809,39.7538447891092,0,0.597053260105196
1,33.9,0,4.17918847335927,175.043960652661,39.7516606341152,0,0.59702692476561
1,33.91,0,4.17900413627959,175.036779634914,39.7494766185259,0,0.597000590897084
1,33.92,0,4.17881980948755,175.029598888563,39.7472927423317,0,0.596974258498222
1,33.93,0,4.17863549297343,175.022418413605,39.7451090055231,0,0.596947927567633
1,33.94,0,4.17845118672752,175.015238210034,39.7429254080906,0,0.596921598103931
1,33.95,0,4.17826689074014,175.008058277847,39.7407419500247,0,0.596895270105735
1,33.96,0,4.17808260500168,175.000878617039,39.7385586313157,0,0.596868943571669
1,33.97,0,4.17789832950254,174.993699227606,39.7363754519543,0,0.596842618500363
1,33.98,0,4.17771406423317,174.986520109543,39.7341924119307,0,0.596816294890452
1,33.99,0,4.17752980918403,174.979341262847,39.7320095112356,0,0.596789972740576
1,34,0,4.17734556434564,174.972162687512,39.7298267498594,0,0.596763652049378
1,34.01,0,4.17716132970856,174.964984383536,39.7276441277924,0,0.596737332815508
1,34.02,0,4.17697710526335,174.957806350912,39.7254616450252,0,0.596711015037621
1,34.03,0,4.17679289100063,174.950628589637,39.7232793015483,0,0.596684698714376
1,34.04,0,4.17660868691105,174.943451099707,39.721097097352,0,0.596658383844436
1,34.05,0,4.1764244929853,174.936273881116,39.7189150324268,0,0.596632070426471
1,34.06,0,4.17624030921408,174.929096933861,39.7167331067632,0,0.596605758459154
1,34.07,0,4.17605613558814,174.921920257937,39.7145513203516,0,0.596579447941162
1,34.08,0,4.17587197209826,174.914743853339,39.7123696731824,0,0.596553138871179
1,34.09,0,4.17568781873524,174.907567720064,39.7101881652461,0,0.596526831247892
1,34.1,0,4.17550367548994,174.900391858106,39.7080067965331,0,0.596500525069992
1,34.11,0,4.17531954235323,174.893216267461,39.7058255670339,0,0.596474220336176
1,34.12,0,4.175135419316,174.886040948125,39.7036444767388,0,0.596447917045144
1,34.13,0,4.1749513063692,174.878865900093,39.7014635256383,0,0.5964216151956
1,34.14,0,4.17476720350379,174.87169112336,39.6992827137229,0,0.596395314786256
1,34.15,0,4.17458311071076,174.864516617922,39.6971020409828,0,0.596369015815823
1,34.16,0,4.17439902798114,174.857342383775,39.6949215074087,0,0.59634271828302
1,34.17,0,4.17421495530599,174.850168420914,39.6927411129909,0,0.596316422186569
1,34.18,0,4.17403089267637,174.842994729334,39.6905608577198,0,0.596290127525196
1,34.19,0,4.17384684008342,174.83582130903,39.6883807415858,0,0.596263834297632
1,34.2,0,4.17366279751827,174.828648159999,39.6862007645793,0,0.59623754250261
1,34.21,0,4.17347876497208,174.821475282234,39.6840209266908,0,0.596211252138868
1,34.22,0,4.17329474243728,174.814302675733,39.6818412279106,0,0.596184963205326
1,34.23,0,4.17311072991003,174.807130340486,39.6796616682285,0,0.596158675701433
1,34.24,0,4.17292672738238,174.799958276491,39.677482247635,0,0.596132389626054
1,34.25,0,4.17274273484596,174.792786483741,39.6753029661203,0,0.596106104977994
1,34.26,0,4.17255875229245,174.785614962233,39.6731238236749,0,0.596079821756064
1,34.27,0,4.17237477971354,174.77844371196,39.6709448202892,0,0.596053539959078
1,34.28,0,4.17219081710098,174.77127273292,39.6687659559534,0,0.596027259585855
1,34.29,0,4.17200686444653,174.764102025105,39.6665872306579,0,0.596000980635219
1,34.3,0,4.17182292174199,174.756931588512,39.6644086443932,0,0.595974703105999
1,34.31,0,4.17163898897921,174.749761423136,39.6622301971495,0,0.59594842699703
1,34.32,0,4.17145506615005,174.742591528972,39.6600518889173,0,0.59592215230715
1,34.33,0,4.17127115324642,174.735421906014,39.6578737196868,0,0.595895879035203
1,34.34,0,4.17108725026025,174.728252554259,39.6556956894485,0,0.595869607180035
1,34.35,0,4.17090335718351,174.7210834737,39.6535177981926,0,0.595843336740501
1,34.36,0,4.1707194740082,174.713914664334,39.6513400459096,0,0.595817067715457
1,34.37,0,4.17053560072635,174.706746126155,39.6491624325897,0,0.595790800103765
1,34.38,0,4.17035173733004,174.699577859158,39.6469849582233,0,0.595764533904291
1,34.39,0,4.17016788381135,174.692409863338,39.6448076228008,0,0.595738269115907
1,34.4,0,4.16998404016242,174.68524213869,39.6426304263125,0,0.595712005737488
1,34.41,0,4.16980020637539,174.678074685209,39.6404533687486,0,0.595685743767913
1,34.42,0,4.16961638244247,174.670907502891,39.6382764500997,0,0.595659483206067
1,34.43,0,4.16943256835587,174.663740591729,39.6360996703559,0,0.595633224050838
1,34.44,0,4.16924876410784,174.65657395172,39.6339230295076,0,0.59560696630112
1,34.45,0,4.16906496969066,174.649407582857,39.6317465275451,0,0.595580709955809
1,34.46,0,4.16888118509664,174.642241485136,39.6295701644588,0,0.595554455013806
1,34.47,0,4.16869741031813,174.635075658552,39.627393940239,0,0.595528201474019
1,34.48,0,4.16851364534749,174.627910103099,39.6252178548761,0,0.595501949335356
1,34.49,0,4.16832989017712,174.620744818773,39.6230419083602,0,0.595475698596731
1,34.5,0,4.16814614479944,174.613579805569,39.6208661006818,0,0.595449449257064
1,34.51,0,4.16796240920692,174.60641506348,39.6186904318311,0,0.595423201315275
1,34.52,0,4.16777868339204,174.599250592503,39.6165149017985,0,0.595396954770292
1,34.53,0,4.16759496734731,174.592086392632,39.6143395105743,0,0.595370709621044
1,34.54,0,4.16741126106527,174.584922463861,39.6121642581488,0,0.595344465866467
1,34.55,0,4.16722756453849,174.577758806186,39.6099891445123,0,0.595318223505498
1,34.56,0,4.16704387775956,174.570595419601,39.6078141696551,0,0.595291982537081
1,34.57,0,4.16686020072112,174.563432304102,39.6056393335675,0,0.59526574296016
1,34.58,0,4.1666765334158,174.556269459682,39.6034646362398,0,0.595239504773685
1,34.59,0,4.16649287583629,174.549106886337,39.6012900776624,0,0.595213267976612
1,34.6,0,4.16630922797528,174.541944584062,39.5991156578255,0,0.595187032567897
1,34.61,0,4.16612558982551,174.534782552851,39.5969413767193,0,0.595160798546502
1,34.62,0,4.16594196137974,174.527620792699,39.5947672343343,0,0.595134565911391
1,34.63,0,4.16575834263074,174.5204593036,39.5925932306607,0,0.595108334661534
1,34.64,0,4.16557473357132,174.51329808555,39.5904193656888,0,0.595082104795903
1,34.65,0,4.16539113419432,174.506137138543,39.5882456394089,0,0.595055876313474
1,34.66,0,4.16520754449258,174.498976462574,39.5860720518113,0,0.595029649213226
1,34.67,0,4.165023964459,174.491816057638,39.5838986028862,0,0.595003423494143
1,34.68,0,4.16484039408648,174.484655923728,39.581725292624,0,0.594977199155211
1,34.69,0,4.16465683336795,174.477496060841,39.5795521210149,0,0.594950976195421
1,34.7,0,4.16447328229636,174.47033646897,39.5773790880493,0,0.594924754613766
1,34.71,0,4.1642897408647,174.46317714811,39.5752061937174,0,0.594898534409243
1,34.72,0,4.16410620906596,174.456018098256,39.5730334380094,0,0.594872315580852
1,34.73,0,4.16392268689318,174.448859319402,39.5708608209157,0,0.594846098127597
1,34.74,0,4.1637391743394,174.441700811544,39.5686883424266,0,0.594819882048485
1,34.75,0,4.16355567139769,174.434542574675,39.5665160025323,0,0.594793667342527
1,34.76,0,4.16337217806115,174.427384608791,39.5643438012231,0,0.594767454008735
1,34.77,0,4.16318869432289,174.420226913885,39.5621717384893,0,0.594741242046127
1,34.78,0,4.16300522017606,174.413069489953,39.5599998143211,0,0.594715031453723
1,34.79,0,4.16282175561381,174.405912336989,39.5578280287088,0,0.594688822230545
1,34.8,0,4.16263830062934,174.398755454987,39.5556563816427,0,0.594662614375619
1,34.81,0,4.16245485521583,174.391598843943,39.5534848731131,0,0.594636407887976
1,34.82,0,4.16227141936652,174.38444250385,39.5513135031102,0,0.594610202766646
1,34.83,0,4.16208799307466,174.377286434704,39.5491422716243,0,0.594583999010665
1,34.84,0,4.16190457633351,174.370130636498,39.5469711786457,0,0.594557796619072
1,34.85,0,4.16172116913635,174.362975109228,39.5448002241646,0,0.594531595590908
1,34.86,0,4.16153777147651,174.355819852887,39.5426294081713,0,0.594505395925215
1,34.87,0,4.1613543833473,174.348664867471,39.5404587306561,0,0.594479197621042
1,34.88,0,4.16117100474207,174.341510152974,39.5382881916091,0,0.594453000677438
1,34.89,0,4.16098763565419,174.33435570939,39.5361177910208,0,0.594426805093456
1,34.9,0,4.16080427607705,174.327201536714,39.5339475288812,0,0.59440061086815
1,34.91,0,4.16062092370819,174.320047635865,39.5317774054006,0,0.594374417672598
1,34.92,0,4.16043758329694,174.312894004921,39.5296074201138,0,0.594348226185277
1,34.93,0,4.16025425237376,174.305740644871,39.5274375732469,0,0.594322036053394
1,34.94,0,4.16007093093282,174.298587555706,39.5252678647901,0,0.594295847276117
1,34.95,0,4.15988761896831,174.291434737423,39.5230982947335,0,0.594269659852615
1,34.96,0,4.15970431647443,174.284282190015,39.5209288630674,0,0.594243473782061
1,34.97,0,4.1595210234454,174.277129913475,39.518759569782,0,0.594217289063629
1,34.98,0,4.15933773987545,174.269977907799,39.5165904148673,0,0.594191105696494
1,34.99,0,4.15915446575883,174.26282617298,39.5144213983137,0,0.594164923679833
1,35,0,4.1589712010898,174.255674709013,39.5122525201113,0,0.594138743012828
1,35.01,0,4.15878794586261,174.248523515891,39.5100837802502,0,0.594112563694659
1,35.02,0,4.15860470007157,174.241372593609,39.5079151787208,0,0.59408638572451
1,35.03,0,4.15842146371098,174.234221942161,39.505746715513,0,0.594060209101568
1,35.04,0,4.15823823677514,174.22707156154,39.5035783906172,0,0.59403403382502
1,35.05,0,4.15805501925839,174.219921451742,39.5014102040235,0,0.594007859894056
1,35.06,0,4.15787181115507,174.21277161276,39.4992421557221,0,0.593981687307867
1,35.07,0,4.15768861245953,174.205622044588,39.4970742457032,0,0.593955516065647
1,35.08,0,4.15750542316615,174.198472747221,39.494906473957,0,0.593929346166593
1,35.09,0,4.15732224326931,174.191323720652,39.4927388404735,0,0.593903177609901
1,35.1,0,4.15713907276341,174.184174964875,39.4905713452431,0,0.593877010394772
1,35.11,0,4.15695591164285,174.177026479886,39.4884039882559,0,0.593850844520408
1,35.12,0,4.15677275990208,174.169878265676,39.4862367695021,0,0.593824679986011
1,35.13,0,4.15658961753552,174.162730322242,39.4840696889718,0,0.593798516790789
1,35.14,0,4.15640648453764,174.155582649576,39.4819027466553,0,0.593772354933948
1,35.15,0,4.15622336090289,174.148435247673,39.4797359425427,0,0.593746194414699
1,35.16,0,4.15604024662576,174.141288116527,39.4775692766241,0,0.593720035232252
1,35.17,0,4.15585714170076,174.134141256132,39.4754027488899,0,0.593693877385823
1,35.18,0,4.15567404612238,174.126994666482,39.47323635933,0,0.593667720874625
1,35.19,0,4.15549095988515,174.11984834757,39.4710701079348,0,0.593641565697879
1,35.2,0,4.15530788298361,174.112702299392,39.4689039946944,0,0.593615411854802
1,35.21,0,4.15512481541232,174.105556521941,39.466738019599,0,0.593589259344617
1,35.22,0,4.15494175716583,174.09841101521,39.4645721826387,0,0.593563108166547
1,35.23,0,4.15475870823873,174.091265779195,39.4624064838037,0,0.593536958319819
1,35.24,0,4.15457566862561,174.084120813889,39.4602409230842,0,0.593510809803659
1,35.25,0,4.15439263832108,174.076976119286,39.4580755004704,0,0.593484662617297
1,35.26,0,4.15420961731976,174.06983169538,39.4559102159524,0,0.593458516759966
1,35.27,0,4.15402660561629,174.062687542164,39.4537450695205,0,0.593432372230899
1,35.28,0,4.15384360320532,174.055543659634,39.4515800611647,0,0.593406229029331
1,35.29,0,4.1536606100815,174.048400047783,39.4494151908752,0,0.593380087154501
1,35.3,0,4.15347762623953,174.041256706604,39.4472504586423,0,0.593353946605647
1,35.31,0,4.15329465167408,174.034113636093,39.4450858644561,0,0.593327807382012
1,35.32,0,4.15311168637987,174.026970836242,39.4429214083067,0,0.593301669482839
1,35.33,0,4.15292873035161,174.019828307046,39.4407570901844,0,0.593275532907374
1,35.34,0,4.15274578358405,174.012686048498,39.4385929100792,0,0.593249397654864
1,35.35,0,4.15256284607192,174.005544060594,39.4364288679815,0,0.593223263724559
1,35.36,0,4.15237991780998,173.998402343325,39.4342649638812,0,0.593197131115711
1,35.37,0,4.15219699879302,173.991260896688,39.4321011977687,0,0.593170999827574
1,35.38,0,4.15201408901582,173.984119720675,39.4299375696341,0,0.593144869859403
1,35.39,0,4.15183118847319,173.97697881528,39.4277740794675,0,0.593118741210455
1,35.4,0,4.15164829715993,173.969838180497,39.425610727259,0,0.593092613879991
1,35.41,0,4.1514654150709,173.96269781632,39.423447512999,0,0.593066487867271
1,35.42,0,4.15128254220092,173.955557722744,39.4212844366775,0,0.59304036317156
1,35.43,0,4.15109967854486,173.948417899761,39.4191214982847,0,0.593014239792123
1,35.44,0,4.1509168240976,173.941278347367,39.4169586978107,0,0.592988117728228
1,35.45,0,4.15073397885401,173.934139065554,39.4147960352458,0,0.592961996979144
1,35.46,0,4.150551142809,173.927000054316,39.41263351058,0,0.592935877544143
1,35.47,0,4.15036831595749,173.919861313648,39.4104711238036,0,0.592909759422499
1,35.48,0,4.1501854982944,173.912722843544,39.4083088749068,0,0.592883642613486
1,35.49,0,4.15000268981468,173.905584643996,39.4061467638796,0,0.592857527116383
1,35.5,0,4.14981989051329,173.898446715,39.4039847907122,0,0.59283141293047
1,35.51,0,4.14963710038519,173.891309056548,39.4018229553948,0,0.592805300055027
1,35.52,0,4.14945431942537,173.884171668635,39.3996612579176,0,0.592779188489339
1,35.53,0,4.14927154762883,173.877034551255,39.3974996982707,0,0.59275307823269
1,35.54,0,4.14908878499058,173.869897704401,39.3953382764443,0,0.592726969284369
1,35.55,0,4.14890603150566,173.862761128067,39.3931769924285,0,0.592700861643665
1,35.56,0,4.14872328716909,173.855624822247,39.3910158462135,0,0.59267475530987
1,35.57,0,4.14854055197593,173.848488786935,39.3888548377894,0,0.592648650282276
1,35.58,0,4.14835782592126,173.841353022125,39.3866939671465,0,0.59262254656018
1,35.59,0,4.14817510900016,173.83421752781,39.3845332342748,0,0.59259644414288
1,35.6,0,4.14799240120772,173.827082303985,39.3823726391645,0,0.592570343029674
1,35.61,0,4.1478097025399,173.819947350642,39.3802121818058,0,0.592544243219986
1,35.62,0,4.1476270129958,173.812812667774,39.3780518621883,0,0.592518144713686
1,35.63,0,4.14744433257122,173.805678255374,39.3758916803021,0,0.592492047510174
1,35.64,0,4.14726166126151,173.798544113437,39.3737316361375,0,0.592465951608787
1,35.65,0,4.14707899906204,173.791410241955,39.3715717296844,0,0.592439857008863
1,35.66,0,4.14689634596821,173.784276640923,39.3694119609332,0,0.592413763709744
1,35.67,0,4.14671370197541,173.777143310333,39.3672523298738,0,0.592387671710773
1,35.68,0,4.14653106707906,173.770010250181,39.3650928364965,0,0.592361581011295
1,35.69,0,4.14634844127461,173.762877460459,39.3629334807913,0,0.592335491610658
1,35.7,0,4.14616582455749,173.755744941161,39.3607742627484,0,0.592309403508213
1,35.71,0,4.14598321692319,173.748612692281,39.3586151823579,0,0.592283316703313
1,35.72,0,4.14580061836719,173.741480713813,39.35645623961,0,0.592257231195313
1,35.73,0,4.14561802888498,173.734349005749,39.3542974344947,0,0.592231146983569
1,35.74,0,4.1454354484721,173.727217568084,39.3521387670023,0,0.592205064067443
1,35.75,0,4.14525287712407,173.720086400811,39.3499802371228,0,0.592178982446296
1,35.76,0,4.14507031483644,173.712955503925,39.3478218448463,0,0.592152902119492
1,35.77,0,4.14488776160479,173.705824877417,39.345663590163,0,0.592126823086398
1,35.78,0,4.14470521742469,173.698694521283,39.3435054730631,0,0.592100745346384
1,35.79,0,4.14452268229175,173.691564435516,39.3413474935365,0,0.592074668898821
1,35.8,0,4.14434015620158,173.684434620108,39.3391896515736,0,0.592048593743083
1,35.81,0,4.14415763914983,173.677305075055,39.3370319471643,0,0.592022519878547
1,35.82,0,4.14397513113213,173.670175800349,39.3348743802988,0,0.59199644730459
1,35.83,0,4.14379263214415,173.663046795984,39.3327169509672,0,0.591970376020593
1,35.84,0,4.14361014218159,173.655918061954,39.3305596591597,0,0.591944306025941
1,35.85,0,4.14342766124013,173.648789598252,39.3284025048663,0,0.591918237320019
1,35.86,0,4.1432451893155,173.641661404871,39.3262454880772,0,0.591892169902214
1,35.87,0,4.14306272640342,173.634533481806,39.3240886087825,0,0.591866103771917
1,35.88,0,4.14288027249964,173.627405829049,39.3219318669724,0,0.59184003892852
1,35.89,0,4.14269782759994,173.620278446595,39.3197752626368,0,0.59181397537142
1,35.9,0,4.14251539170008,173.613151334436,39.317618795766,0,0.591787913100012
1,35.91,0,4.14233296479588,173.606024492567,39.3154624663501,0,0.591761852113697
1,35.92,0,4.14215054688314,173.59889792098,39.3133062743792,0,0.591735792411877
1,35.93,0,4.1419681379577,173.59177161967,39.3111502198434,0,0.591709733993956
1,35.94,0,4.14178573801539,173.58464558863,39.3089943027328,0,0.591683676859342
1,35.95,0,4.1416033470521,173.577519827853,39.3068385230375,0,0.591657621007443
1,35.96,0,4.14142096506369,173.570394337332,39.3046828807476,0,0.59163156643767
1,35.97,0,4.14123859204607,173.563269117062,39.3025273758533,0,0.591605513149439
1,35.98,0,4.14105622799514,173.556144167036,39.3003720083446,0,0.591579461142163
1,35.99,0,4.14087387290684,173.549019487247,39.2982167782118,0,0.591553410415264
1,36,0,4.14069152677712,173.541895077688,39.2960616854448,0,0.59152736096816
1,36.01,0,4.14050918960193,173.534770938354,39.2939067300337,0,0.591501312800276
1,36.02,0,4.14032686137725,173.527647069237,39.2917519119688,0,0.591475265911036
1,36.03,0,4.14014454209909,173.520523470331,39.2895972312401,0,0.59144922029987
1,36.04,0,4.13996223176345,173.513400141629,39.2874426878377,0,0.591423175966207
1,36.05,0,4.13977993036636,173.506277083125,39.2852882817516,0,0.59139713290948
1,36.06,0,4.13959763790387,173.499154294813,39.2831340129721,0,0.591371091129124
1,36.07,0,4.13941535437203,173.492031776685,39.2809798814893,0,0.591345050624576
1,36.08,0,4.13923307976693,173.484909528735,39.2788258872931,0,0.591319011395276
1,36.09,0,4.13905081408466,173.477787550956,39.2766720303738,0,0.591292973440665
1,36.1,0,4.13886855732133,173.470665843343,39.2745183107214,0,0.59126693676019
1,36.11,0,4.13868630947306,173.463544405887,39.2723647283261,0,0.591240901353295
1,36.12,0,4.13850407053601,173.456423238583,39.2702112831779,0,0.59121486721943
1,36.13,0,4.13832184050633,173.449302341424,39.2680579752669,0,0.591188834358047
1,36.14,0,4.1381396193802,173.442181714404,39.2659048045832,0,0.591162802768599
1,36.15,0,4.1379574071538,173.435061357515,39.263751771117,0,0.591136772450543
1,36.16,0,4.13777520382336,173.427941270751,39.2615988748583,0,0.591110743403337
1,36.17,0,4.13759300938509,173.420821454105,39.2594461157972,0,0.591084715626441
1,36.18,0,4.13741082383524,173.413701907571,39.2572934939238,0,0.59105868911932
1,36.19,0,4.13722864717007,173.406582631142,39.2551410092283,0,0.591032663881439
1,36.2,0,4.13704647938585,173.399463624811,39.2529886617006,0,0.591006639912264
1,36.21,0,4.13686432047887,173.392344888572,39.250836451331,0,0.590980617211268
1,36.22,0,4.13668217044545,173.385226422418,39.2486843781095,0,0.590954595777922
1,36.23,0,4.1365000292819,173.378108226343,39.2465324420262,0,0.5909285756117
1,36.24,0,4.13631789698457,173.370990300338,39.2443806430711,0,0.590902556712082
1,36.25,0,4.13613577354982,173.363872644399,39.2422289812344,0,0.590876539078546
1,36.26,0,4.13595365897402,173.356755258518,39.2400774565062,0,0.590850522710574
1,36.27,0,4.13577155325355,173.349638142688,39.2379260688766,0,0.59082450760765
1,36.28,0,4.13558945638483,173.342521296903,39.2357748183356,0,0.590798493769262
1,36.29,0,4.13540736836428,173.335404721155,39.2336237048733,0,0.590772481194897
1,36.3,0,4.13522528918834,173.328288415439,39.2314727284798,0,0.590746469884049
1,36.31,0,4.13504321885347,173.321172379748,39.2293218891453,0,0.590720459836209
1,36.32,0,4.13486115735613,173.314056614074,39.2271711868597,0,0.590694451050876
1,36.33,0,4.13467910469282,173.306941118411,39.2250206216133,0,0.590668443527546
1,36.34,0,4.13449706086004,173.299825892752,39.222870193396,0,0.59064243726572
1,36.35,0,4.13431502585432,173.29271093709,39.2207199021979,0,0.590616432264903
1,36.36,0,4.13413299967219,173.28559625142,39.2185697480092,0,0.590590428524599
1,36.37,0,4.13395098231021,173.278481835732,39.2164197308199,0,0.590564426044316
1,36.38,0,4.13376897376495,173.271367690022,39.21426985062,0,0.590538424823565
1,36.39,0,4.133586974033,173.264253814282,39.2121201073998,0,0.590512424861857
1,36.4,0,4.13340498311088,173.257140208506,39.2099705011492,0,0.590486426158698
1,36.41,0,4.13322300099485,173.250026872686,39.2078210318584,0,0.59046042871355
1,36.42,0,4.13304102768145,173.242913806816,39.2056716995175,0,0.590434432525922
1,36.43,0,4.13285906316733,173.23580101089,39.2035225041165,0,0.590408437595333
1,36.44,0,4.13267710744913,173.228688484899,39.2013734456456,0,0.590382443921305
1,36.45,0,4.13249516052353,173.221576228839,39.1992245240947,0,0.590356451503362
1,36.46,0,4.1323132223872,173.2144642427,39.197075739454,0,0.590330460341029
1,36.47,0,4.13213129303685,173.207352526478,39.1949270917136,0,0.590304470433836
1,36.48,0,4.13194937246919,173.200241080164,39.1927785808635,0,0.590278481781312
1,36.49,0,4.13176746068094,173.193129903753,39.1906302068938,0,0.590252494382992
1,36.5,0,4.13158555766887,173.186018997237,39.1884819697945,0,0.59022650823841
1,36.51,0,4.13140366342973,173.178908360609,39.1863338695559,0,0.590200523347104
1,36.52,0,4.1312217779603,173.171797993862,39.1841859061679,0,0.590174539708614
1,36.53,0,4.13103990125738,173.16468789699,39.1820380796205,0,0.590148557322483
1,36.54,0,4.13085803331778,173.157578069986,39.179890389904,0,0.590122576188254
1,36.55,0,4.13067617413833,173.150468512843,39.1777428370083,0,0.590096596305476
1,36.56,0,4.13049432371588,173.143359225553,39.1755954209235,0,0.590070617673697
1,36.57,0,4.13031248204728,173.13625020811,39.1734481416398,0,0.590044640292468
1,36.58,0,4.13013064912941,173.129141460507,39.171300999147,0,0.590018664161345
1,36.59,0,4.12994882495918,173.122032982738,39.1691539934354,0,0.589992689279882
1,36.6,0,4.12976700953348,173.114924774794,39.167007124495,0,0.58996671564764
1,36.61,0,4.12958520284924,173.10781683667,39.1648603923159,0,0.589940743264177
1,36.62,0,4.12940340490341,173.100709168358,39.1627137968881,0,0.589914772129058
1,36.63,0,4.12922161569294,173.093601769852,39.1605673382017,0,0.589888802241848
1,36.64,0,4.12903983521481,173.086494641143,39.1584210162467,0,0.589862833602115
1,36.65,0,4.12885806346601,173.079387782226,39.1562748310133,0,0.58983686620943
1,36.66,0,4.12867630044354,173.072281193094,39.1541287824915,0,0.589810900063363
1,36.67,0,4.12849454614443,173.065174873739,39.1519828706713,0,0.58978493516349
1,36.68,0,4.12831280056573,173.058068824154,39.1498370955428,0,0.589758971509389
1,36.69,0,4.12813106370447,173.050963044333,39.1476914570962,0,0.589733009100639
1,36.7,0,4.12794933555774,173.043857534269,39.1455459553213,0,0.589707047936821
1,36.71,0,4.12776761612263,173.036752293953,39.1434005902084,0,0.589681088017519
1,36.72,0,4.12758590539624,173.029647323381,39.1412553617474,0,0.58965512934232
1,36.73,0,4.12740420337568,173.022542622543,39.1391102699285,0,0.589629171910811
1,36.74,0,4.1272225100581,173.015438191435,39.1369653147416,0,0.589603215722586
1,36.75,0,4.12704082544065,173.008334030047,39.1348204961768,0,0.589577260777236
1,36.76,0,4.1268591495205,173.001230138374,39.1326758142243,0,0.589551307074357
1,36.77,0,4.12667748229483,172.994126516408,39.130531268874,0,0.589525354613547
1,36.78,0,4.12649582376084,172.987023164142,39.128386860116,0,0.589499403394406
1,36.79,0,4.12631417391576,172.97992008157,39.1262425879404,0,0.589473453416537
1,36.8,0,4.12613253275681,172.972817268684,39.1240984523371,0,0.589447504679545
1,36.81,0,4.12595090028126,172.965714725476,39.1219544532964,0,0.589421557183036
1,36.82,0,4.12576927648635,172.958612451941,39.1198105908082,0,0.589395610926622
1,36.83,0,4.12558766136938,172.951510448071,39.1176668648625,0,0.589369665909912
1,36.84,0,4.12540605492765,172.944408713858,39.1155232754495,0,0.589343722132521
1,36.85,0,4.12522445715846,172.937307249296,39.1133798225591,0,0.589317779594066
1,36.86,0,4.12504286805916,172.930206054378,39.1112365061815,0,0.589291838294165
1,36.87,0,4.12486128762708,172.923105129096,39.1090933263066,0,0.58926589823244
1,36.88,0,4.1246797158596,172.916004473444,39.1069502829246,0,0.589239959408514
1,36.89,0,4.12449815275409,172.908904087414,39.1048073760254,0,0.589214021822013
1,36.9,0,4.12431659830795,172.901803970998,39.1026646055992,0,0.589188085472564
1,36.91,0,4.12413505251858,172.894704124191,39.1005219716359,0,0.589162150359798
1,36.92,0,4.12395351538343,172.887604546985,39.0983794741256,0,0.589136216483347
1,36.93,0,4.12377198689993,172.880505239373,39.0962371130584,0,0.589110283842848
1,36.94,0,4.12359046706555,172.873406201347,39.0940948884243,0,0.589084352437936
1,36.95,0,4.12340895587776,172.8663074329,39.0919528002133,0,0.589058422268251
1,36.96,0,4.12322745333405,172.859208934026,39.0898108484156,0,0.589032493333436
1,36.97,0,4.12304595943194,172.852110704716,39.087669033021,0,0.589006565633134
1,36.98,0,4.12286447416895,172.845012744965,39.0855273540197,0,0.588980639166992
1,36.99,0,4.12268299754262,172.837915054764,39.0833858114018,0,0.58895471393466
1,37,0,4.12250152955051,172.830817634107,39.0812444051572,0,0.588928789935787
1,37.01,0,4.1223200701902,172.823720482986,39.079103135276,0,0.588902867170028
1,37.02,0,4.12213861945927,172.816623601394,39.0769620017482,0,0.588876945637039
1,37.03,0,4.12195717735534,172.809526989324,39.0748210045639,0,0.588851025336477
1,37.04,0,4.12177574387602,172.802430646768,39.0726801437131,0,0.588825106268003
1,37.05,0,4.12159431901896,172.79533457372,39.0705394191858,0,0.58879918843128
1,37.06,0,4.12141290278181,172.788238770172,39.0683988309721,0,0.588773271825973
1,37.07,0,4.12123149516224,172.781143236117,39.0662583790621,0,0.588747356451749
1,37.08,0,4.12105009615795,172.774047971548,39.0641180634457,0,0.588721442308278
1,37.09,0,4.12086870576662,172.766952976457,39.061977884113,0,0.588695529395232
1,37.1,0,4.120687323986,172.759858250837,39.059837841054,0,0.588669617712285
1,37.11,0,4.1205059508138,172.752763794681,39.0576979342587,0,0.588643707259114
1,37.12,0,4.12032458624778,172.745669607982,39.0555581637172,0,0.588617798035398
1,37.13,0,4.12014323028573,172.738575690732,39.0534185294196,0,0.588591890040818
1,37.14,0,4.1199618829254,172.731482042924,39.0512790313558,0,0.588565983275058
1,37.15,0,4.11978054416462,172.724388664551,39.0491396695158,0,0.588540077737803
1,37.16,0,4.1195992140012,172.717295555606,39.0470004438898,0,0.588514173428742
1,37.17,0,4.11941789243296,172.71020271608,39.0448613544677,0,0.588488270347566
1,37.18,0,4.11923657945777,172.703110145968,39.0427224012396,0,0.588462368493967
1,37.19,0,4.11905527507224,172.696017845261,39.0405835841956,0,0.588436467867462
1,37.2,0,4.11887397926665,172.688925813957,39.0384449033264,0,0.588410568466665
1,37.21,0,4.11869269203733,172.681834052047,39.0363063586222,0,0.588384670291047
1,37.22,0,4.11851141338179,172.674742559525,39.0341679500732,0,0.588358773340255
1,37.23,0,4.11833014329758,172.667651336384,39.0320296776693,0,0.58833287761394
1,37.24,0,4.11814888178225,172.660560382617,39.0298915414006,0,0.58830698311175
1,37.25,0,4.11796762883337,172.653469698216,39.0277535412572,0,0.588281089833339
1,37.26,0,4.11778638444852,172.646379283174,39.0256156772291,0,0.58825519777836
1,37.27,0,4.11760514862528,172.639289137484,39.0234779493065,0,0.588229306946469
1,37.28,0,4.11742392136126,172.632199261138,39.0213403574793,0,0.588203417337323
1,37.29,0,4.11724270265406,172.62510965413,39.0192029017376,0,0.58817752895058
1,37.3,0,4.11706149250131,172.618020316453,39.0170655820714,0,0.588151641785902
1,37.31,0,4.11688029090065,172.610931248098,39.0149283984709,0,0.58812575584295
1,37.32,0,4.11669909784971,172.603842449059,39.0127913509261,0,0.588099871121387
1,37.33,0,4.11651791334615,172.596753919329,39.0106544394271,0,0.588073987620879
1,37.34,0,4.11633673738765,172.5896656589,39.0085176639638,0,0.588048105341093
1,37.35,0,4.11615556997189,172.582577667766,39.0063810245265,0,0.588022224281698
1,37.36,0,4.11597441109655,172.575489945918,39.004244521105,0,0.587996344442364
1,37.37,0,4.11579326075934,172.568402493349,39.0021081536896,0,0.587970465822762
1,37.38,0,4.11561211895797,172.561315310053,38.9999719222701,0,0.587944588422567
1,37.39,0,4.11543098569017,172.554228396023,38.9978358268368,0,0.587918712241453
1,37.4,0,4.11524986095367,172.54714175125,38.9956998673797,0,0.587892837279096
1,37.41,0,4.11506874474624,172.540055375727,38.9935640438887,0,0.587866963535177
1,37.42,0,4.11488763706562,172.532969269448,38.991428356354,0,0.587841091009374
1,37.43,0,4.11470653790959,172.525883432404,38.9892928047657,0,0.587815219701369
1,37.44,0,4.11452544727592,172.51879786459,38.9871573891137,0,0.587789349610846
1,37.45,0,4.11434436516243,172.511712565997,38.9850221093882,0,0.58776348073749
1,37.46,0,4.11416329156691,172.504627536618,38.9828869655792,0,0.587737613080987
1,37.47,0,4.11398222648718,172.497542776445,38.9807519576767,0,0.587711746641025
1,37.48,0,4.11380116992107,172.490458285473,38.9786170856708,0,0.587685881417295
1,37.49,0,4.11362012186641,172.483374063692,38.9764823495516,0,0.587660017409488
1,37.5,0,4.11343908232108,172.476290111097,38.974347749309,0,0.587634154617297
1,37.51,0,4.11325805128292,172.469206427679,38.9722132849333,0,0.587608293040417
1,37.52,0,4.11307702874981,172.462123013431,38.9700789564144,0,0.587582432678544
1,37.53,0,4.11289601471964,172.455039868346,38.9679447637423,0,0.587556573531376
1,37.54,0,4.1127150091903,172.447956992417,38.9658107069072,0,0.587530715598614
1,37.55,0,4.11253401215971,172.440874385636,38.9636767858991,0,0.587504858879959
1,37.56,0,4.11235302362579,172.433792047996,38.961543000708,0,0.587479003375113
1,37.57,0,4.11217204358647,172.426709979489,38.959409351324,0,0.587453149083781
1,37.58,0,4.11199107203969,172.419628180109,38.9572758377371,0,0.58742729600567
1,37.59,0,4.11181010898341,172.412546649848,38.9551424599374,0,0.587401444140488
1,37.6,0,4.1116291544156,172.405465388698,38.953009217915,0,0.587375593487943
1,37.61,0,4.11144820833423,172.398384396652,38.9508761116598,0,0.587349744047748
1,37.62,0,4.1112672707373,172.391303673703,38.948743141162,0,0.587323895819615
1,37.63,0,4.11108634162281,172.384223219844,38.9466103064116,0,0.587298048803258
1,37.64,0,4.11090542098876,172.377143035066,38.9444776073987,0,0.587272202998394
1,37.65,0,4.11072450883318,172.370063119363,38.9423450441133,0,0.587246358404741
1,37.66,0,4.11054360515412,172.362983472728,38.9402126165454,0,0.587220515022017
1,37.67,0,4.11036270994961,172.355904095152,38.9380803246851,0,0.587194672849944
1,37.68,0,4.11018182321772,172.348824986629,38.9359481685225,0,0.587168831888245
1,37.69,0,4.11000094495651,172.341746147151,38.9338161480476,0,0.587142992136644
1,37.7,0,4.10982007516407,172.33466757671,38.9316842632504,0,0.587117153594867
1,37.71,0,4.10963921383849,172.3275892753,38.929552514121,0,0.587091316262641
1,37.72,0,4.10945836097787,172.320511242913,38.9274209006495,0,0.587065480139696
1,37.73,0,4.10927751658034,172.313433479541,38.9252894228259,0,0.587039645225762
1,37.74,0,4.10909668064401,172.306355985177,38.9231580806402,0,0.587013811520573
1,37.75,0,4.10891585316703,172.299278759813,38.9210268740826,0,0.586987979023862
1,37.76,0,4.10873503414755,172.292201803443,38.9188958031429,0,0.586962147735365
1,37.77,0,4.10855422358374,172.285125116058,38.9167648678114,0,0.586936317654819
1,37.78,0,4.10837342147375,172.278048697652,38.914634068078,0,0.586910488781964
1,37.79,0,4.10819262781578,172.270972548217,38.9125034039328,0,0.586884661116541
1,37.8,0,4.10801184260803,172.263896667745,38.9103728753658,0,0.58685883465829
1,37.81,0,4.10783106584871,172.256821056229,38.9082424823672,0,0.586833009406958
1,37.82,0,4.10765029753602,172.249745713661,38.9061122249268,0,0.586807185362289
1,37.83,0,4.10746953766821,172.242670640034,38.9039821030348,0,0.58678136252403
1,37.84,0,4.10728878624352,172.235595835341,38.9018521166813,0,0.586755540891931
1,37.85,0,4.10710804326019,172.228521299574,38.8997222658562,0,0.586729720465741
1,37.86,0,4.1069273087165,172.221447032725,38.8975925505496,0,0.586703901245214
1,37.87,0,4.10674658261072,172.214373034788,38.8954629707516,0,0.586678083230103
1,37.88,0,4.10656586494114,172.207299305754,38.8933335264522,0,0.586652266420163
1,37.89,0,4.10638515570607,172.200225845616,38.8912042176414,0,0.586626450815152
1,37.9,0,4.1062044549038,172.193152654367,38.8890750443093,0,0.586600636414828
1,37.91,0,4.10602376253266,172.186079731998,38.886946006446,0,0.586574823218952
1,37.92,0,4.105843078591,172.179007078504,38.8848171040415,0,0.586549011227286
1,37.93,0,4.10566240307715,172.171934693875,38.8826883370857,0,0.586523200439592
1,37.94,0,4.10548173598947,172.164862578105,38.8805597055689,0,0.586497390855638
1,37.95,0,4.10530107732632,172.157790731187,38.8784312094809,0,0.586471582475189
1,37.96,0,4.1051204270861,172.150719153111,38.8763028488119,0,0.586445775298014
1,37.97,0,4.10493978526719,172.143647843872,38.874174623552,0,0.586419969323884
1,37.98,0,4.10475915186719,172.136576803461,38.8720465336911,0,0.586394164552455
1,37.99,0,4.10457852687892,172.129506031874,38.8699185792199,0,0.586368360982703
1,38,0,4.10439791029951,172.122435529104,38.8677907601286,0,0.586342558614216
1,38.01,0,4.1042173021271,172.115365295142,38.8656630764072,0,0.586316757446729
1,38.02,0,4.10403670235986,172.108295329982,38.8635355280458,0,0.58629095747998
1,38.03,0,4.10385611099595,172.101225633616,38.8614081150344,0,0.586265158713708
1,38.04,0,4.10367552803356,172.094156206037,38.8592808373632,0,0.586239361147652
1,38.05,0,4.10349495347087,172.087087047237,38.8571536950222,0,0.586213564781553
1,38.06,0,4.10331438730607,172.080018157209,38.8550266880014,0,0.586187769615153
1,38.07,0,4.10313382953737,172.072949535946,38.852899816291,0,0.586161975648196
1,38.08,0,4.10295328016297,172.065881183439,38.850773079881,0,0.586136182880424
1,38.09,0,4.10277273918109,172.058813099682,38.8486464787615,0,0.586110391311584
1,38.1,0,4.10259220658996,172.051745284667,38.8465200129225,0,0.586084600941423
1,38.11,0,4.10241168238781,172.044677738386,38.8443936823541,0,0.586058811769687
1,38.12,0,4.10223116657288,172.037610460832,38.8422674870465,0,0.586033023796126
1,38.13,0,4.10205065914342,172.030543451998,38.8401414269895,0,0.586007237020489
1,38.14,0,4.1018701600977,172.023476711876,38.8380155021734,0,0.585981451442528
1,38.15,0,4.10168966943396,172.016410240459,38.8358897125882,0,0.585955667061994
1,38.16,0,4.10150918715049,172.009344037739,38.833764058224,0,0.585929883878642
1,38.17,0,4.10132871324557,172.002278103708,38.8316385390708,0,0.585904101892225
1,38.18,0,4.10114824771749,171.99521243836,38.8295131551187,0,0.585878321102499
1,38.19,0,4.10096779056455,171.988147041686,38.8273879063577,0,0.585852541509221
1,38.2,0,4.10078734178504,171.98108191368,38.825262792778,0,0.585826763112148
1,38.21,0,4.10060690137728,171.974017054333,38.8231378143697,0,0.585800985911041
1,38.22,0,4.10042646933961,171.966952463639,38.8210129711227,0,0.585775209905658
1,38.23,0,4.10024604567033,171.959888141589,38.8188882630272,0,0.585749435095761
1,38.24,0,4.10006563036779,171.952824088176,38.8167636900732,0,0.585723661481113
1,38.25,0,4.09988522343034,171.945760303393,38.8146392522508,0,0.585697889061478
1,38.26,0,4.09970482485633,171.938696787232,38.8125149495501,0,0.585672117836619
1,38.27,0,4.09952443464412,171.931633539686,38.8103907819611,0,0.585646347806303
1,38.28,0,4.09934405279208,171.924570560747,38.8082667494739,0,0.585620578970297
1,38.29,0,4.09916367929858,171.917507850407,38.8061428520786,0,0.585594811328368
1,38.3,0,4.09898331416201,171.91044540866,38.8040190897653,0,0.585569044880287
1,38.31,0,4.09880295738076,171.903383235497,38.801895462524,0,0.585543279625823
1,38.32,0,4.09862260895324,171.896321330911,38.7997719703448,0,0.585517515564749
1,38.33,0,4.09844226887785,171.889259694894,38.7976486132177,0,0.585491752696836
1,38.34,0,4.09826193715301,171.88219832744,38.7955253911329,0,0.585465991021859
1,38.35,0,4.09808161377715,171.87513722854,38.7934023040804,0,0.585440230539592
1,38.36,0,4.09790129874869,171.868076398186,38.7912793520503,0,0.585414471249812
1,38.37,0,4.09772099206607,171.861015836372,38.7891565350327,0,0.585388713152296
1,38.38,0,4.09754069372776,171.85395554309,38.7870338530175,0,0.585362956246823
1,38.39,0,4.0973604037322,171.846895518332,38.784911305995,0,0.585337200533171
1,38.4,0,4.09718012207785,171.839835762091,38.7827888939552,0,0.585311446011121
1,38.41,0,4.09699984876319,171.832776274358,38.780666616888,0,0.585285692680456
1,38.42,0,4.09681958378671,171.825717055127,38.7785444747838,0,0.585259940540959
1,38.43,0,4.09663932714688,171.81865810439,38.7764224676323,0,0.585234189592412
1,38.44,0,4.09645907884221,171.81159942214,38.7743005954239,0,0.585208439834602
1,38.45,0,4.0962788388712,171.804541008368,38.7721788581485,0,0.585182691267314
1,38.46,0,4.09609860723236,171.797482863067,38.7700572557962,0,0.585156943890338
1,38.47,0,4.09591838392422,171.79042498623,38.767935788357,0,0.58513119770346
1,38.48,0,4.09573816894529,171.783367377849,38.7658144558211,0,0.58510545270647
1,38.49,0,4.09555796229413,171.776310037917,38.7636932581786,0,0.585079708899161
1,38.5,0,4.09537776396926,171.769252966425,38.7615721954194,0,0.585053966281323
1,38.51,0,4.09519757396925,171.762196163366,38.7594512675337,0,0.58502822485275
1,38.52,0,4.09501739229265,171.755139628734,38.7573304745115,0,0.585002484613236
1,38.53,0,4.09483721893804,171.748083362519,38.755209816343,0,0.584976745562577
1,38.54,0,4.09465705390398,171.741027364715,38.7530892930182,0,0.584951007700569
1,38.55,0,4.09447689718907,171.733971635313,38.7509689045271,0,0.58492527102701
1,38.56,0,4.09429674879189,171.726916174307,38.7488486508598,0,0.584899535541699
1,38.57,0,4.09411660871105,171.719860981689,38.7467285320065,0,0.584873801244435
1,38.58,0,4.09393647694515,171.71280605745,38.7446085479571,0,0.584848068135021
1,38.59,0,4.09375635349281,171.705751401584,38.7424886987018,0,0.584822336213258
1,38.6,0,4.09357623835265,171.698697014083,38.7403689842306,0,0.58479660547895
1,38.61,0,4.09339613152331,171.691642894939,38.7382494045336,0,0.584770875931901
1,38.62,0,4.09321603300342,171.684589044144,38.736129959601,0,0.584745147571918
1,38.63,0,4.09303594279164,171.677535461691,38.7340106494226,0,0.584719420398806
1,38.64,0,4.09285586088662,171.670482147573,38.7318914739887,0,0.584693694412374
1,38.65,0,4.09267578728701,171.663429101781,38.7297724332893,0,0.584667969612431
1,38.66,0,4.09249572199151,171.656376324308,38.7276535273144,0,0.584642245998787
1,38.67,0,4.09231566499878,171.649323815146,38.7255347560542,0,0.584616523571254
1,38.68,0,4.09213561630751,171.642271574288,38.7234161194987,0,0.584590802329644
1,38.69,0,4.0919555759164,171.635219601726,38.7212976176381,0,0.584565082273771
1,38.7,0,4.09177554382415,171.628167897452,38.7191792504623,0,0.58453936340345
1,38.71,0,4.09159552002947,171.62111646146,38.7170610179614,0,0.584513645718496
1,38.72,0,4.09141550453109,171.61406529374,38.7149429201256,0,0.584487929218727
1,38.73,0,4.09123549732773,171.607014394285,38.7128249569448,0,0.584462213903961
1,38.74,0,4.09105549841813,171.599963763088,38.7107071284092,0,0.584436499774018
1,38.75,0,4.09087550780102,171.592913400142,38.7085894345089,0,0.584410786828718
1,38.76,0,4.09069552547517,171.585863305437,38.7064718752339,0,0.584385075067882
1,38.77,0,4.09051555143891,171.578813478968,38.7043544505743,0,0.584359364491273
1,38.78,0,4.09033558568758,171.571763920727,38.7022371605206,0,0.584333655098226
1,38.79,0,4.09015562821907,171.564714630707,38.7001200050628,0,0.584307946888439
1,38.8,0,4.08997567903199,171.557665608901,38.6980029841912,0,0.584282239861712
1,38.81,0,4.08979573812494,171.550616855301,38.6958860978957,0,0.584256534017849
1,38.82,0,4.08961580549656,171.543568369899,38.6937693461664,0,0.584230829356652
1,38.83,0,4.08943588114547,171.536520152688,38.6916527289935,0,0.584205125877924
1,38.84,0,4.08925596507029,171.529472203661,38.6895362463671,0,0.58417942358147
1,38.85,0,4.08907605726967,171.522424522808,38.6874198982772,0,0.584153722467096
1,38.86,0,4.08889615774226,171.515377110124,38.685303684714,0,0.584128022534608
1,38.87,0,4.08871626648669,171.5083299656,38.6831876056675,0,0.584102323783813
1,38.88,0,4.08853638350163,171.501283089228,38.6810716611278,0,0.584076626214519
1,38.89,0,4.08835650878574,171.494236481001,38.678955851085,0,0.584050929826534
1,38.9,0,4.08817664233768,171.487190140912,38.6768401755292,0,0.584025234619669
1,38.91,0,4.08799678415613,171.480144068952,38.6747246344506,0,0.583999540593733
1,38.92,0,4.08781693423977,171.473098265115,38.6726092278391,0,0.583973847748538
1,38.93,0,4.08763709258727,171.466052729391,38.670493955685,0,0.583948156083896
1,38.94,0,4.08745725919734,171.459007461775,38.6683788179782,0,0.58392246559962
1,38.95,0,4.08727743406866,171.451962462258,38.666263814709,0,0.583896776295523
1,38.96,0,4.08709761719994,171.444917730832,38.6641489458673,0,0.58387108817142
1,38.97,0,4.08691780858989,171.437873267489,38.6620342114433,0,0.583845401227127
1,38.98,0,4.08673800823721,171.430829072223,38.6599196114271,0,0.583819715462459
1,38.99,0,4.08655821614064,171.423785145026,38.6578051458087,0,0.583794030877234
1,39,0,4.08637843229889,171.416741485889,38.6556908145784,0,0.58376834747127
1,39.01,0,4.08619865671069,171.409698094805,38.6535766177261,0,0.583742665244385
1,39.02,0,4.08601888937479,171.402654971767,38.651462555242,0,0.583716984196398
1,39.03,0,4.08583913028992,171.395612116767,38.6493486271161,0,0.583691304327131
1,39.04,0,4.08565937945483,171.388569529796,38.6472348333386,0,0.583665625636404
1,39.05,0,4.08547963686828,171.381527210848,38.6451211738996,0,0.58363994812404
1,39.06,0,4.08529990252903,171.374485159915,38.6430076487892,0,0.583614271789861
1,39.07,0,4.08512017643583,171.367443376989,38.6408942579974,0,0.583588596633691
1,39.08,0,4.08494045858748,171.360401862063,38.6387810015143,0,0.583562922655354
1,39.09,0,4.08476074898273,171.353360615128,38.6366678793302,0,0.583537249854676
1,39.1,0,4.08458104762038,171.346319636177,38.634554891435,0,0.583511578231483
1,39.11,0,4.08440135449922,171.339278925202,38.6324420378189,0,0.583485907785603
1,39.12,0,4.08422166961803,171.332238482197,38.6303293184719,0,0.583460238516862
1,39.13,0,4.08404199297563,171.325198307152,38.6282167333842,0,0.583434570425089
1,39.14,0,4.0838623245708,171.31815840006,38.6261042825459,0,0.583408903510115
1,39.15,0,4.08368266440238,171.311118760914,38.623991965947,0,0.583383237771769
1,39.16,0,4.08350301246918,171.304079389706,38.6218797835777,0,0.583357573209883
1,39.17,0,4.08332336877002,171.297040286428,38.6197677354281,0,0.583331909824288
1,39.18,0,4.08314373330372,171.290001451072,38.6176558214883,0,0.583306247614818
1,39.19,0,4.08296410606914,171.282962883631,38.6155440417483,0,0.583280586581305
1,39.2,0,4.0827844870651,171.275924584097,38.6134323961984,0,0.583254926723585
1,39.21,0,4.08260487629045,171.268886552463,38.6113208848285,0,0.583229268041493
1,39.22,0,4.08242527374406,171.26184878872,38.6092095076288,0,0.583203610534865
1,39.23,0,4.08224567942477,171.254811292861,38.6070982645894,0,0.583177954203538
1,39.24,0,4.08206609333145,171.247774064878,38.6049871557004,0,0.58315229904735
1,39.25,0,4.08188651546298,171.240737104764,38.6028761809519,0,0.58312664506614
1,39.26,0,4.08170694581822,171.23370041251,38.600765340334,0,0.583100992259746
1,39.27,0,4.08152738439606,171.226663988109,38.5986546338368,0,0.583075340628009
1,39.28,0,4.0813478311954,171.219627831554,38.5965440614505,0,0.583049690170771
1,39.29,0,4.08116828621511,171.212591942836,38.594433623165,0,0.583024040887873
1,39.3,0,4.08098874945411,171.205556321948,38.5923233189706,0,0.582998392779158
1,39.31,0,4.08080922091129,171.198520968882,38.5902131488574,0,0.58297274584447
1,39.32,0,4.08062970058557,171.19148588363,38.5881031128153,0,0.582947100083653
1,39.33,0,4.08045018847587,171.184451066185,38.5859932108347,0,0.582921455496553
1,39.34,0,4.08027068458111,171.177416516539,38.5838834429055,0,0.582895812083015
1,39.35,0,4.08009118890021,171.170382234684,38.5817738090178,0,0.582870169842887
1,39.36,0,4.07991170143211,171.163348220612,38.5796643091618,0,0.582844528776016
1,39.37,0,4.07973222217576,171.156314474316,38.5775549433276,0,0.582818888882252
1,39.38,0,4.07955275113009,171.149280995788,38.5754457115053,0,0.582793250161442
1,39.39,0,4.07937328829407,171.14224778502,38.573336613685,0,0.582767612613438
1,39.4,0,4.07919383366664,171.135214842004,38.5712276498568,0,0.582741976238091
1,39.41,0,4.07901438724677,171.128182166733,38.5691188200108,0,0.582716341035253
1,39.42,0,4.07883494903343,171.121149759198,38.5670101241371,0,0.582690707004776
1,39.43,0,4.0786555190256,171.114117619393,38.5649015622259,0,0.582665074146514
1,39.44,0,4.07847609722225,171.107085747309,38.5627931342672,0,0.582639442460322
1,39.45,0,4.07829668362238,171.100054142938,38.5606848402512,0,0.582613811946055
1,39.46,0,4.07811727822498,171.093022806274,38.5585766801679,0,0.582588182603568
1,39.47,0,4.07793788102903,171.085991737307,38.5564686540075,0,0.582562554432719
1,39.48,0,4.07775849203356,171.07896093603,38.5543607617601,0,0.582536927433366
1,39.49,0,4.07757911123756,171.071930402436,38.5522530034158,0,0.582511301605366
1,39.5,0,4.07739973864006,171.064900136516,38.5501453789647,0,0.58248567694858
1,39.51,0,4.07722037424008,171.057870138264,38.5480378883969,0,0.582460053462868
1,39.52,0,4.07704101803664,171.05084040767,38.5459305317025,0,0.582434431148091
1,39.53,0,4.07686167002877,171.043810944728,38.5438233088717,0,0.582408810004111
1,39.54,0,4.07668233021553,171.036781749429,38.5417162198946,0,0.58238319003079
1,39.55,0,4.07650299859594,171.029752821766,38.5396092647612,0,0.582357571227992
1,39.56,0,4.07632367516869,171.022724161731,38.5375024434618,0,0.582331953595527
1,39.57,0,4.07614435992923,171.015695769318,38.5353957559867,0,0.582306337132747
1,39.58,0,4.07596505287562,171.008667644519,38.5332892023262,0,0.582280721839375
1,39.59,0,4.07578575400678,171.001639787326,38.5311827824704,0,0.582255107715255
1,39.6,0,4.07560646332164,170.994612197733,38.5290764964094,0,0.582229494760234
1,39.61,0,4.07542718081911,170.98758487573,38.5269703441334,0,0.582203882974158
1,39.62,0,4.07524790649814,170.980557821311,38.5248643256325,0,0.582178272356877
1,39.63,0,4.07506864035766,170.973531034468,38.5227584408968,0,0.582152662908237
1,39.64,0,4.07488938239662,170.966504515192,38.5206526899165,0,0.582127054628088
1,39.65,0,4.07471013261395,170.959478263477,38.5185470726816,0,0.582101447516279
1,39.66,0,4.07453089100862,170.952452279313,38.5164415891823,0,0.58207584157266
1,39.67,0,4.07435165757957,170.945426562695,38.5143362394088,0,0.582050236797082
1,39.68,0,4.07417243232578,170.938401113613,38.5122310233512,0,0.582024633189396
1,39.69,0,4.07399321524619,170.931375932061,38.5101259409996,0,0.581999030749455
1,39.7,0,4.07381400633977,170.924351018029,38.5080209923441,0,0.58197342947711
1,39.71,0,4.07363480560551,170.917326371512,38.5059161773749,0,0.581947829372216
1,39.72,0,4.07345561304238,170.9103019925,38.5038114960821,0,0.581922230434625
1,39.73,0,4.07327642864935,170.903277880986,38.5017069484558,0,0.581896632664193
1,39.74,0,4.07309725242542,170.896254036962,38.4996025344862,0,0.581871036060774
1,39.75,0,4.07291808436956,170.889230460421,38.4974982541634,0,0.581845440624223
1,39.76,0,4.07273892448079,170.882207151354,38.4953941074776,0,0.581819846354399
1,39.77,0,4.07255977275809,170.875184109755,38.4932900944188,0,0.581794253251156
1,39.78,0,4.07238062920047,170.868161335615,38.4911862149773,0,0.581768661314354
1,39.79,0,4.07220149380694,170.861138828926,38.4890824691431,0,0.581743070543849
1,39.8,0,4.07202236657651,170.85411658968,38.4869788569064,0,0.581717480939501
1,39.81,0,4.07184324750818,170.847094617871,38.4848753782573,0,0.581691892501169
1,39.82,0,4.07166413660099,170.840072913489,38.482772033186,0,0.581666305228713
1,39.83,0,4.07148503385396,170.833051476528,38.4806688216826,0,0.581640719121994
1,39.84,0,4.07130593926612,170.82603030698,38.4785657437372,0,0.581615134180874
1,39.85,0,4.07112685283649,170.819009404836,38.47646279934,0,0.581589550405213
1,39.86,0,4.07094777456412,170.811988770089,38.4743599884811,0,0.581563967794875
1,39.87,0,4.07076870444806,170.804968402731,38.4722573111507,0,0.581538386349722
1,39.88,0,4.07058964248733,170.797948302754,38.4701547673389,0,0.581512806069619
1,39.89,0,4.07041058868101,170.790928470151,38.4680523570358,0,0.58148722695443
1,39.9,0,4.07023154302813,170.783908904914,38.4659500802317,0,0.581461649004019
1,39.91,0,4.07005250552777,170.776889607034,38.4638479369165,0,0.581436072218253
1,39.92,0,4.06987347617898,170.769870576505,38.4617459270805,0,0.581410496596997
1,39.93,0,4.06969445498083,170.762851813318,38.4596440507138,0,0.581384922140119
1,39.94,0,4.0695154419324,170.755833317466,38.4575423078065,0,0.581359348847485
1,39.95,0,4.06933643703276,170.74881508894,38.4554406983489,0,0.581333776718965
1,39.96,0,4.06915744028099,170.741797127734,38.4533392223309,0,0.581308205754427
1,39.97,0,4.06897845167618,170.734779433838,38.4512378797429,0,0.581282635953739
1,39.98,0,4.06879947121741,170.727762007246,38.4491366705749,0,0.581257067316773
1,39.99,0,4.06862049890379,170.720744847949,38.447035594817,0,0.581231499843398
1,40,0,4.0684415347344,170.71372795594,38.4449346524595,0,0.581205933533486
1,40.01,0,4.06826257870836,170.706711331211,38.4428338434924,0,0.581180368386909
1,40.02,0,4.06808363082477,170.699694973754,38.440733167906,0,0.581154804403539
1,40.03,0,4.06790469108274,170.692678883561,38.4386326256903,0,0.581129241583249
1,40.04,0,4.06772575948139,170.685663060625,38.4365322168354,0,0.581103679925913
1,40.05,0,4.06754683601984,170.678647504937,38.4344319413317,0,0.581078119431405
1,40.06,0,4.0673679206972,170.67163221649,38.4323317991691,0,0.5810525600996
1,40.07,0,4.06718901351262,170.664617195276,38.4302317903379,0,0.581027001930374
1,40.08,0,4.06701011446522,170.657602441287,38.4281319148281,0,0.581001444923603
1,40.09,0,4.06683122355414,170.650587954515,38.42603217263,0,0.580975889079163
1,40.1,0,4.06665234077852,170.643573734953,38.4239325637337,0,0.580950334396932
1,40.11,0,4.06647346613752,170.636559782592,38.4218330881294,0,0.580924780876788
1,40.12,0,4.06629459963027,170.629546097426,38.4197337458071,0,0.58089922851861
1,40.13,0,4.06611574125594,170.622532679445,38.4176345367571,0,0.580873677322277
1,40.14,0,4.06593689101368,170.615519528642,38.4155354609694,0,0.580848127287669
1,40.15,0,4.06575804890266,170.60850664501,38.4134365184343,0,0.580822578414666
1,40.16,0,4.06557921492204,170.60149402854,38.4113377091419,0,0.580797030703149
1,40.17,0,4.065400389071,170.594481679225,38.4092390330824,0,0.580771484153001
1,40.18,0,4.06522157134872,170.587469597056,38.4071404902459,0,0.580745938764103
1,40.19,0,4.06504276175437,170.580457782026,38.4050420806225,0,0.580720394536339
1,40.2,0,4.06486396028714,170.573446234128,38.4029438042024,0,0.580694851469592
1,40.21,0,4.06468516694622,170.566434953352,38.4008456609758,0,0.580669309563746
1,40.22,0,4.06450638173081,170.559423939692,38.3987476509328,0,0.580643768818687
1,40.23,0,4.0643276046401,170.55241319314,38.3966497740635,0,0.5806182292343
1,40.24,0,4.06414883567329,170.545402713687,38.3945520303582,0,0.58059269081047
1,40.25,0,4.0639700748296,170.538392501326,38.392454419807,0,0.580567153547086
1,40.26,0,4.06379132210823,170.531382556049,38.3903569424,0,0.580541617444033
1,40.27,0,4.0636125775084,170.524372877848,38.3882595981275,0,0.5805160825012
1,40.28,0,4.06343384102933,170.517363466715,38.3861623869794,0,0.580490548718475
1,40.29,0,4.06325511267024,170.510354322643,38.3840653089461,0,0.580465016095748
1,40.3,0,4.06307639243036,170.503345445623,38.3819683640177,0,0.580439484632909
1,40.31,0,4.06289768030893,170.496336835648,38.3798715521842,0,0.580413954329848
1,40.32,0,4.06271897630519,170.489328492709,38.377774873436,0,0.580388425186455
1,40.33,0,4.06254028041837,170.4823204168,38.3756783277631,0,0.580362897202624
1,40.34,0,4.06236159264772,170.475312607911,38.3735819151557,0,0.580337370378245
1,40.35,0,4.06218291299249,170.468305066035,38.371485635604,0,0.580311844713213
1,40.36,0,4.06200424145193,170.461297791165,38.3693894890981,0,0.580286320207419
1,40.37,0,4.06182557802532,170.454290783292,38.3672934756282,0,0.58026079686076
1,40.38,0,4.0616469227119,170.447284042409,38.3651975951845,0,0.580235274673129
1,40.39,0,4.06146827551095,170.440277568507,38.363101847757,0,0.580209753644422
1,40.4,0,4.06128963642174,170.433271361579,38.3610062333361,0,0.580184233774534
1,40.41,0,4.06111100544354,170.426265421617,38.3589107519117,0,0.580158715063363
1,40.42,0,4.06093238257564,170.419259748613,38.3568154034742,0,0.580133197510806
1,40.43,0,4.06075376781733,170.412254342559,38.3547201880136,0,0.580107681116761
1,40.44,0,4.06057516116788,170.405249203448,38.3526251055201,0,0.580082165881126
1,40.45,0,4.0603965626266,170.39824433127,38.350530155984,0,0.5800566518038
1,40.46,0,4.06021797219278,170.391239726019,38.3484353393952,0,0.580031138884683
1,40.47,0,4.06003938986573,170.384235387686,38.3463406557441,0,0.580005627123676
1,40.48,0,4.05986081564476,170.377231316264,38.3442461050208,0,0.57998011652068
1,40.49,0,4.05968224952917,170.370227511745,38.3421516872155,0,0.579954607075595
1,40.5,0,4.05950369151827,170.363223974121,38.3400574023182,0,0.579929098788325
1,40.51,0,4.0593251416114,170.356220703383,38.3379632503193,0,0.579903591658772
1,40.52,0,4.05914659980787,170.349217699525,38.3358692312087,0,0.579878085686839
1,40.53,0,4.05896806610702,170.342214962538,38.3337753449768,0,0.579852580872432
1,40.54,0,4.05878954050817,170.335212492413,38.3316815916137,0,0.579827077215453
1,40.55,0,4.05861102300949,170.328210289145,38.3295879711097,0,0.579801574715641
1,40.56,0,4.05843251360593,170.321208352726,38.3274944834553,0,0.579776073372276
1,40.57,0,4.05825401229628,170.31420668315,38.3254011286407,0,0.579750573185183
1,40.58,0,4.0580755190797,170.307205280407,38.3233079066562,0,0.579725074154242
1,40.59,0,4.05789703395536,170.300204144491,38.3212148174919,0,0.579699576279337
1,40.6,0,4.05771855692244,170.293203275393,38.319121861138,0,0.579674079560349
1,40.61,0,4.05754008798012,170.286202673105,38.3170290375848,0,0.57964858399716
1,40.62,0,4.05736162712758,170.279202337621,38.3149363468223,0,0.579623089589654
1,40.63,0,4.05718317436399,170.272202268931,38.3128437888408,0,0.579597596337713
1,40.64,0,4.05700472968854,170.265202467028,38.3107513636305,0,0.579572104241221
1,40.65,0,4.05682629310043,170.258202931905,38.3086590711815,0,0.579546613300061
1,40.66,0,4.05664786459883,170.251203663553,38.3065669114841,0,0.579521123514119
1,40.67,0,4.05646944418295,170.244204661964,38.3044748845285,0,0.579495634883278
1,40.68,0,4.05629103185197,170.237205927131,38.3023829903048,0,0.579470147407424
1,40.69,0,4.05611262760509,170.230207459046,38.3002912288032,0,0.579444661086442
1,40.7,0,4.05593423144152,170.223209257701,38.2981996000139,0,0.579419175920217
1,40.71,0,4.05575584336046,170.216211323088,38.2961081039272,0,0.579393691908637
1,40.72,0,4.0555774633611,170.209213655199,38.2940167405332,0,0.579368209051586
1,40.73,0,4.05539909144267,170.202216254026,38.291925509822,0,0.579342727348952
1,40.74,0,4.05522072760436,170.195219119562,38.289834411784,0,0.579317246800623
1,40.75,0,4.0550423718454,170.188222251799,38.2877434464093,0,0.579291767406485
1,40.76,0,4.05486402416499,170.181225650728,38.2856526136881,0,0.579266289166427
1,40.77,0,4.05468568456235,170.174229316343,38.2835619136105,0,0.579240812080336
1,40.78,0,4.05450735303671,170.167233248634,38.2814713461669,0,0.579215336148102
1,40.79,0,4.05432902958729,170.160237447595,38.2793809113474,0,0.579189861369613
1,40.8,0,4.05415071421332,170.153241913217,38.2772906091421,0,0.579164387744759
1,40.81,0,4.05397240691401,170.146246645493,38.2752004395414,0,0.57913891527343
1,40.82,0,4.0537941076886,170.139251644414,38.2731104025353,0,0.579113443955515
1,40.83,0,4.05361581653633,170.132256909973,38.2710204981141,0,0.579087973790905
1,40.84,0,4.05343753345643,170.125262442162,38.268930726268,0,0.57906250477949
1,40.85,0,4.05325925844814,170.118268240973,38.2668410869872,0,0.579037036921163
1,40.86,0,4.0530809915107,170.111274306398,38.2647515802619,0,0.579011570215814
1,40.87,0,4.05290273264335,170.104280638429,38.2626622060823,0,0.578986104663335
1,40.88,0,4.05272448184534,170.097287237059,38.2605729644387,0,0.57896064026362
1,40.89,0,4.05254623911591,170.090294102279,38.2584838553211,0,0.578935177016559
1,40.9,0,4.05236800445433,170.083301234082,38.2563948787198,0,0.578909714922046
1,40.91,0,4.05218977785983,170.07630863246,38.2543060346251,0,0.578884253979976
1,40.92,0,4.05201155933168,170.069316297405,38.2522173230271,0,0.57885879419024
1,40.93,0,4.05183334886914,170.062324228908,38.250128743916,0,0.578833335552734
1,40.94,0,4.05165514647146,170.055332426963,38.2480402972821,0,0.578807878067352
1,40.95,0,4.05147695213792,170.048340891562,38.2459519831155,0,0.578782421733988
1,40.96,0,4.05129876586777,170.041349622695,38.2438638014065,0,0.578756966552538
1,40.97,0,4.05112058766028,170.034358620357,38.2417757521452,0,0.578731512522898
1,40.98,0,4.05094241751474,170.027367884537,38.2396878353219,0,0.578706059644963
1,40.99,0,4.0507642554304,170.02037741523,38.2376000509268,0,0.578680607918629
1,41,0,4.05058610140655,170.013387212426,38.2355123989502,0,0.578655157343793
1,41.01,0,4.05040795544247,170.006397276119,38.2334248793821,0,0.578629707920353
1,41.02,0,4.05022981753744,169.9994076063,38.2313374922128,0,0.578604259648205
1,41.03,0,4.05005168769074,169.99241820296,38.2292502374326,0,0.578578812527248
1,41.04,0,4.04987356590165,169.985429066094,38.2271631150316,0,0.578553366557379
1,41.05,0,4.04969545216948,169.978440195691,38.2250761250001,0,0.578527921738497
1,41.06,0,4.0495173464935,169.971451591745,38.2229892673283,0,0.5785024780705
1,41.07,0,4.04933924887302,169.964463254248,38.2209025420064,0,0.578477035553288
1,41.08,0,4.04916115930732,169.957475183192,38.2188159490245,0,0.57845159418676
1,41.09,0,4.04898307779572,169.950487378568,38.216729488373,0,0.578426153970817
1,41.1,0,4.04880500433751,169.94349984037,38.2146431600421,0,0.578400714905358
1,41.11,0,4.04862693893199,169.936512568589,38.2125569640219,0,0.578375276990285
1,41.12,0,4.04844888157848,169.929525563217,38.2104709003026,0,0.578349840225498
1,41.13,0,4.04827083227628,169.922538824246,38.2083849688746,0,0.578324404610898
1,41.14,0,4.04809279102471,169.915552351668,38.206299169728,0,0.578298970146387
1,41.15,0,4.04791475782308,169.908566145476,38.204213502853,0,0.578273536831868
1,41.16,0,4.0477367326707,169.901580205662,38.2021279682399,0,0.578248104667243
1,41.17,0,4.0475587155669,169.894594532217,38.2000425658788,0,0.578222673652414
1,41.18,0,4.047380706511,169.887609125135,38.1979572957601,0,0.578197243787285
1,41.19,0,4.04720270550232,169.880623984406,38.1958721578739,0,0.57817181507176
1,41.2,0,4.04702471254019,169.873639110023,38.1937871522104,0,0.578146387505742
1,41.21,0,4.04684672762395,169.866654501978,38.1917022787598,0,0.578120961089136
1,41.22,0,4.04666875075292,169.859670160264,38.1896175375125,0,0.578095535821846
1,41.23,0,4.04649078192644,169.852686084871,38.1875329284586,0,0.578070111703777
1,41.24,0,4.04631282114384,169.845702275793,38.1854484515883,0,0.578044688734835
1,41.25,0,4.04613486840447,169.838718733022,38.1833641068919,0,0.578019266914925
1,41.26,0,4.04595692370768,169.831735456549,38.1812798943596,0,0.577993846243954
1,41.27,0,4.04577898705279,169.824752446367,38.1791958139816,0,0.577968426721827
1,41.28,0,4.04560105843917,169.817769702467,38.1771118657481,0,0.577943008348453
1,41.29,0,4.04542313786616,169.810787224843,38.1750280496494,0,0.577917591123737
1,41.3,0,4.04524522533312,169.803805013485,38.1729443656757,0,0.577892175047588
1,41.31,0,4.0450673208394,169.796823068386,38.1708608138173,0,0.577866760119914
1,41.32,0,4.04488942438436,169.789841389538,38.1687773940643,0,0.577841346340622
1,41.33,0,4.04471153596736,169.782859976934,38.166694106407,0,0.577815933709622
1,41.34,0,4.04453365558776,169.775878830564,38.1646109508356,0,0.577790522226823
1,41.35,0,4.04435578324493,169.768897950423,38.1625279273404,0,0.577765111892133
1,41.36,0,4.04417791893824,169.7619173365,38.1604450359116,0,0.577739702705462
1,41.37,0,4.04400006266705,169.754936988789,38.1583622765394,0,0.577714294666722
1,41.38,0,4.04382221443075,169.747956907281,38.156279649214,0,0.577688887775821
1,41.39,0,4.0436443742287,169.74097709197,38.1541971539257,0,0.577663482032672
1,41.4,0,4.04346654206029,169.733997542845,38.1521147906648,0,0.577638077437185
1,41.41,0,4.0432887179249,169.727018259901,38.1500325594214,0,0.577612673989272
1,41.42,0,4.04311090182191,169.720039243129,38.1479504601858,0,0.577587271688844
1,41.43,0,4.0429330937507,169.71306049252,38.1458684929482,0,0.577561870535814
1,41.44,0,4.04275529371067,169.706082008067,38.1437866576989,0,0.577536470530095
1,41.45,0,4.0425775017012,169.699103789763,38.1417049544281,0,0.5775110716716
1,41.46,0,4.04239971772169,169.692125837599,38.139623383126,0,0.577485673960242
1,41.47,0,4.04222194177154,169.685148151567,38.1375419437829,0,0.577460277395935
1,41.48,0,4.04204417385015,169.678170731659,38.135460636389,0,0.577434881978592
1,41.49,0,4.04186641395691,169.671193577867,38.1333794609346,0,0.57740948770813
1,41.5,0,4.04168866209123,169.664216690184,38.1312984174099,0,0.577384094584461
1,41.51,0,4.04151091825252,169.657240068602,38.1292175058051,0,0.577358702607502
1,41.52,0,4.04133318244018,169.650263713112,38.1271367261105,0,0.577333311777169
1,41.53,0,4.04115545465363,169.643287623706,38.1250560783163,0,0.577307922093376
1,41.54,0,4.04097773489124,169.636311800378,38.1229755624129,0,0.577282533555891
1,41.55,0,4.04080002315068,169.62933624312,38.1208951783906,0,0.577257146164383
1,41.56,0,4.04062231943127,169.622360951923,38.1188149262397,0,0.577231759918753
1,41.57,0,4.04044462373235,169.615385926781,38.1167348059505,0,0.577206374818907
1,41.58,0,4.04026693605325,169.608411167684,38.1146548175132,0,0.57718099086475
1,41.59,0,4.04008925639331,169.601436674626,38.1125749609181,0,0.577155608056188
1,41.6,0,4.03991158475188,169.594462447599,38.1104952361553,0,0.577130226393126
1,41.61,0,4.0397339211283,169.587488486593,38.1084156432153,0,0.577104845875472
1,41.62,0,4.03955626552192,169.580514791603,38.1063361820882,0,0.577079466503131
1,41.63,0,4.03937861793208,169.573541362618,38.1042568527642,0,0.577054088276011
1,41.64,0,4.03920097835813,169.566568199633,38.1021776552337,0,0.577028711194018
1,41.65,0,4.03902334679942,169.559595302638,38.1000985894869,0,0.577003335257059
1,41.66,0,4.0388457232553,169.552622671627,38.098019655514,0,0.576977960465043
1,41.67,0,4.03866810772513,169.54565030659,38.0959408533054,0,0.576952586817876
1,41.68,0,4.03849050020826,169.53867820752,38.0938621828512,0,0.576927214315466
1,41.69,0,4.03831290070406,169.531706374409,38.0917836441418,0,0.576901842957723
1,41.7,0,4.03813530921187,169.52473480725,38.0897052371673,0,0.576876472744553
1,41.71,0,4.03795772573107,169.517763506034,38.0876269619181,0,0.576851103675867
1,41.72,0,4.037780150261,169.510792470753,38.0855488183844,0,0.576825735751572
1,41.73,0,4.03760258280105,169.503821701399,38.0834708065565,0,0.576800368971578
1,41.74,0,4.03742502335057,169.496851197966,38.0813929264246,0,0.576775003335795
1,41.75,0,4.03724747190892,169.489880960443,38.079315177979,0,0.576749638844132
1,41.76,0,4.03706992847549,169.482910988825,38.07723756121,0,0.576724275496499
1,41.77,0,4.03689239304964,169.475941283102,38.0751600761079,0,0.576698913292805
1,41.78,0,4.03671486563074,169.468971843267,38.0730827226628,0,0.576673552232963
1,41.79,0,4.03653734621817,169.462002669312,38.0710055008651,0,0.576648192316881
1,41.8,0,4.0363598348113,169.45503376123,38.068928410705,0,0.576622833544472
1,41.81,0,4.03618233140952,169.448065119011,38.0668514521728,0,0.576597475915645
1,41.82,0,4.03600483601219,169.441096742648,38.0647746252588,0,0.576572119430313
1,41.83,0,4.03582734861871,169.434128632134,38.0626979299533,0,0.576546764088387
1,41.84,0,4.03564986922845,169.42716078746,38.0606213662464,0,0.576521409889779
1,41.85,0,4.03547239784081,169.420193208618,38.0585449341285,0,0.576496056834401
1,41.86,0,4.03529493445516,169.413225895601,38.0564686335899,0,0.576470704922166
1,41.87,0,4.0351174790709,169.4062588484,38.0543924646208,0,0.576445354152985
1,41.88,0,4.03494003168741,169.399292067008,38.0523164272114,0,0.576420004526772
1,41.89,0,4.03476259230408,169.392325551417,38.0502405213522,0,0.576394656043441
1,41.9,0,4.03458516092032,169.385359301618,38.0481647470332,0,0.576369308702903
1,41.91,0,4.03440773753551,169.378393317604,38.0460891042449,0,0.576343962505073
1,41.92,0,4.03423032214905,169.371427599368,38.0440135929775,0,0.576318617449865
1,41.93,0,4.03405291476034,169.3644621469,38.0419382132213,0,0.576293273537192
1,41.94,0,4.03387551536878,169.357496960193,38.0398629649664,0,0.576267930766969
1,41.95,0,4.03369812397378,169.350532039239,38.0377878482033,0,0.576242589139111
1,41.96,0,4.03352074057472,169.34356738403,38.0357128629222,0,0.576217248653532
1,41.97,0,4.03334336517103,169.336602994559,38.0336380091134,0,0.576191909310147
1,41.98,0,4.0331659977621,169.329638870817,38.0315632867671,0,0.576166571108872
1,41.99,0,4.03298863834735,169.322675012796,38.0294886958737,0,0.576141234049621
1,42,0,4.03281128692618,169.315711420489,38.0274142364233,0,0.576115898132312
1,42.01,0,4.03263394349802,169.308748093887,38.0253399084064,0,0.576090563356859
1,42.02,0,4.03245660806226,169.301785032983,38.0232657118131,0,0.57606522972318
1,42.03,0,4.03227928061833,169.294822237768,38.0211916466338,0,0.57603989723119
1,42.04,0,4.03210196116565,169.287859708235,38.0191177128587,0,0.576014565880807
1,42.05,0,4.03192464970362,169.280897444376,38.0170439104782,0,0.575989235671946
1,42.06,0,4.03174734623169,169.273935446182,38.0149702394824,0,0.575963906604526
1,42.07,0,4.03157005074925,169.266973713647,38.0128966998618,0,0.575938578678465
1,42.08,0,4.03139276325575,169.260012246761,38.0108232916065,0,0.575913251893679
1,42.09,0,4.03121548375061,169.253051045517,38.0087500147069,0,0.575887926250086
1,42.1,0,4.03103821223324,169.246090109908,38.0066768691532,0,0.575862601747606
1,42.11,0,4.03086094870309,169.239129439924,38.0046038549358,0,0.575837278386156
1,42.12,0,4.03068369315958,169.232169035559,38.0025309720449,0,0.575811956165655
1,42.13,0,4.03050644560215,169.225208896804,38.0004582204708,0,0.575786635086022
1,42.14,0,4.03032920603023,169.218249023651,37.9983856002038,0,0.575761315147176
1,42.15,0,4.03015197444326,169.211289416092,37.9963131112343,0,0.575735996349036
1,42.16,0,4.02997475084066,169.20433007412,37.9942407535524,0,0.575710678691523
1,42.17,0,4.02979753522189,169.197370997726,37.9921685271484,0,0.575685362174556
1,42.18,0,4.02962032758639,169.190412186902,37.9900964320128,0,0.575660046798056
1,42.19,0,4.02944312793359,169.183453641641,37.9880244681357,0,0.575634732561942
1,42.2,0,4.02926593626295,169.176495361935,37.9859526355075,0,0.575609419466135
1,42.21,0,4.0290887525739,169.169537347775,37.9838809341184,0,0.575584107510557
1,42.22,0,4.0289115768659,169.162579599154,37.9818093639587,0,0.575558796695128
1,42.23,0,4.02873440913839,169.155622116064,37.9797379250188,0,0.57553348701977
1,42.24,0,4.02855724939083,169.148664898496,37.977666617289,0,0.575508178484404
1,42.25,0,4.02838009762267,169.141707946444,37.9755954407595,0,0.575482871088953
1,42.26,0,4.02820295383337,169.134751259898,37.9735243954206,0,0.575457564833338
1,42.27,0,4.02802581802237,169.127794838851,37.9714534812626,0,0.575432259717482
1,42.28,0,4.02784869018915,169.120838683295,37.9693826982758,0,0.575406955741307
1,42.29,0,4.02767157033315,169.113882793222,37.9673120464506,0,0.575381652904736
1,42.3,0,4.02749445845385,169.106927168624,37.9652415257772,0,0.575356351207693
1,42.31,0,4.0273173545507,169.099971809493,37.963171136246,0,0.5753310506501
1,42.32,0,4.02714025862317,169.093016715821,37.9611008778471,0,0.575305751231881
1,42.33,0,4.02696317067072,169.0860618876,37.959030750571,0,0.575280452952961
1,42.34,0,4.02678609069283,169.079107324823,37.9569607544079,0,0.575255155813262
1,42.35,0,4.02660901868897,169.072153027481,37.9548908893482,0,0.57522985981271
1,42.36,0,4.0264319546586,169.065198995566,37.9528211553821,0,0.575204564951229
1,42.37,0,4.0262548986012,169.05824522907,37.9507515525,0,0.575179271228743
1,42.38,0,4.02607785051625,169.051291727986,37.9486820806921,0,0.575153978645179
1,42.39,0,4.02590081040322,169.044338492305,37.9466127399487,0,0.57512868720046
1,42.4,0,4.02572377826159,169.03738552202,37.9445435302602,0,0.575103396894513
1,42.41,0,4.02554675409085,169.030432817122,37.9424744516169,0,0.575078107727264
1,42.42,0,4.02536973789047,169.023480377604,37.9404055040091,0,0.575052819698638
1,42.43,0,4.02519272965993,169.016528203457,37.9383366874271,0,0.575027532808562
1,42.44,0,4.02501572939873,169.009576294674,37.9362680018611,0,0.575002247056961
1,42.45,0,4.02483873710635,169.002624651246,37.9341994473016,0,0.574976962443764
1,42.46,0,4.02466175278228,168.995673273166,37.9321310237388,0,0.574951678968897
1,42.47,0,4.02448477642601,168.988722160426,37.930062731163,0,0.574926396632287
1,42.48,0,4.02430780803703,168.981771313017,37.9279945695645,0,0.574901115433861
1,42.49,0,4.02413084761484,168.974820730932,37.9259265389337,0,0.574875835373549
1,42.5,0,4.02395389515893,168.967870414163,37.9238586392609,0,0.574850556451276
1,42.51,0,4.0237769506688,168.960920362702,37.9217908705363,0,0.574825278666972
1,42.52,0,4.02360001414395,168.95397057654,37.9197232327504,0,0.574800002020564
1,42.53,0,4.02342308558279,168.947021055671,37.9176557258934,0,0.574774726511827
1,42.54,0,4.02324616498408,168.940071800087,37.9155883499558,0,0.574749452140583
1,42.55,0,4.02306925234727,168.933122809779,37.913521104928,0,0.574724178906753
1,42.56,0,4.02289234767181,168.92617408474,37.9114539908001,0,0.574698906810259
1,42.57,0,4.02271545095715,168.919225624962,37.9093870075626,0,0.574673635851022
1,42.58,0,4.02253856220275,168.912277430436,37.9073201552057,0,0.574648366028965
1,42.59,0,4.02236168140806,168.905329501156,37.9052534337199,0,0.574623097344008
1,42.6,0,4.02218480857253,168.898381837112,37.9031868430953,0,0.574597829796076
1,42.61,0,4.02200794369563,168.891434438297,37.9011203833224,0,0.57457256338509
1,42.62,0,4.0218310867768,168.884487304704,37.8990540543915,0,0.574547298110971
1,42.63,0,4.02165423781551,168.877540436323,37.8969878562928,0,0.574522033973645
1,42.64,0,4.02147739681122,168.870593833148,37.8949217890168,0,0.574496770973032
1,42.65,0,4.02130056376339,168.863647495169,37.8928558525537,0,0.574471509109056
1,42.66,0,4.02112373867149,168.85670142238,37.8907900468939,0,0.574446248381641
1,42.67,0,4.02094692153496,168.849755614772,37.8887243720277,0,0.574420988790709
1,42.68,0,4.02077011235329,168.842810072338,37.8866588279455,0,0.574395730336185
1,42.69,0,4.02059331112594,168.835864795068,37.8845934146375,0,0.574370473017991
1,42.7,0,4.02041651785237,168.828919782957,37.8825281320941,0,0.574345216836053
1,42.71,0,4.02023973253205,168.821975035994,37.8804629803056,0,0.574319961790293
1,42.72,0,4.02006295516445,168.815030554173,37.8783979592624,0,0.574294707880636
1,42.73,0,4.01988618574905,168.808086337485,37.8763330689548,0,0.574269455107006
1,42.74,0,4.0197094242853,168.801142385924,37.8742683093732,0,0.574244203469329
1,42.75,0,4.0195326707727,168.794198699479,37.8722036805078,0,0.574218952967528
1,42.76,0,4.0193559252107,168.787255278144,37.870139182349,0,0.574193703601529
1,42.77,0,4.01917918759879,168.780312121911,37.8680748148872,0,0.574168455371256
1,42.78,0,4.01900245793645,168.773369230772,37.8660105781126,0,0.574143208276635
1,42.79,0,4.01882573622314,168.766426604718,37.8639464720156,0,0.574117962317591
1,42.8,0,4.01864902245835,168.759484243742,37.8618824965867,0,0.57409271749405
1,42.81,0,4.01847231664156,168.752542147836,37.859818651816,0,0.574067473805938
1,42.82,0,4.01829561877225,168.745600316992,37.8577549376939,0,0.574042231253179
1,42.83,0,4.01811892884991,168.738658751201,37.8556913542108,0,0.574016989835701
1,42.84,0,4.017942246874,168.731717450457,37.853627901357,0,0.573991749553429
1,42.85,0,4.01776557284403,168.724776414751,37.8515645791229,0,0.57396651040629
1,42.86,0,4.01758890675948,168.717835644074,37.8495013874988,0,0.573941272394211
1,42.87,0,4.01741224861982,168.71089513842,37.847438326475,0,0.573916035517117
1,42.88,0,4.01723559842456,168.703954897779,37.845375396042,0,0.573890799774937
1,42.89,0,4.01705895617317,168.697014922145,37.8433125961899,0,0.573865565167596
1,42.9,0,4.01688232186516,168.690075211509,37.8412499269093,0,0.573840331695023
1,42.91,0,4.01670569550001,168.683135765863,37.8391873881904,0,0.573815099357144
1,42.92,0,4.01652907707721,168.676196585199,37.8371249800235,0,0.573789868153887
1,42.93,0,4.01635246659626,168.669257669509,37.8350627023991,0,0.57376463808518
1,42.94,0,4.01617586405666,168.662319018786,37.8330005553074,0,0.573739409150951
1,42.95,0,4.01599926945789,168.655380633021,37.8309385387389,0,0.573714181351127
1,42.96,0,4.01582268279946,168.648442512206,37.8288766526838,0,0.573688954685637
1,42.97,0,4.01564610408087,168.641504656334,37.8268148971326,0,0.57366372915441
1,42.98,0,4.01546953330161,168.634567065396,37.8247532720755,0,0.573638504757373
1,42.99,0,4.01529297046119,168.627629739384,37.822691777503,0,0.573613281494455
1,43,0,4.0151164155591,168.620692678291,37.8206304134053,0,0.573588059365586
1,43.01,0,4.01493986859486,168.613755882108,37.8185691797729,0,0.573562838370695
1,43.02,0,4.01476332956797,168.606819350828,37.816508076596,0,0.573537618509709
1,43.03,0,4.01458679847792,168.599883084443,37.8144471038651,0,0.57351239978256
1,43.04,0,4.01441027532423,168.592947082944,37.8123862615705,0,0.573487182189176
1,43.05,0,4.01423376010641,168.586011346323,37.8103255497025,0,0.573461965729487
1,43.06,0,4.01405725282397,168.579075874573,37.8082649682516,0,0.573436750403424
1,43.07,0,4.0138807534764,168.572140667686,37.806204517208,0,0.573411536210915
1,43.08,0,4.01370426206324,168.565205725653,37.8041441965621,0,0.573386323151891
1,43.09,0,4.01352777858398,168.558271048467,37.8020840063043,0,0.573361111226283
1,43.1,0,4.01335130303815,168.55133663612,37.800023946425,0,0.573335900434021
1,43.11,0,4.01317483542525,168.544402488604,37.7979640169145,0,0.573310690775036
1,43.12,0,4.01299837574481,168.53746860591,37.7959042177631,0,0.573285482249259
1,43.13,0,4.01282192399634,168.530534988031,37.7938445489613,0,0.57326027485662
1,43.14,0,4.01264548017936,168.523601634959,37.7917850104994,0,0.573235068597051
1,43.15,0,4.01246904429338,168.516668546685,37.7897256023677,0,0.573209863470483
1,43.16,0,4.01229261633794,168.509735723203,37.7876663245566,0,0.573184659476848
1,43.17,0,4.01211619631254,168.502803164503,37.7856071770566,0,0.573159456616078
1,43.18,0,4.01193978421672,168.495870870578,37.7835481598578,0,0.573134254888103
1,43.19,0,4.01176338005,168.488938841421,37.7814892729508,0,0.573109054292857
1,43.2,0,4.0115869838119,168.482007077022,37.7794305163259,0,0.573083854830272
1,43.21,0,4.01141059550195,168.475075577374,37.7773718899734,0,0.573058656500279
1,43.22,0,4.01123421511968,168.468144342469,37.7753133938837,0,0.573033459302812
1,43.23,0,4.01105784266462,168.461213372299,37.7732550280473,0,0.573008263237803
1,43.24,0,4.01088147813629,168.454282666856,37.7711967924544,0,0.572983068305184
1,43.25,0,4.01070512153423,168.447352226132,37.7691386870954,0,0.57295787450489
1,43.26,0,4.01052877285797,168.440422050119,37.7670807119607,0,0.572932681836853
1,43.27,0,4.01035243210704,168.433492138809,37.7650228670407,0,0.572907490301006
1,43.28,0,4.01017609928098,168.426562492194,37.7629651523257,0,0.572882299897283
1,43.29,0,4.00999977437933,168.419633110266,37.7609075678061,0,0.572857110625618
1,43.3,0,4.00982345740161,168.412703993017,37.7588501134724,0,0.572831922485945
1,43.31,0,4.00964714834738,168.40577514044,37.7567927893148,0,0.572806735478196
1,43.32,0,4.00947084721616,168.398846552525,37.7547355953237,0,0.572781549602308
1,43.33,0,4.0092945540075,168.391918229266,37.7526785314896,0,0.572756364858214
1,43.34,0,4.00911826872094,168.384990170654,37.7506215978027,0,0.572731181245849
1,43.35,0,4.00894199135602,168.378062376681,37.7485647942535,0,0.572705998765146
1,43.36,0,4.0087657219123,168.371134847339,37.7465081208324,0,0.572680817416042
1,43.37,0,4.0085894603893,168.364207582621,37.7444515775297,0,0.572655637198472
1,43.38,0,4.00841320678658,168.357280582517,37.7423951643358,0,0.572630458112369
1,43.39,0,4.00823696110369,168.350353847021,37.7403388812411,0,0.57260528015767
1,43.4,0,4.00806072334017,168.343427376124,37.738282728236,0,0.57258010333431
1,43.41,0,4.00788449349558,168.336501169819,37.7362267053108,0,0.572554927642226
1,43.42,0,4.00770827156946,168.329575228096,37.7341708124559,0,0.572529753081352
1,43.43,0,4.00753205756137,168.322649550949,37.7321150496618,0,0.572504579651625
1,43.44,0,4.00735585147086,168.315724138369,37.7300594169187,0,0.57247940735298
1,43.45,0,4.00717965329749,168.308798990349,37.7280039142172,0,0.572454236185356
1,43.46,0,4.0070034630408,168.301874106879,37.7259485415475,0,0.572429066148686
1,43.47,0,4.00682728070037,168.294949487953,37.7238932989001,0,0.57240389724291
1,43.48,0,4.00665110627574,168.288025133563,37.7218381862653,0,0.572378729467963
1,43.49,0,4.00647493976647,168.281101043699,37.7197832036336,0,0.572353562823782
1,43.5,0,4.00629878117213,168.274177218355,37.7177283509952,0,0.572328397310304
1,43.51,0,4.00612262785173,168.267253658509,37.7156736254285,0,0.572303232550248
1,43.52,0,4.00594648519025,168.260330362141,37.7136190328648,0,0.572278069312894
1,43.53,0,4.00577035043753,168.253407330269,37.7115645702624,0,0.572252907205361
1,43.54,0,4.00559422359313,168.246484562887,37.7095102376116,0,0.572227746227591
1,43.55,0,4.00541810465666,168.239562059987,37.7074560349029,0,0.572202586379522
1,43.56,0,4.00524199362767,168.232639821559,37.7054019621268,0,0.572177427661096
1,43.57,0,4.00506589050576,168.225717847597,37.7033480192737,0,0.572152270072252
1,43.58,0,4.00488979529052,168.218796138092,37.7012942063342,0,0.572127113612931
1,43.59,0,4.0047137079815,168.211874693036,37.6992405232987,0,0.572101958283072
1,43.6,0,4.00453762857831,168.204953512421,37.6971869701576,0,0.572076804082616
1,43.61,0,4.00436155708053,168.198032596239,37.6951335469015,0,0.572051651011504
1,43.62,0,4.00418549348772,168.191111944483,37.6930802535207,0,0.572026499069674
1,43.63,0,4.00400943779948,168.184191557144,37.6910270900058,0,0.572001348257068
1,43.64,0,4.00383339001538,168.177271434214,37.6889740563473,0,0.571976198573626
1,43.65,0,4.00365735013501,168.170351575685,37.6869211525355,0,0.571951050019287
1,43.66,0,4.00348131815795,168.16343198155,37.684868378561,0,0.571925902593992
1,43.67,0,4.00330529408377,168.1565126518,37.6828157344141,0,0.571900756297682
1,43.68,0,4.00312927791207,168.149593586427,37.6807632200855,0,0.571875611130295
1,43.69,0,4.00295326964241,168.142674785423,37.6787108355656,0,0.571850467091773
1,43.7,0,4.00277726927439,168.13575624878,37.6766585808448,0,0.571825324182055
1,43.71,0,4.00260127680758,168.128837976491,37.6746064559136,0,0.571800182401083
1,43.72,0,4.00242529224156,168.121919968546,37.6725544607624,0,0.571775041748795
1,43.73,0,4.00224931557592,168.115002224939,37.6705025953818,0,0.571749902225132
1,43.74,0,4.00207334681024,168.108084745662,37.6684508597621,0,0.571724763830034
1,43.75,0,4.0018973859441,168.101167530705,37.666399253894,0,0.571699626563442
1,43.76,0,4.00172143297707,168.094250580062,37.6643477777677,0,0.571674490425296
1,43.77,0,4.00154548790874,168.087333893723,37.6622964313739,0,0.571649355415535
1,43.78,0,4.0013695507387,168.080417471682,37.6602452147029,0,0.5716242215341
1,43.79,0,4.00119362146652,168.073501313931,37.6581941277453,0,0.571599088780931
1,43.8,0,4.00101770009178,168.06658542046,37.6561431704914,0,0.571573957155969
1,43.81,0,4.00084178661407,168.059669791263,37.6540923429318,0,0.571548826659153
1,43.82,0,4.00066588103296,168.052754426331,37.652041645057,0,0.571523697290424
1,43.83,0,4.00048998334805,168.045839325656,37.6499910768573,0,0.571498569049721
1,43.84,0,4.0003140935589,168.03892448923,37.6479406383233,0,0.571473441936985
1,43.85,0,4.0001382116651,168.032009917046,37.6458903294455,0,0.571448315952157
1,43.86,0,3.99996233766623,168.025095609094,37.6438401502142,0,0.571423191095175
1,43.87,0,3.99978647156187,168.018181565368,37.6417901006201,0,0.571398067365981
1,43.88,0,3.99961061335161,168.01126778586,37.6397401806534,0,0.571372944764515
1,43.89,0,3.99943476303502,168.00435427056,37.6376903903048,0,0.571347823290717
1,43.9,0,3.99925892061168,167.997441019462,37.6356407295646,0,0.571322702944526
1,43.91,0,3.99908308608119,167.990528032556,37.6335911984234,0,0.571297583725884
1,43.92,0,3.99890725944311,167.983615309836,37.6315417968715,0,0.57127246563473
1,43.93,0,3.99873144069703,167.976702851294,37.6294925248996,0,0.571247348671004
1,43.94,0,3.99855562984253,167.96979065692,37.627443382498,0,0.571222232834647
1,43.95,0,3.9983798268792,167.962878726708,37.6253943696572,0,0.571197118125599
1,43.96,0,3.9982040318066,167.955967060649,37.6233454863676,0,0.5711720045438
1,43.97,0,3.99802824462433,167.949055658735,37.6212967326198,0,0.57114689208919
1,43.98,0,3.99785246533197,167.942144520958,37.6192481084042,0,0.571121780761709
1,43.99,0,3.99767669392909,167.935233647311,37.6171996137113,0,0.571096670561298
1,44,0,3.99750093041528,167.928323037785,37.6151512485315,0,0.571071561487897
1,44.01,0,3.99732517479011,167.921412692372,37.6131030128553,0,0.571046453541445
1,44.02,0,3.99714942705318,167.914502611064,37.6110549066732,0,0.571021346721883
1,44.03,0,3.99697368720406,167.907592793853,37.6090069299757,0,0.570996241029151
1,44.04,0,3.99679795524233,167.900683240732,37.6069590827531,0,0.57097113646319
1,44.05,0,3.99662223116757,167.893773951692,37.6049113649961,0,0.570946033023939
1,44.06,0,3.99644651497937,167.886864926725,37.6028637766949,0,0.570920930711339
1,44.07,0,3.99627080667731,167.879956165823,37.6008163178402,0,0.57089582952533
1,44.08,0,3.99609510626096,167.873047668979,37.5987689884224,0,0.570870729465851
1,44.09,0,3.99591941372991,167.866139436183,37.5967217884319,0,0.570845630532844
1,44.1,0,3.99574372908374,167.859231467429,37.5946747178592,0,0.570820532726249
1,44.11,0,3.99556805232203,167.852323762708,37.5926277766948,0,0.570795436046004
1,44.12,0,3.99539238344436,167.845416322013,37.5905809649292,0,0.570770340492052
1,44.13,0,3.99521672245032,167.838509145334,37.5885342825527,0,0.570745246064331
1,44.14,0,3.99504106933947,167.831602232665,37.586487729556,0,0.570720152762782
1,44.15,0,3.99486542411142,167.824695583997,37.5844413059293,0,0.570695060587345
1,44.16,0,3.99468978676573,167.817789199323,37.5823950116633,0,0.570669969537961
1,44.17,0,3.99451415730199,167.810883078633,37.5803488467484,0,0.57064487961457
1,44.18,0,3.99433853571977,167.803977221921,37.5783028111751,0,0.57061979081711
1,44.19,0,3.99416292201867,167.797071629178,37.5762569049337,0,0.570594703145524
1,44.2,0,3.99398731619826,167.790166300396,37.5742111280148,0,0.570569616599751
1,44.21,0,3.99381171825812,167.783261235567,37.5721654804089,0,0.570544531179731
1,44.22,0,3.99363612819783,167.776356434684,37.5701199621064,0,0.570519446885405
1,44.23,0,3.99346054601698,167.769451897738,37.5680745730978,0,0.570494363716712
1,44.24,0,3.99328497171515,167.762547624721,37.5660293133735,0,0.570469281673593
1,44.25,0,3.99310940529191,167.755643615625,37.5639841829241,0,0.570444200755987
1,44.26,0,3.99293384674685,167.748739870443,37.56193918174,0,0.570419120963836
1,44.27,0,3.99275829607955,167.741836389166,37.5598943098115,0,0.570394042297079
1,44.28,0,3.99258275328959,167.734933171786,37.5578495671294,0,0.570368964755656
1,44.29,0,3.99240721837655,167.728030218295,37.5558049536839,0,0.570343888339508
1,44.3,0,3.99223169134002,167.721127528685,37.5537604694655,0,0.570318813048574
1,44.31,0,3.99205617217957,167.714225102949,37.5517161144648,0,0.570293738882795
1,44.32,0,3.99188066089478,167.707322941078,37.5496718886722,0,0.570268665842112
1,44.33,0,3.99170515748524,167.700421043064,37.5476277920781,0,0.570243593926464
1,44.34,0,3.99152966195053,167.693519408899,37.545583824673,0,0.570218523135791
1,44.35,0,3.99135417429023,167.686618038576,37.5435399864475,0,0.570193453470033
1,44.36,0,3.99117869450392,167.679716932085,37.5414962773919,0,0.570168384929132
1,44.37,0,3.99100322259118,167.67281608942,37.5394526974967,0,0.570143317513026
1,44.38,0,3.99082775855159,167.665915510573,37.5374092467524,0,0.570118251221656
1,44.39,0,3.99065230238474,167.659015195534,37.5353659251495,0,0.570093186054963
1,44.4,0,3.9904768540902,167.652115144297,37.5333227326784,0,0.570068122012886
1,44.41,0,3.99030141366756,167.645215356853,37.5312796693295,0,0.570043059095365
1,44.42,0,3.99012598111639,167.638315833194,37.5292367350935,0,0.570017997302341
1,44.43,0,3.98995055643628,167.631416573312,37.5271939299607,0,0.569992936633755
1,44.44,0,3.98977513962682,167.6245175772,37.5251512539215,0,0.569967877089545
1,44.45,0,3.98959973068757,167.617618844849,37.5231087069666,0,0.569942818669653
1,44.46,0,3.98942432961812,167.610720376251,37.5210662890862,0,0.569917761374018
1,44.47,0,3.98924893641806,167.603822171398,37.519024000271,0,0.56989270520258
1,44.48,0,3.98907355108696,167.596924230282,37.5169818405113,0,0.569867650155281
1,44.49,0,3.98889817362441,167.590026552896,37.5149398097976,0,0.569842596232059
1,44.5,0,3.98872280402989,167.583129139231,37.5128979081206,0,0.569817543432841
1,44.51,0,3.98854744230254,167.57623198928,37.5108561354715,0,0.569792491757506
1,44.52,0,3.98837208844189,167.569335103034,37.5088144918409,0,0.569767441205984
1,44.53,0,3.98819674244751,167.562438480485,37.5067729772191,0,0.569742391778216
1,44.54,0,3.98802140431897,167.555542121626,37.5047315915968,0,0.569717343474138
1,44.55,0,3.98784607405584,167.548646026449,37.5026903349644,0,0.569692296293691
1,44.56,0,3.98767075165769,167.541750194945,37.5006492073124,0,0.569667250236813
1,44.57,0,3.9874954371241,167.534854627107,37.4986082086312,0,0.569642205303443
1,44.58,0,3.98732013045464,167.527959322926,37.4965673389114,0,0.56961716149352
1,44.59,0,3.98714483164887,167.521064282395,37.4945265981435,0,0.569592118806982
1,44.6,0,3.98696954070638,167.514169505505,37.4924859863178,0,0.569567077243768
1,44.61,0,3.98679425762672,167.507274992249,37.490445503425,0,0.569542036803818
1,44.62,0,3.98661898240948,167.500380742618,37.4884051494554,0,0.569516997487069
1,44.63,0,3.98644371505423,167.493486756605,37.4863649243996,0,0.569491959293461
1,44.64,0,3.98626845556053,167.486593034202,37.4843248282481,0,0.569466922222933
1,44.65,0,3.98609320392796,167.4796995754,37.4822848609913,0,0.569441886275423
1,44.66,0,3.98591796015609,167.472806380191,37.4802450226197,0,0.56941685145087
1,44.67,0,3.98574272424449,167.465913448569,37.4782053131238,0,0.569391817749213
1,44.68,0,3.98556749619274,167.459020780524,37.4761657324941,0,0.569366785170391
1,44.69,0,3.9853922760004,167.452128376048,37.4741262807211,0,0.569341753714342
1,44.7,0,3.98521706366704,167.445236235134,37.4720869577952,0,0.569316723381006
1,44.71,0,3.98504185919225,167.438344357774,37.470047763707,0,0.569291694170321
1,44.72,0,3.98486666257558,167.431452743959,37.4680086984469,0,0.569266666082226
1,44.73,0,3.98469147381661,167.424561393682,37.4659697620054,0,0.569241639116659
1,44.74,0,3.98451629291492,167.417670306935,37.463930954373,0,0.56921661327356
1,44.75,0,3.98434111987007,167.410779483709,37.4618922755401,0,0.569191588552868
1,44.76,0,3.98416595468164,167.403888923997,37.4598537254974,0,0.56916656495452
1,44.77,0,3.9839907973492,167.39699862779,37.4578153042351,0,0.569141542478457
1,44.78,0,3.98381564787231,167.390108595081,37.4557770117439,0,0.569116521124616
1,44.79,0,3.98364050625056,167.383218825862,37.4537388480142,0,0.569091500892937
1,44.8,0,3.98346537248351,167.376329320124,37.4517008130365,0,0.569066481783359
1,44.81,0,3.98329024657073,167.36944007786,37.4496629068012,0,0.569041463795819
1,44.82,0,3.9831151285118,167.362551099062,37.4476251292989,0,0.569016446930258
1,44.83,0,3.98294001830629,167.355662383721,37.4455874805201,0,0.568991431186613
1,44.84,0,3.98276491595377,167.34877393183,37.4435499604551,0,0.568966416564824
1,44.85,0,3.9825898214538,167.341885743381,37.4415125690946,0,0.568941403064829
1,44.86,0,3.98241473480597,167.334997818365,37.439475306429,0,0.568916390686568
1,44.87,0,3.98223965600985,167.328110156775,37.4374381724487,0,0.568891379429978
1,44.88,0,3.982064585065,167.321222758603,37.4354011671443,0,0.568866369295
1,44.89,0,3.98188952197099,167.31433562384,37.4333642905063,0,0.56884136028157
1,44.9,0,3.98171446672741,167.307448752479,37.4313275425251,0,0.56881635238963
1,44.91,0,3.98153941933381,167.300562144512,37.4292909231911,0,0.568791345619116
1,44.92,0,3.98136437978978,167.293675799931,37.427254432495,0,0.568766339969969
1,44.93,0,3.98118934809488,167.286789718727,37.4252180704272,0,0.568741335442126
1,44.94,0,3.98101432424869,167.279903900893,37.4231818369781,0,0.568716332035527
1,44.95,0,3.98083930825078,167.27301834642,37.4211457321382,0,0.568691329750111
1,44.96,0,3.98066430010071,167.266133055302,37.4191097558981,0,0.568666328585816
1,44.97,0,3.98048929979806,167.259248027529,37.4170739082482,0,0.56864132854258
1,44.98,0,3.98031430734241,167.252363263094,37.415038189179,0,0.568616329620344
1,44.99,0,3.98013932273332,167.245478761988,37.413002598681,0,0.568591331819045
1,45,0,3.97996434597036,167.238594524205,37.4109671367446,0,0.568566335138623
1,45.01,0,3.97978937705311,167.231710549735,37.4089318033604,0,0.568541339579016
1,45.02,0,3.97961441598114,167.224826838571,37.4068965985188,0,0.568516345140163
1,45.03,0,3.97943946275402,167.217943390704,37.4048615222103,0,0.568491351822003
1,45.04,0,3.97926451737132,167.211060206128,37.4028265744254,0,0.568466359624475
1,45.05,0,3.97908957983262,167.204177284833,37.4007917551546,0,0.568441368547517
1,45.06,0,3.97891465013748,167.197294626812,37.3987570643883,0,0.568416378591068
1,45.07,0,3.97873972828547,167.190412232056,37.3967225021171,0,0.568391389755068
1,45.08,0,3.97856481427618,167.183530100559,37.3946880683315,0,0.568366402039454
1,45.09,0,3.97838990810916,167.176648232311,37.3926537630218,0,0.568341415444166
1,45.1,0,3.978215009784,167.169766627305,37.3906195861787,0,0.568316429969143
1,45.11,0,3.97804011930026,167.162885285533,37.3885855377925,0,0.568291445614322
1,45.12,0,3.97786523665751,167.156004206986,37.3865516178538,0,0.568266462379644
1,45.13,0,3.97769036185533,167.149123391658,37.384517826353,0,0.568241480265047
1,45.14,0,3.97751549489329,167.142242839539,37.3824841632807,0,0.56821649927047
1,45.15,0,3.97734063577096,167.135362550622,37.3804506286272,0,0.568191519395851
1,45.16,0,3.9771657844879,167.128482524899,37.3784172223832,0,0.568166540641129
1,45.17,0,3.9769909410437,167.121602762362,37.3763839445391,0,0.568141563006244
1,45.18,0,3.97681610543793,167.114723263002,37.3743507950853,0,0.568116586491133
1,45.19,0,3.97664127767015,167.107844026813,37.3723177740124,0,0.568091611095736
1,45.2,0,3.97646645773994,167.100965053785,37.3702848813108,0,0.568066636819992
1,45.21,0,3.97629164564687,167.094086343911,37.368252116971,0,0.568041663663839
1,45.22,0,3.97611684139051,167.087207897183,37.3662194809835,0,0.568016691627216
1,45.23,0,3.97594204497043,167.080329713593,37.3641869733388,0,0.567991720710062
1,45.24,0,3.97576725638621,167.073451793132,37.3621545940274,0,0.567966750912316
1,45.25,0,3.97559247563741,167.066574135794,37.3601223430398,0,0.567941782233916
1,45.26,0,3.97541770272361,167.059696741569,37.3580902203663,0,0.567916814674802
1,45.27,0,3.97524293764438,167.052819610451,37.3560582259976,0,0.567891848234912
1,45.28,0,3.97506818039929,167.04594274243,37.3540263599241,0,0.567866882914185
1,45.29,0,3.97489343098792,167.039066137499,37.3519946221362,0,0.56784191871256
1,45.3,0,3.97471868940982,167.03218979565,37.3499630126246,0,0.567816955629975
1,45.31,0,3.97454395566459,167.025313716875,37.3479315313796,0,0.567791993666369
1,45.32,0,3.97436922975177,167.018437901165,37.3459001783917,0,0.567767032821682
1,45.33,0,3.97419451167096,167.011562348514,37.3438689536514,0,0.567742073095852
1,45.34,0,3.97401980142172,167.004687058912,37.3418378571493,0,0.567717114488817
1,45.35,0,3.97384509900362,166.997812032353,37.3398068888757,0,0.567692157000517
1,45.36,0,3.97367040441624,166.990937268827,37.3377760488212,0,0.567667200630891
1,45.37,0,3.97349571765914,166.984062768327,37.3357453369763,0,0.567642245379877
1,45.38,0,3.97332103873189,166.977188530846,37.3337147533314,0,0.567617291247413
1,45.39,0,3.97314636763408,166.970314556374,37.331684297877,0,0.56759233823344
1,45.4,0,3.97297170436527,166.963440844904,37.3296539706036,0,0.567567386337895
1,45.41,0,3.97279704892502,166.956567396428,37.3276237715017,0,0.567542435560718
1,45.42,0,3.97262240131292,166.949694210938,37.3255937005618,0,0.567517485901846
1,45.43,0,3.97244776152854,166.942821288426,37.3235637577743,0,0.56749253736122
1,45.44,0,3.97227312957144,166.935948628883,37.3215339431298,0,0.567467589938778
1,45.45,0,3.9720985054412,166.929076232303,37.3195042566187,0,0.567442643634458
1,45.46,0,3.9719238891374,166.922204098677,37.3174746982315,0,0.5674176984482
1,45.47,0,3.97174928065959,166.915332227997,37.3154452679587,0,0.567392754379941
1,45.48,0,3.97157468000736,166.908460620255,37.3134159657907,0,0.567367811429622
1,45.49,0,3.97140008718027,166.901589275442,37.3113867917181,0,0.567342869597181
1,45.5,0,3.9712255021779,166.894718193552,37.3093577457314,0,0.567317928882556
1,45.51,0,3.97105092499981,166.887847374576,37.307328827821,0,0.567292989285687
1,45.52,0,3.97087635564559,166.880976818505,37.3053000379774,0,0.567268050806513
1,45.53,0,3.9707017941148,166.874106525333,37.3032713761911,0,0.567243113444971
1,45.54,0,3.970527240407,166.867236495051,37.3012428424525,0,0.567218177201001
1,45.55,0,3.97035269452179,166.860366727651,37.2992144367522,0,0.567193242074541
1,45.56,0,3.97017815645872,166.853497223124,37.2971861590807,0,0.567168308065532
1,45.57,0,3.97000362621737,166.846627981464,37.2951580094284,0,0.56714337517391
1,45.58,0,3.96982910379731,166.839759002662,37.2931299877858,0,0.567118443399616
1,45.59,0,3.96965458919811,166.83289028671,37.2911020941433,0,0.567093512742587
1,45.6,0,3.96948008241934,166.826021833599,37.2890743284916,0,0.567068583202763
1,45.61,0,3.96930558346058,166.819153643323,37.287046690821,0,0.567043654780083
1,45.62,0,3.96913109232139,166.812285715873,37.2850191811221,0,0.567018727474484
1,45.63,0,3.96895660900135,166.805418051241,37.2829917993852,0,0.566993801285907
1,45.64,0,3.96878213350003,166.798550649419,37.280964545601,0,0.56696887621429
1,45.65,0,3.968607665817,166.791683510399,37.2789374197599,0,0.566943952259572
1,45.66,0,3.96843320595184,166.784816634173,37.2769104218524,0,0.566919029421691
1,45.67,0,3.9682587539041,166.777950020734,37.2748835518689,0,0.566894107700586
1,45.68,0,3.96808430967338,166.771083670072,37.2728568098,0,0.566869187096197
1,45.69,0,3.96790987325923,166.76421758218,37.2708301956361,0,0.566844267608461
1,45.7,0,3.96773544466123,166.757351757051,37.2688037093677,0,0.566819349237318
1,45.71,0,3.96756102387941,166.750486194675,37.2667773509871,0,0.566794431982773
1,45.72,0,3.96738661091412,166.743620895045,37.2647511204877,0,0.566769515844874
1,45.73,0,3.96721220576495,166.736755858153,37.26272501786,0,0.566744600823564
1,45.74,0,3.96703780843149,166.729891083991,37.2606990430948,0,0.566719686918785
1,45.75,0,3.96686341891335,166.72302657255,37.2586731961824,0,0.566694774130479
1,45.76,0,3.96668903721011,166.716162323823,37.2566474771136,0,0.566669862458587
1,45.77,0,3.96651466332136,166.709298337802,37.2546218858787,0,0.566644951903051
1,45.78,0,3.96634029724669,166.702434614479,37.2525964224685,0,0.566620042463813
1,45.79,0,3.9661659389857,166.695571153845,37.2505710868735,0,0.566595134140814
1,45.8,0,3.96599158853798,166.688707955894,37.2485458790841,0,0.566570226933996
1,45.81,0,3.96581724590311,166.681845020616,37.2465207990911,0,0.566545320843302
1,45.82,0,3.9656429110807,166.674982348003,37.2444958468849,0,0.566520415868672
1,45.83,0,3.96546858407033,166.668119938049,37.2424710224562,0,0.566495512010048
1,45.84,0,3.9652942648716,166.661257790744,37.2404463257954,0,0.566470609267372
1,45.85,0,3.9651199534841,166.654395906081,37.2384217568931,0,0.566445707640586
1,45.86,0,3.96494564990742,166.647534284052,37.2363973157399,0,0.566420807129631
1,45.87,0,3.96477135414114,166.640672924648,37.2343730023264,0,0.566395907734449
1,45.88,0,3.96459706618487,166.633811827862,37.2323488166431,0,0.566371009454982
1,45.89,0,3.9644227860382,166.626950993686,37.2303247586806,0,0.566346112291171
1,45.9,0,3.96424851370071,166.620090422112,37.2283008284294,0,0.566321216242958
1,45.91,0,3.964074249172,166.613230113132,37.2262770258801,0,0.566296321310286
1,45.92,0,3.96389999245166,166.606370066737,37.2242533510233,0,0.566271427493094
1,45.93,0,3.96372574353929,166.59951028292,37.2222298038495,0,0.566246534791326
1,45.94,0,3.96355150243446,166.592650761673,37.2202063843493,0,0.566221643204924
1,45.95,0,3.96337726913679,166.585791502987,37.2181830925132,0,0.566196752733827
1,45.96,0,3.96320304364585,166.578932506855,37.2161599283319,0,0.566171863377979
1,45.97,0,3.96302882596125,166.572073773269,37.2141368917958,0,0.566146975137321
1,45.98,0,3.96285461608256,166.565215302221,37.2121139828955,0,0.566122088011795
1,45.99,0,3.96268041400939,166.558357093702,37.2100912016217,0,0.566097202001342
1,46,0,3.96250621974133,166.551499147706,37.2080685479647,0,0.566072317105904
1,46.01,0,3.96233203327796,166.544641464223,37.2060460219154,0,0.566047433325423
1,46.02,0,3.96215785461888,166.537784043245,37.204023623464,0,0.566022550659841
1,46.03,0,3.96198368376369,166.530926884766,37.2020013526013,0,0.565997669109098
1,46.04,0,3.96180952071197,166.524069988776,37.1999792093179,0,0.565972788673138
1,46.05,0,3.96163536546331,166.517213355268,37.1979571936041,0,0.565947909351902
1,46.06,0,3.96146121801731,166.510356984233,37.1959353054507,0,0.56592303114533
1,46.07,0,3.96128707837356,166.503500875665,37.1939135448482,0,0.565898154053366
1,46.08,0,3.96111294653165,166.496645029554,37.1918919117871,0,0.56587327807595
1,46.09,0,3.96093882249118,166.489789445893,37.189870406258,0,0.565848403213025
1,46.1,0,3.96076470625172,166.482934124673,37.1878490282515,0,0.565823529464532
1,46.11,0,3.96059059781289,166.476079065888,37.1858277777581,0,0.565798656830413
1,46.12,0,3.96041649717426,166.469224269528,37.1838066547684,0,0.565773785310609
1,46.13,0,3.96024240433544,166.462369735586,37.181785659273,0,0.565748914905062
1,46.14,0,3.960068319296,166.455515464053,37.1797647912623,0,0.565724045613715
1,46.15,0,3.95989424205555,166.448661454922,37.1777440507271,0,0.565699177436508
1,46.16,0,3.95972017261368,166.441807708185,37.1757234376577,0,0.565674310373383
1,46.17,0,3.95954611096997,166.434954223834,37.1737029520449,0,0.565649444424282
1,46.18,0,3.95937205712403,166.428101001861,37.1716825938791,0,0.565624579589147
1,46.19,0,3.95919801107544,166.421248042257,37.169662363151,0,0.565599715867919
1,46.2,0,3.95902397282379,166.414395345015,37.167642259851,0,0.565574853260541
1,46.21,0,3.95884994236867,166.407542910126,37.1656222839697,0,0.565549991766953
1,46.22,0,3.95867591970968,166.400690737584,37.1636024354978,0,0.565525131387098
1,46.23,0,3.95850190484642,166.393838827379,37.1615827144257,0,0.565500272120917
1,46.24,0,3.95832789777846,166.386987179504,37.159563120744,0,0.565475413968351
1,46.25,0,3.95815389850541,166.38013579395,37.1575436544434,0,0.565450556929344
1,46.26,0,3.95797990702685,166.373284670711,37.1555243155142,0,0.565425701003835
1,46.27,0,3.95780592334238,166.366433809777,37.1535051039472,0,0.565400846191768
1,46.28,0,3.95763194745158,166.35958321114,37.1514860197329,0,0.565375992493083
1,46.29,0,3.95745797935406,166.352732874794,37.1494670628617,0,0.565351139907723
1,46.3,0,3.9572840190494,166.345882800729,37.1474482333244,0,0.565326288435629
1,46.31,0,3.9571100665372,166.339032988938,37.1454295311114,0,0.565301438076743
1,46.32,0,3.95693612181704,166.332183439413,37.1434109562134,0,0.565276588831006
1,46.33,0,3.95676218488852,166.325334152145,37.1413925086208,0,0.56525174069836
1,46.34,0,3.95658825575123,166.318485127127,37.1393741883242,0,0.565226893678747
1,46.35,0,3.95641433440476,166.311636364351,37.1373559953143,0,0.565202047772109
1,46.36,0,3.95624042084871,166.304787863809,37.1353379295815,0,0.565177202978387
1,46.37,0,3.95606651508266,166.297939625492,37.1333199911164,0,0.565152359297523
1,46.38,0,3.95589261710621,166.291091649393,37.1313021799096,0,0.565127516729458
1,46.39,0,3.95571872691895,166.284243935504,37.1292844959516,0,0.565102675274135
1,46.4,0,3.95554484452047,166.277396483816,37.1272669392331,0,0.565077834931495
1,46.41,0,3.95537096991036,166.270549294322,37.1252495097445,0,0.56505299570148
1,46.42,0,3.95519710308822,166.263702367014,37.1232322074765,0,0.565028157584032
1,46.43,0,3.95502324405364,166.256855701884,37.1212150324195,0,0.565003320579091
1,46.44,0,3.9548493928062,166.250009298923,37.1191979845642,0,0.5649784846866
1,46.45,0,3.95467554934551,166.243163158124,37.1171810639011,0,0.564953649906501
1,46.46,0,3.95450171367115,166.236317279479,37.1151642704207,0,0.564928816238735
1,46.47,0,3.95432788578271,166.229471662979,37.1131476041137,0,0.564903983683244
1,46.48,0,3.95415406567979,166.222626308617,37.1111310649706,0,0.56487915223997
1,46.49,0,3.95398025336198,166.215781216385,37.109114652982,0,0.564854321908854
1,46.5,0,3.95380644882887,166.208936386275,37.1070983681383,0,0.564829492689838
1,46.51,0,3.95363265208005,166.202091818278,37.1050822104303,0,0.564804664582864
1,46.52,0,3.95345886311512,166.195247512387,37.1030661798484,0,0.564779837587874
1,46.53,0,3.95328508193366,166.188403468594,37.1010502763831,0,0.564755011704808
1,46.54,0,3.95311130853527,166.18155968689,37.0990345000252,0,0.56473018693361
1,46.55,0,3.95293754291954,166.174716167269,37.0970188507651,0,0.564705363274219
1,46.56,0,3.95276378508606,166.16787290972,37.0950033285933,0,0.56468054072658
1,46.57,0,3.95259003503442,166.161029914238,37.0929879335005,0,0.564655719290632
1,46.58,0,3.95241629276422,166.154187180813,37.0909726654772,0,0.564630898966317
1,46.59,0,3.95224255827505,166.147344709438,37.088957524514,0,0.564606079753578
1,46.6,0,3.9520688315665,166.140502500105,37.0869425106014,0,0.564581261652357
1,46.61,0,3.95189511263815,166.133660552805,37.08492762373,0,0.564556444662593
1,46.62,0,3.95172140148962,166.126818867532,37.0829128638904,0,0.564531628784231
1,46.63,0,3.95154769812047,166.119977444275,37.080898231073,0,0.56450681401721
1,46.64,0,3.95137400253031,166.113136283029,37.0788837252686,0,0.564482000361473
1,46.65,0,3.95120031471874,166.106295383784,37.0768693464675,0,0.564457187816962
1,46.66,0,3.95102663468533,166.099454746533,37.0748550946605,0,0.564432376383618
1,46.67,0,3.95085296242968,166.092614371268,37.072840969838,0,0.564407566061383
1,46.68,0,3.95067929795139,166.08577425798,37.0708269719907,0,0.564382756850199
1,46.69,0,3.95050564125005,166.078934406662,37.068813101109,0,0.564357948750007
1,46.7,0,3.95033199232524,166.072094817306,37.0667993571836,0,0.564333141760749
1,46.71,0,3.95015835117656,166.065255489903,37.064785740205,0,0.564308335882366
1,46.72,0,3.94998471780361,166.058416424446,37.0627722501637,0,0.564283531114801
1,46.73,0,3.94981109220597,166.051577620927,37.0607588870504,0,0.564258727457996
1,46.74,0,3.94963747438323,166.044739079338,37.0587456508556,0,0.564233924911891
1,46.75,0,3.949463864335,166.03790079967,37.0567325415698,0,0.564209123476428
1,46.76,0,3.94929026206085,166.031062781916,37.0547195591836,0,0.56418432315155
1,46.77,0,3.94911666756038,166.024225026068,37.0527067036876,0,0.564159523937197
1,46.78,0,3.94894308083319,166.017387532117,37.0506939750723,0,0.564134725833313
1,46.79,0,3.94876950187886,166.010550300056,37.0486813733283,0,0.564109928839837
1,46.8,0,3.94859593069699,166.003713329877,37.0466688984462,0,0.564085132956713
1,46.81,0,3.94842236728717,165.996876621571,37.0446565504165,0,0.564060338183881
1,46.82,0,3.94824881164899,165.990040175131,37.0426443292298,0,0.564035544521284
1,46.83,0,3.94807526378204,165.983203990549,37.0406322348766,0,0.564010751968863
1,46.84,0,3.94790172368592,165.976368067817,37.0386202673475,0,0.56398596052656
1,46.85,0,3.94772819136021,165.969532406926,37.036608426633,0,0.563961170194316
1,46.86,0,3.94755466680451,165.962697007869,37.0345967127238,0,0.563936380972073
1,46.87,0,3.94738115001841,165.955861870637,37.0325851256104,0,0.563911592859773
1,46.88,0,3.94720764100151,165.949026995224,37.0305736652833,0,0.563886805857358
1,46.89,0,3.94703413975338,165.94219238162,37.0285623317332,0,0.563862019964769
1,46.9,0,3.94686064627364,165.935358029817,37.0265511249505,0,0.563837235181948
1,46.91,0,3.94668716056188,165.928523939808,37.0245400449259,0,0.56381245150884
1,46.92,0,3.94651368261863,165.921690111585,37.0225290916535,0,0.563787668945518
1,46.93,0,3.94634021244402,165.914856545139,37.0205182651259,0,0.563762887492003
1,46.94,0,3.94616675003769,165.908023240463,37.0185075653339,0,0.563738107148241
1,46.95,0,3.94599329539923,165.901190197547,37.016496992268,0,0.563713327914176
1,46.96,0,3.94581984852828,165.894357416385,37.0144865459189,0,0.563688549789754
1,46.97,0,3.94564640942444,165.887524896969,37.0124762262773,0,0.563663772774919
1,46.98,0,3.94547297808733,165.880692639289,37.0104660333338,0,0.563638996869618
1,46.99,0,3.94529955451656,165.873860643339,37.008455967079,0,0.563614222073794
1,47,0,3.94512613871176,165.86702890911,37.0064460275037,0,0.563589448387394
1,47.01,0,3.94495273067254,165.860197436594,37.0044362145985,0,0.563564675810363
1,47.02,0,3.94477933039851,165.853366225784,37.002426528354,0,0.563539904342645
1,47.03,0,3.9446059378893,165.84653527667,37.0004169687609,0,0.563515133984186
1,47.04,0,3.94443255314451,165.839704589246,36.9984075358098,0,0.56349036473493
1,47.05,0,3.94425917616377,165.832874163504,36.9963982294914,0,0.563465596594824
1,47.06,0,3.94408580694669,165.826043999434,36.9943890497964,0,0.563440829563813
1,47.07,0,3.94391244549289,165.81921409703,36.9923799967153,0,0.563416063641841
1,47.08,0,3.94373909180198,165.812384456283,36.990371070239,0,0.563391298828854
1,47.09,0,3.94356574587357,165.805555077185,36.9883622703579,0,0.563366535124796
1,47.1,0,3.9433924077073,165.798725959728,36.9863535970628,0,0.563341772529614
1,47.11,0,3.94321907730276,165.791897103904,36.9843450503443,0,0.563317011043252
1,47.12,0,3.94304575465959,165.785068509706,36.9823366301931,0,0.563292250665655
1,47.13,0,3.94287243977739,165.778240177125,36.9803283365998,0,0.563267491396769
1,47.14,0,3.94269913265577,165.771412106152,36.9783201695551,0,0.563242733236539
1,47.15,0,3.94252583329437,165.764584296781,36.9763121290496,0,0.56321797618491
1,47.16,0,3.94235254169279,165.757756749004,36.974304215074,0,0.563193220241827
1,47.17,0,3.94217925785065,165.750929462811,36.972296427619,0,0.563168465407235
1,47.18,0,3.94200598176756,165.744102438196,36.9702887666752,0,0.56314371168108
1,47.19,0,3.94183271344314,165.737275675149,36.9682812322331,0,0.563118959063306
1,47.2,0,3.94165945287702,165.730449173664,36.9662738242836,0,0.56309420755386
1,47.21,0,3.94148620006879,165.723622933732,36.9642665428173,0,0.563069457152685
1,47.22,0,3.94131295501809,165.716796955345,36.9622593878248,0,0.563044707859727
1,47.23,0,3.94113971772453,165.709971238495,36.9602523592967,0,0.563019959674932
1,47.24,0,3.94096648818771,165.703145783174,36.9582454572237,0,0.562995212598245
1,47.25,0,3.94079326640727,165.696320589374,36.9562386815966,0,0.56297046662961
1,47.26,0,3.94062005238281,165.689495657087,36.9542320324058,0,0.562945721768973
1,47.27,0,3.94044684611396,165.682670986306,36.9522255096421,0,0.562920978016279
1,47.28,0,3.94027364760032,165.675846577021,36.9502191132962,0,0.562896235371474
1,47.29,0,3.94010045684151,165.669022429226,36.9482128433586,0,0.562871493834502
1,47.3,0,3.93992727383716,165.662198542911,36.9462066998201,0,0.562846753405308
1,47.31,0,3.93975409858687,165.65537491807,36.9442006826713,0,0.562822014083839
1,47.32,0,3.93958093109027,165.648551554694,36.9421947919028,0,0.562797275870038
1,47.33,0,3.93940777134696,165.641728452774,36.9401890275053,0,0.562772538763852
1,47.34,0,3.93923461935657,165.634905612304,36.9381833894695,0,0.562747802765225
1,47.35,0,3.93906147511871,165.628083033275,36.936177877786,0,0.562723067874102
1,47.36,0,3.938888338633,165.621260715678,36.9341724924455,0,0.562698334090429
1,47.37,0,3.93871520989906,165.614438659507,36.9321672334385,0,0.562673601414151
1,47.38,0,3.93854208891649,165.607616864753,36.9301621007559,0,0.562648869845213
1,47.39,0,3.93836897568492,165.600795331408,36.9281570943882,0,0.56262413938356
1,47.4,0,3.93819587020396,165.593974059463,36.926152214326,0,0.562599410029138
1,47.41,0,3.93802277247324,165.587153048912,36.9241474605601,0,0.562574681781891
1,47.42,0,3.93784968249235,165.580332299746,36.9221428330811,0,0.562549954641765
1,47.43,0,3.93767660026093,165.573511811956,36.9201383318796,0,0.562525228608705
1,47.44,0,3.93750352577859,165.566691585536,36.9181339569463,0,0.562500503682655
1,47.45,0,3.93733045904494,165.559871620476,36.9161297082719,0,0.562475779863563
1,47.46,0,3.9371574000596,165.55305191677,36.914125585847,0,0.562451057151371
1,47.47,0,3.93698434882219,165.546232474408,36.9121215896622,0,0.562426335546027
1,47.48,0,3.93681130533232,165.539413293384,36.9101177197082,0,0.562401615047474
1,47.49,0,3.93663826958961,165.532594373688,36.9081139759757,0,0.562376895655658
1,47.5,0,3.93646524159367,165.525775715313,36.9061103584553,0,0.562352177370524
1,47.51,0,3.93629222134413,165.518957318251,36.9041068671377,0,0.562327460192018
1,47.52,0,3.93611920884059,165.512139182494,36.9021035020135,0,0.562302744120084
1,47.53,0,3.93594620408268,165.505321308034,36.9001002630734,0,0.562278029154668
1,47.54,0,3.93577320707001,165.498503694863,36.8980971503081,0,0.562253315295715
1,47.55,0,3.93560021780219,165.491686342972,36.8960941637081,0,0.56222860254317
1,47.56,0,3.93542723627885,165.484869252355,36.8940913032642,0,0.562203890896978
1,47.57,0,3.93525426249959,165.478052423002,36.8920885689669,0,0.562179180357084
1,47.58,0,3.93508129646404,165.471235854906,36.890085960807,0,0.562154470923435
1,47.59,0,3.93490833817181,165.46441954806,36.8880834787751,0,0.562129762595973
1,47.6,0,3.93473538762252,165.457603502453,36.8860811228619,0,0.562105055374646
1,47.61,0,3.93456244481579,165.45078771808,36.884078893058,0,0.562080349259398
1,47.62,0,3.93438950975122,165.443972194932,36.882076789354,0,0.562055644250174
1,47.63,0,3.93421658242844,165.437156933,36.8800748117407,0,0.56203094034692
1,47.64,0,3.93404366284706,165.430341932278,36.8780729602086,0,0.56200623754958
1,47.65,0,3.9338707510067,165.423527192756,36.8760712347485,0,0.561981535858101
1,47.66,0,3.93369784690698,165.416712714427,36.8740696353509,0,0.561956835272426
1,47.67,0,3.93352495054751,165.409898497282,36.8720681620066,0,0.561932135792501
1,47.68,0,3.9333520619279,165.403084541315,36.8700668147061,0,0.561907437418272
1,47.69,0,3.93317918104778,165.396270846516,36.8680655934403,0,0.561882740149683
1,47.7,0,3.93300630790676,165.389457412878,36.8660644981996,0,0.56185804398668
1,47.71,0,3.93283344250446,165.382644240393,36.8640635289747,0,0.561833348929208
1,47.72,0,3.93266058484049,165.375831329052,36.8620626857564,0,0.561808654977212
1,47.73,0,3.93248773491446,165.369018678849,36.8600619685352,0,0.561783962130637
1,47.74,0,3.932314892726,165.362206289774,36.8580613773018,0,0.561759270389429
1,47.75,0,3.93214205827473,165.35539416182,36.8560609120469,0,0.561734579753532
1,47.76,0,3.93196923156025,165.348582294978,36.8540605727611,0,0.561709890222892
1,47.77,0,3.93179641258218,165.341770689242,36.8520603594351,0,0.561685201797454
1,47.78,0,3.93162360134014,165.334959344602,36.8500602720595,0,0.561660514477163
1,47.79,0,3.93145079783375,165.32814826105,36.848060310625,0,0.561635828261965
1,47.8,0,3.93127800206263,165.32133743858,36.8460604751222,0,0.561611143151804
1,47.81,0,3.93110521402638,165.314526877182,36.8440607655418,0,0.561586459146625
1,47.82,0,3.93093243372462,165.307716576849,36.8420611818745,0,0.561561776246375
1,47.83,0,3.93075966115698,165.300906537573,36.8400617241108,0,0.561537094450997
1,47.84,0,3.93058689632307,165.294096759345,36.8380623922415,0,0.561512413760438
1,47.85,0,3.93041413922249,165.287287242158,36.8360631862573,0,0.561487734174642
1,47.86,0,3.93024138985488,165.280477986003,36.8340641061486,0,0.561463055693554
1,47.87,0,3.93006864821985,165.273668990873,36.8320651519063,0,0.561438378317121
1,47.88,0,3.929895914317,165.26686025676,36.8300663235209,0,0.561413702045286
1,47.89,0,3.92972318814597,165.260051783656,36.8280676209832,0,0.561389026877995
1,47.9,0,3.92955046970636,165.253243571552,36.8260690442837,0,0.561364352815194
1,47.91,0,3.92937775899779,165.246435620441,36.8240705934132,0,0.561339679856827
1,47.92,0,3.92920505601988,165.239627930314,36.8220722683623,0,0.56131500800284
1,47.93,0,3.92903236077224,165.232820501165,36.8200740691215,0,0.561290337253177
1,47.94,0,3.92885967325449,165.226013332983,36.8180759956817,0,0.561265667607784
1,47.95,0,3.92868699346625,165.219206425763,36.8160780480334,0,0.561240999066607
1,47.96,0,3.92851432140713,165.212399779494,36.8140802261673,0,0.56121633162959
1,47.97,0,3.92834165707675,165.205593394171,36.8120825300741,0,0.561191665296678
1,47.98,0,3.92816900047472,165.198787269784,36.8100849597444,0,0.561167000067817
1,47.99,0,3.92799635160066,165.191981406326,36.8080875151688,0,0.561142335942952
1,48,0,3.9278237104542,165.185175803788,36.806090196338,0,0.561117672922028
