"ID","time","GUT","CENT","PERIPH","CL","Q","V2","V3","KA","ETA_1","ETA_2","ETA_3","IPRED"
1,0,0,0,0,12.2963310509268,3.47450588865302,26.3437302640754,113.276712237858,0.0643150937909323,0.257179416972827,0.144865046106155,-0.104974866092709,0
1,0,1000,0,0,12.2963310509268,3.47450588865302,26.3437302640754,113.276712237858,0.0643150937909323,0.257179416972827,0.144865046106155,-0.104974866092709,0
1,0.1,993.589128509393,6.22259112097855,0.0414472085933371,12.2963310509268,3.47450588865302,26.3437302640754,113.276712237858,0.0643150937909323,0.257179416972827,0.144865046106155,-0.104974866092709,0.236207669096287
1,0.2,987.219356292054,12.0439461125921,0.162042051008429,12.2963310509268,3.47450588865302,26.3437302640754,113.276712237858,0.0643150937909323,0.257179416972827,0.144865046106155,-0.104974866092709,0.457184536580844
1,0.3,980.890419865826,17.487863598991,0.356416652868251,12.2963310509268,3.47450588865302,26.3437302640754,113.276712237858,0.0643150937909323,0.257179416972827,0.144865046106155,-0.104974866092709,0.663833990998572
1,0.4,974.602057437698,22.5767421580228,0.619523664977862,12.2963310509268,3.47450588865302,26.3437302640754,113.276712237858,0.0643150937909323,0.257179416972827,0.144865046106155,-0.104974866092709,0.85700627556191
1,0.5,968.354008892984,27.3316626125282,0.946617392195587,12.2963310509268,3.47450588865302,26.3437302640754,113.276712237858,0.0643150937909323,0.257179416972827,0.144865046106155,-0.104974866092709,1.03750161190346
1,0.6,962.146015784557,31.7724654852137,1.33323603160234,12.2963310509268,3.47450588865302,26.3437302640754,113.276712237858,0.0643150937909323,0.257179416972827,0.144865046106155,-0.104974866092709,1.20607314023942
1,0.7,955.977821322162,35.9178239013432,1.77518495477271,12.2963310509268,3.47450588865302,26.3437302640754,113.276712237858,0.0643150937909323,0.257179416972827,0.144865046106155,-0.104974866092709,1.36342968673362
1,0.8,949.849170361795,39.7853122067873,2.26852097278333,12.2963310509268,3.47450588865302,26.3437302640754,113.276712237858,0.0643150937909323,0.257179416972827,0.144865046106155,-0.104974866092709,1.51023836821781
1,0.9,943.759809395146,43.3914705532434,2.80953752620012,12.2963310509268,3.47450588865302,26.3437302640754,113.276712237858,0.0643150937909323,0.257179416972827,0.144865046106155,-0.104974866092709,1.64712704382704
1,1,937.709486539113,46.7518656876437,3.39475074568111,12.2963310509268,3.47450588865302,26.3437302640754,113.276712237858,0.0643150937909323,0.257179416972827,0.144865046106155,-0.104974866092709,1.7746866225471
1,1.1,931.697951525388,49.8811481688346,4.02088633202599,12.2963310509268,3.47450588865302,26.3437302640754,113.276712237858,0.0643150937909323,0.257179416972827,0.144865046106155,-0.104974866092709,1.89347323514229
1,1.2,925.724955690097,52.7931062215028,4.68486720751127,12.2963310509268,3.47450588865302,26.3437302640754,113.276712237858,0.0643150937909323,0.257179416972827,0.144865046106155,-0.104974866092709,2.00401027843411
1,1.3,919.790251963519,55.5007164249812,5.38380189318004,12.2963310509268,3.47450588865302,26.3437302640754,113.276712237858,0.0643150937909323,0.257179416972827,0.144865046106155,-0.104974866092709,2.10679033943294
1,1.4,913.893594859868,58.0161914229544,6.11497356941988,12.2963310509268,3.47450588865302,26.3437302640754,113.276712237858,0.0643150937909323,0.257179416972827,0.144865046106155,-0.104974866092709,2.20227700638396
1,1.5,908.034740467132,60.351024829148,6.87582977966964,12.2963310509268,3.47450588865302,26.3437302640754,113.276712237858,0.0643150937909323,0.257179416972827,0.144865046106155,-0.104974866092709,2.29090657337348
1,1.6,902.21344643699,62.5160334937999,7.66397273945648,12.2963310509268,3.47450588865302,26.3437302640754,113.276712237858,0.0643150937909323,0.257179416972827,0.144865046106155,-0.104974866092709,2.37308964475134
1,1.7,896.429471974785,64.521397286022,8.47715021518551,12.2963310509268,3.47450588865302,26.3437302640754,113.276712237858,0.0643150937909323,0.257179416972827,0.144865046106155,-0.104974866092709,2.44921264525735
1,1.8,890.682577829562,66.3766965380498,9.31324693919589,12.2963310509268,3.47450588865302,26.3437302640754,113.276712237858,0.0643150937909323,0.257179416972827,0.144865046106155,-0.104974866092709,2.5196392413935
1,1.9,884.972526284174,68.0909472887909,10.1702765295648,12.2963310509268,3.47450588865302,26.3437302640754,113.276712237858,0.0643150937909323,0.257179416972827,0.144865046106155,-0.104974866092709,2.58471167925849
1,2,879.299081145448,69.6726344560138,11.0463738849936,12.2963310509268,3.47450588865302,26.3437302640754,113.276712237858,0.0643150937909323,0.257179416972827,0.144865046106155,-0.104974866092709,2.64475204375386
1,2.1,873.662007734415,71.1297430589121,11.9397880268529,12.2963310509268,3.47450588865302,26.3437302640754,113.276712237858,0.0643150937909323,0.257179416972827,0.144865046106155,-0.104974866092709,2.70006344378309
1,2.2,868.061072876604,72.4697876056268,12.8488753621066,12.2963310509268,3.47450588865302,26.3437302640754,113.276712237858,0.0643150937909323,0.257179416972827,0.144865046106155,-0.104974866092709,2.75093112779298
1,2.3,862.496044892394,73.6998397535758,13.7720933423764,12.2963310509268,3.47450588865302,26.3437302640754,113.276712237858,0.0643150937909323,0.257179416972827,0.144865046106155,-0.104974866092709,2.79762353375138
1,2.4,856.966693587431,74.8265543440984,14.7079944958651,12.2963310509268,3.47450588865302,26.3437302640754,113.276712237858,0.0643150937909323,0.257179416972827,0.144865046106155,-0.104974866092709,2.84039327741442
1,2.5,851.472790243112,75.856193906961,15.6552208102228,12.2963310509268,3.47450588865302,26.3437302640754,113.276712237858,0.0643150937909323,0.257179416972827,0.144865046106155,-0.104974866092709,2.87947808251002
1,2.6,846.014107607114,76.794651724651,16.6124984457314,12.2963310509268,3.47450588865302,26.3437302640754,113.276712237858,0.0643150937909323,0.257179416972827,0.144865046106155,-0.104974866092709,2.91510165625158
1,2.7,840.590419884004,77.6474735411027,17.57863275939,12.2963310509268,3.47450588865302,26.3437302640754,113.276712237858,0.0643150937909323,0.257179416972827,0.144865046106155,-0.104974866092709,2.94747451339454
1,2.8,835.201502725892,78.4198779945248,18.5525036216312,12.2963310509268,3.47450588865302,26.3437302640754,113.276712237858,0.0643150937909323,0.257179416972827,0.144865046106155,-0.104974866092709,2.97679475186037
1,2.9,829.847133223155,79.1167758493152,19.5330610084658,12.2963310509268,3.47450588865302,26.3437302640754,113.276712237858,0.0643150937909323,0.257179416972827,0.144865046106155,-0.104974866092709,3.00324878277416
1,3,824.527089895212,79.7427880976425,20.5193208528694,12.2963310509268,3.47450588865302,26.3437302640754,113.276712237858,0.0643150937909323,0.257179416972827,0.144865046106155,-0.104974866092709,3.0270120175952
1,3.1,819.24115268137,80.3022629971269,21.5103611401733,12.2963310509268,3.47450588865302,26.3437302640754,113.276712237858,0.0643150937909323,0.257179416972827,0.144865046106155,-0.104974866092709,3.04824951486214
1,3.2,813.989102931712,80.7992921071464,22.5053182331173,12.2963310509268,3.47450588865302,26.3437302640754,113.276712237858,0.0643150937909323,0.257179416972827,0.144865046106155,-0.104974866092709,3.06711658892634
1,3.3,808.770723398063,81.2377253826209,23.5033834130662,12.2963310509268,3.47450588865302,26.3437302640754,113.276712237858,0.0643150937909323,0.257179416972827,0.144865046106155,-0.104974866092709,3.08375938290728
1,3.4,803.585798224992,81.6211853806687,24.503799624685,12.2963310509268,3.47450588865302,26.3437302640754,113.276712237858,0.0643150937909323,0.257179416972827,0.144865046106155,-0.104974866092709,3.09831540797298
1,3.5,798.434112940895,81.9530806322722,25.5058584121137,12.2963310509268,3.47450588865302,26.3437302640754,113.276712237858,0.0643150937909323,0.257179416972827,0.144865046106155,-0.104974866092709,3.11091405092431
1,3.6,793.315454449114,82.2366182280271,26.5088970353855,12.2963310509268,3.47450588865302,26.3437302640754,113.276712237858,0.0643150937909323,0.257179416972827,0.144865046106155,-0.104974866092709,3.12167705194629
1,3.7,788.229611019128,82.4748156641653,27.5122957564943,12.2963310509268,3.47450588865302,26.3437302640754,113.276712237858,0.0643150937909323,0.257179416972827,0.144865046106155,-0.104974866092709,3.13071895427943
1,3.8,783.176372277793,82.6705119923253,28.5154752851409,12.2963310509268,3.47450588865302,26.3437302640754,113.276712237858,0.0643150937909323,0.257179416972827,0.144865046106155,-0.104974866092709,3.13814752746167
1,3.9,778.15552920064,82.8263783139911,29.5178943747706,12.2963310509268,3.47450588865302,26.3437302640754,113.276712237858,0.0643150937909323,0.257179416972827,0.144865046106155,-0.104974866092709,3.14406416569412
1,4,773.166874103229,82.9449276581138,30.519047560069,12.2963310509268,3.47450588865302,26.3437302640754,113.276712237858,0.0643150937909323,0.257179416972827,0.144865046106155,-0.104974866092709,3.14856426279253
1,4.1,768.210200632559,83.0285242781686,31.5184630276016,12.2963310509268,3.47450588865302,26.3437302640754,113.276712237858,0.0643150937909323,0.257179416972827,0.144865046106155,-0.104974866092709,3.15173756510078
1,4.2,763.28530375853,83.0793924027661,32.5157006117701,12.2963310509268,3.47450588865302,26.3437302640754,113.276712237858,0.0643150937909323,0.257179416972827,0.144865046106155,-0.104974866092709,3.1536685036614
1,4.3,758.391979765464,83.0996244719354,33.5103499087204,12.2963310509268,3.47450588865302,26.3437302640754,113.276712237858,0.0643150937909323,0.257179416972827,0.144865046106155,-0.104974866092709,3.15443650686241
1,4.4,753.530026243681,83.0911888893061,34.5020285012678,12.2963310509268,3.47450588865302,26.3437302640754,113.276712237858,0.0643150937909323,0.257179416972827,0.144865046106155,-0.104974866092709,3.15411629470776
1,4.5,748.699242081119,83.0559373186406,35.4903802883149,12.2963310509268,3.47450588865302,26.3437302640754,113.276712237858,0.0643150937909323,0.257179416972827,0.144865046106155,-0.104974866092709,3.15277815579151
1,4.6,743.899427455022,82.9956115514966,36.4750739126186,12.2963310509268,3.47450588865302,26.3437302640754,113.276712237858,0.0643150937909323,0.257179416972827,0.144865046106155,-0.104974866092709,3.1504882079922
1,4.7,739.130383823671,82.9118499712251,37.4558012811268,12.2963310509268,3.47450588865302,26.3437302640754,113.276712237858,0.0643150937909323,0.257179416972827,0.144865046106155,-0.104974866092709,3.14730864384423
1,4.8,734.391913918174,82.8061936370284,38.4322761724408,12.2963310509268,3.47450588865302,26.3437302640754,113.276712237858,0.0643150937909323,0.257179416972827,0.144865046106155,-0.104974866092709,3.14329796148688
1,4.9,729.683821734304,82.680092010407,39.4042329262848,12.2963310509268,3.47450588865302,26.3437302640754,113.276712237858,0.0643150937909323,0.257179416972827,0.144865046106155,-0.104974866092709,3.13851118203851
1,5,725.00591252439,82.5349083450138,40.3714252101592,12.2963310509268,3.47450588865302,26.3437302640754,113.276712237858,0.0643150937909323,0.257179416972827,0.144865046106155,-0.104974866092709,3.13300005419376
1,5.1,720.357992789266,82.3719247596984,41.3336248586416,12.2963310509268,3.47450588865302,26.3437302640754,113.276712237858,0.0643150937909323,0.257179416972827,0.144865046106155,-0.104974866092709,3.12681324679474
1,5.2,715.739870270262,82.1923470133593,42.2906207810656,12.2963310509268,3.47450588865302,26.3437302640754,113.276712237858,0.0643150937909323,0.257179416972827,0.144865046106155,-0.104974866092709,3.11999653008306
1,5.3,711.151353941255,81.9973089991308,43.2422179335557,12.2963310509268,3.47450588865302,26.3437302640754,113.276712237858,0.0643150937909323,0.257179416972827,0.144865046106155,-0.104974866092709,3.11259294629772
1,5.4,706.592254000767,81.7878769744003,44.1882363516369,12.2963310509268,3.47450588865302,26.3437302640754,113.276712237858,0.0643150937909323,0.257179416972827,0.144865046106155,-0.104974866092709,3.10464297024531
1,5.5,702.062381864109,81.56505354218,45.1285102398569,12.2963310509268,3.47450588865302,26.3437302640754,113.276712237858,0.0643150937909323,0.257179416972827,0.144865046106155,-0.104974866092709,3.09618466043168
1,5.6,697.561550155589,81.3297813984487,46.0628871150696,12.2963310509268,3.47450588865302,26.3437302640754,113.276712237858,0.0643150937909323,0.257179416972827,0.144865046106155,-0.104974866092709,3.08725380130987
1,5.7,693.089572700752,81.0829468592164,46.9912270002247,12.2963310509268,3.47450588865302,26.3437302640754,113.276712237858,0.0643150937909323,0.257179416972827,0.144865046106155,-0.104974866092709,3.07788403716645
1,5.8,688.646264518688,80.8253831802593,47.9134016656947,12.2963310509268,3.47450588865302,26.3437302640754,113.276712237858,0.0643150937909323,0.257179416972827,0.144865046106155,-0.104974866092709,3.06810699813761
1,5.9,684.231441814372,80.5578736817096,48.8292939153437,12.2963310509268,3.47450588865302,26.3437302640754,113.276712237858,0.0643150937909323,0.257179416972827,0.144865046106155,-0.104974866092709,3.05795241881767
1,6,679.844921971067,80.2811546889693,49.7387969147084,12.2963310509268,3.47450588865302,26.3437302640754,113.276712237858,0.0643150937909323,0.257179416972827,0.144865046106155,-0.104974866092709,3.04744824989526
1,6.1,675.486523542769,79.9959183007442,50.6418135588145,12.2963310509268,3.47450588865302,26.3437302640754,113.276712237858,0.0643150937909323,0.257179416972827,0.144865046106155,-0.104974866092709,3.03662076322705
1,6.2,671.156066246699,79.7028149943571,51.5382558772984,12.2963310509268,3.47450588865302,26.3437302640754,113.276712237858,0.0643150937909323,0.257179416972827,0.144865046106155,-0.104974866092709,3.02549465073467
1,6.3,666.85337095585,79.4024560779054,52.4280444746408,12.2963310509268,3.47450588865302,26.3437302640754,113.276712237858,0.0643150937909323,0.257179416972827,0.144865046106155,-0.104974866092709,3.01409311748783
1,6.4,662.578259691574,79.0954159982629,53.311108003448,12.2963310509268,3.47450588865302,26.3437302640754,113.276712237858,0.0643150937909323,0.257179416972827,0.144865046106155,-0.104974866092709,3.00243796931539
1,6.5,658.330555616221,78.7822345133997,54.1873826688366,12.2963310509268,3.47450588865302,26.3437302640754,113.276712237858,0.0643150937909323,0.257179416972827,0.144865046106155,-0.104974866092709,2.99054969526598
1,6.6,654.110083025825,78.4634187369942,55.056811762094,12.2963310509268,3.47450588865302,26.3437302640754,113.276712237858,0.0643150937909323,0.257179416972827,0.144865046106155,-0.104974866092709,2.9784475452208
1,6.7,649.916667342836,78.1394450628418,55.919345221892,12.2963310509268,3.47450588865302,26.3437302640754,113.276712237858,0.0643150937909323,0.257179416972827,0.144865046106155,-0.104974866092709,2.96614960294365
1,6.8,645.750135108897,77.8107609761277,56.7749392214345,12.2963310509268,3.47450588865302,26.3437302640754,113.276712237858,0.0643150937909323,0.257179416972827,0.144865046106155,-0.104974866092709,2.95367285483625
1,6.9,641.610313977672,77.4777867582097,57.6235557800124,12.2963310509268,3.47450588865302,26.3437302640754,113.276712237858,0.0643150937909323,0.257179416972827,0.144865046106155,-0.104974866092709,2.94103325465131
1,7,637.497032707713,77.1409170911736,58.4651623975324,12.2963310509268,3.47450588865302,26.3437302640754,113.276712237858,0.0643150937909323,0.257179416972827,0.144865046106155,-0.104974866092709,2.92824578440092
1,7.1,633.41012115538,76.8005225680486,59.2997317106668,12.2963310509268,3.47450588865302,26.3437302640754,113.276712237858,0.0643150937909323,0.257179416972827,0.144865046106155,-0.104974866092709,2.91532451168393
1,7.2,629.349410267803,76.4569511142294,60.127241169354,12.2963310509268,3.47450588865302,26.3437302640754,113.276712237858,0.0643150937909323,0.257179416972827,0.144865046106155,-0.104974866092709,2.90228264364264
1,7.3,625.314732075887,76.1105293253229,60.9476727324516,12.2963310509268,3.47450588865302,26.3437302640754,113.276712237858,0.0643150937909323,0.257179416972827,0.144865046106155,-0.104974866092709,2.88913257774712
1,7.4,621.305919687365,75.7615637263325,61.7610125814163,12.2963310509268,3.47450588865302,26.3437302640754,113.276712237858,0.0643150937909323,0.257179416972827,0.144865046106155,-0.104974866092709,2.87588594959339
1,7.5,617.322807279896,75.4103419568019,62.5672508509509,12.2963310509268,3.47450588865302,26.3437302640754,113.276712237858,0.0643150937909323,0.257179416972827,0.144865046106155,-0.104974866092709,2.86255367789117
1,7.6,613.365230094203,75.057133886271,63.3663813756179,12.2963310509268,3.47450588865302,26.3437302640754,113.276712237858,0.0643150937909323,0.257179416972827,0.144865046106155,-0.104974866092709,2.84914600680624
1,7.7,609.433024427263,74.7021926641401,64.1584014514835,12.2963310509268,3.47450588865302,26.3437302640754,113.276712237858,0.0643150937909323,0.257179416972827,0.144865046106155,-0.104974866092709,2.83567254581295
1,7.8,605.526027625527,74.3457557077966,64.9433116119059,12.2963310509268,3.47450588865302,26.3437302640754,113.276712237858,0.0643150937909323,0.257179416972827,0.144865046106155,-0.104974866092709,2.82214230720321
1,7.9,601.644078078202,73.9880456326332,65.7211154166353,12.2963310509268,3.47450588865302,26.3437302640754,113.276712237858,0.0643150937909323,0.257179416972827,0.144865046106155,-0.104974866092709,2.80856374138972
1,8,597.787015210558,73.6292711273736,66.4918192534445,12.2963310509268,3.47450588865302,26.3437302640754,113.276712237858,0.0643150937909323,0.257179416972827,0.144865046106155,-0.104974866092709,2.79494477013306
1,8.1,593.954679477289,73.269627777919,67.255432151551,12.2963310509268,3.47450588865302,26.3437302640754,113.276712237858,0.0643150937909323,0.257179416972827,0.144865046106155,-0.104974866092709,2.78129281781464
1,8.2,590.146912355916,72.9092988427426,68.0119656061366,12.2963310509268,3.47450588865302,26.3437302640754,113.276712237858,0.0643150937909323,0.257179416972827,0.144865046106155,-0.104974866092709,2.76761484087043
1,8.3,586.363556340223,72.5484559826781,68.7614334133133,12.2963310509268,3.47450588865302,26.3437302640754,113.276712237858,0.0643150937909323,0.257179416972827,0.144865046106155,-0.104974866092709,2.75391735549356
1,8.4,582.60445493375,72.1872599477847,69.5038515149185,12.2963310509268,3.47450588865302,26.3437302640754,113.276712237858,0.0643150937909323,0.257179416972827,0.144865046106155,-0.104974866092709,2.74020646370744
1,8.5,578.869452643315,71.8258612238102,70.2392378525622,12.2963310509268,3.47450588865302,26.3437302640754,113.276712237858,0.0643150937909323,0.257179416972827,0.144865046106155,-0.104974866092709,2.72648787790537
1,8.6,575.15839497258,71.464400640627,70.967612230382,12.2963310509268,3.47450588865302,26.3437302640754,113.276712237858,0.0643150937909323,0.257179416972827,0.144865046106155,-0.104974866092709,2.71276694394651
1,8.7,571.471128415667,71.1030099448767,71.6889961859917,12.2963310509268,3.47450588865302,26.3437302640754,113.276712237858,0.0643150937909323,0.257179416972827,0.144865046106155,-0.104974866092709,2.69904866289339
1,8.8,567.807500450802,70.7418123389267,72.4034128691427,12.2963310509268,3.47450588865302,26.3437302640754,113.276712237858,0.0643150937909323,0.257179416972827,0.144865046106155,-0.104974866092709,2.68533771147044
1,8.9,564.167359534009,70.3809229881185,73.1108869276432,12.2963310509268,3.47450588865302,26.3437302640754,113.276712237858,0.0643150937909323,0.257179416972827,0.144865046106155,-0.104974866092709,2.67163846131905
1,9,560.550555092841,70.0204494981723,73.8114444001086,12.2963310509268,3.47450588865302,26.3437302640754,113.276712237858,0.0643150937909323,0.257179416972827,0.144865046106155,-0.104974866092709,2.65795499711969
1,9.1,556.956937520152,69.660492364501,74.5051126151397,12.2963310509268,3.47450588865302,26.3437302640754,113.276712237858,0.0643150937909323,0.257179416972827,0.144865046106155,-0.104974866092709,2.6442911336477
1,9.2,553.386358167908,69.3011453950862,75.1919200965506,12.2963310509268,3.47450588865302,26.3437302640754,113.276712237858,0.0643150937909323,0.257179416972827,0.144865046106155,-0.104974866092709,2.63065043182557
1,9.3,549.838669341039,68.9424961084682,75.8718964742914,12.2963310509268,3.47450588865302,26.3437302640754,113.276712237858,0.0643150937909323,0.257179416972827,0.144865046106155,-0.104974866092709,2.61703621383052
1,9.4,546.313724291327,68.584626108315,76.5450724007271,12.2963310509268,3.47450588865302,26.3437302640754,113.276712237858,0.0643150937909323,0.257179416972827,0.144865046106155,-0.104974866092709,2.60345157731299
1,9.5,542.81137721134,68.2276114359448,77.2114794719602,12.2963310509268,3.47450588865302,26.3437302640754,113.276712237858,0.0643150937909323,0.257179416972827,0.144865046106155,-0.104974866092709,2.58989940877834
1,9.6,539.331483228399,67.8715229021003,77.871150153898,12.2963310509268,3.47450588865302,26.3437302640754,113.276712237858,0.0643150937909323,0.257179416972827,0.144865046106155,-0.104974866092709,2.57638239618084
1,9.7,535.873898398583,67.5164263991917,78.5241177127857,12.2963310509268,3.47450588865302,26.3437302640754,113.276712237858,0.0643150937909323,0.257179416972827,0.144865046106155,-0.104974866092709,2.56290304077639
1,9.8,532.438479700779,67.1623831951589,79.1704161499413,12.2963310509268,3.47450588865302,26.3437302640754,113.276712237858,0.0643150937909323,0.257179416972827,0.144865046106155,-0.104974866092709,2.54946366827736
1,9.9,529.025085030763,66.8094502100319,79.8100801404462,12.2963310509268,3.47450588865302,26.3437302640754,113.276712237858,0.0643150937909323,0.257179416972827,0.144865046106155,-0.104974866092709,2.53606643935082
1,10,525.633573195323,66.457680276207,80.4431449755555,12.2963310509268,3.47450588865302,26.3437302640754,113.276712237858,0.0643150937909323,0.257179416972827,0.144865046106155,-0.104974866092709,2.52271335949847
1,10.1,522.263803906419,66.1071223833956,81.0696465086122,12.2963310509268,3.47450588865302,26.3437302640754,113.276712237858,0.0643150937909323,0.257179416972827,0.144865046106155,-0.104974866092709,2.50940628835488
1,10.2,518.915637775379,65.7578219091476,81.6896211042552,12.2963310509268,3.47450588865302,26.3437302640754,113.276712237858,0.0643150937909323,0.257179416972827,0.144865046106155,-0.104974866092709,2.49614694843808
1,10.3,515.588936307135,65.4098208357961,82.303105590729,12.2963310509268,3.47450588865302,26.3437302640754,113.276712237858,0.0643150937909323,0.257179416972827,0.144865046106155,-0.104974866092709,2.48293693338466
1,10.4,512.283561894491,65.0631579546225,82.9101372151112,12.2963310509268,3.47450588865302,26.3437302640754,113.276712237858,0.0643150937909323,0.257179416972827,0.144865046106155,-0.104974866092709,2.4697777156999
1,10.5,508.999377812435,64.717869057993,83.5107536012857,12.2963310509268,3.47450588865302,26.3437302640754,113.276712237858,0.0643150937909323,0.257179416972827,0.144865046106155,-0.104974866092709,2.45667065405114
1,10.6,505.73624821248,64.3739871201735,84.1049927104991,12.2963310509268,3.47450588865302,26.3437302640754,113.276712237858,0.0643150937909323,0.257179416972827,0.144865046106155,-0.104974866092709,2.44361700013151
1,10.7,502.494038117048,64.0315424674889,84.6928928043493,12.2963310509268,3.47450588865302,26.3437302640754,113.276712237858,0.0643150937909323,0.257179416972827,0.144865046106155,-0.104974866092709,2.43061790511908
1,10.8,499.272613413883,63.6905629384528,85.27449241006,12.2963310509268,3.47450588865302,26.3437302640754,113.276712237858,0.0643150937909323,0.257179416972827,0.144865046106155,-0.104974866092709,2.41767442575537
1,10.9,496.071840850507,63.3510740344571,85.8498302879083,12.2963310509268,3.47450588865302,26.3437302640754,113.276712237858,0.0643150937909323,0.257179416972827,0.144865046106155,-0.104974866092709,2.40478753006548
1,11,492.891588028706,63.0130990615772,86.4189454006777,12.2963310509268,3.47450588865302,26.3437302640754,113.276712237858,0.0643150937909323,0.257179416972827,0.144865046106155,-0.104974866092709,2.39195810274095
1,11.1,489.731723399052,62.6766592640146,86.9818768850156,12.2963310509268,3.47450588865302,26.3437302640754,113.276712237858,0.0643150937909323,0.257179416972827,0.144865046106155,-0.104974866092709,2.37918695020523
1,11.2,486.592116255467,62.3417739496684,87.5386640245838,12.2963310509268,3.47450588865302,26.3437302640754,113.276712237858,0.0643150937909323,0.257179416972827,0.144865046106155,-0.104974866092709,2.36647480538028
1,11.3,483.472636729811,62.0084606082991,88.0893462248957,12.2963310509268,3.47450588865302,26.3437302640754,113.276712237858,0.0643150937909323,0.257179416972827,0.144865046106155,-0.104974866092709,2.35382233217212
1,11.4,480.373155786511,61.6767350227197,88.6339629897404,12.2963310509268,3.47450588865302,26.3437302640754,113.276712237858,0.0643150937909323,0.257179416972827,0.144865046106155,-0.104974866092709,2.34123012969152
1,11.5,477.293545217226,61.346611373424,89.1725538990986,12.2963310509268,3.47450588865302,26.3437302640754,113.276712237858,0.0643150937909323,0.257179416972827,0.144865046106155,-0.104974866092709,2.32869873622573
1,11.6,474.233677635542,61.0181023370388,89.7051585884644,12.2963310509268,3.47450588865302,26.3437302640754,113.276712237858,0.0643150937909323,0.257179416972827,0.144865046106155,-0.104974866092709,2.31622863297566
1,11.7,471.193426471703,60.6912191789625,90.2318167294871,12.2963310509268,3.47450588865302,26.3437302640754,113.276712237858,0.0643150937909323,0.257179416972827,0.144865046106155,-0.104974866092709,2.3038202475724
1,11.8,468.172665967374,60.3659718405313,90.7525680118562,12.2963310509268,3.47450588865302,26.3437302640754,113.276712237858,0.0643150937909323,0.257179416972827,0.144865046106155,-0.104974866092709,2.29147395738604
1,11.9,465.171271170442,60.0423690210362,91.2674521263556,12.2963310509268,3.47450588865302,26.3437302640754,113.276712237858,0.0643150937909323,0.257179416972827,0.144865046106155,-0.104974866092709,2.27919009263906
1,12,462.189117929846,59.7204182548933,91.7765087490172,12.2963310509268,3.47450588865302,26.3437302640754,113.276712237858,0.0643150937909323,0.257179416972827,0.144865046106155,-0.104974866092709,2.26696893933557
1,12.1,459.22608289044,59.4001259842508,92.2797775263094,12.2963310509268,3.47450588865302,26.3437302640754,113.276712237858,0.0643150937909323,0.257179416972827,0.144865046106155,-0.104974866092709,2.25481074201758
1,12.2,456.282043487895,59.0814976273038,92.777298061298,12.2963310509268,3.47450588865302,26.3437302640754,113.276712237858,0.0643150937909323,0.257179416972827,0.144865046106155,-0.104974866092709,2.24271570635813
1,12.3,453.356877943622,58.7645376425663,93.2691099007228,12.2963310509268,3.47450588865302,26.3437302640754,113.276712237858,0.0643150937909323,0.257179416972827,0.144865046106155,-0.104974866092709,2.23068400160105
1,12.4,450.450465259743,58.4492495893413,93.7552525229341,12.2963310509268,3.47450588865302,26.3437302640754,113.276712237858,0.0643150937909323,0.257179416972827,0.144865046106155,-0.104974866092709,2.2187157628564
1,12.5,447.562685214078,58.1356361846096,94.2357653266397,12.2963310509268,3.47450588865302,26.3437302640754,113.276712237858,0.0643150937909323,0.257179416972827,0.144865046106155,-0.104974866092709,2.20681109325996
1,12.6,444.69341835518,57.8236993565505,94.7106876204121,12.2963310509268,3.47450588865302,26.3437302640754,113.276712237858,0.0643150937909323,0.257179416972827,0.144865046106155,-0.104974866092709,2.19497006600481
1,12.7,441.842545997386,57.5134402948904,95.1800586129119,12.2963310509268,3.47450588865302,26.3437302640754,113.276712237858,0.0643150937909323,0.257179416972827,0.144865046106155,-0.104974866092709,2.18319272625262
1,12.8,439.009950215914,57.2048594982676,95.6439174037847,12.2963310509268,3.47450588865302,26.3437302640754,113.276712237858,0.0643150937909323,0.257179416972827,0.144865046106155,-0.104974866092709,2.17147909293154
1,12.9,436.195513841982,56.8979568187877,96.1023029751904,12.2963310509268,3.47450588865302,26.3437302640754,113.276712237858,0.0643150937909323,0.257179416972827,0.144865046106155,-0.104974866092709,2.15982916042755
1,13,433.399120457961,56.5927315039355,96.5552541839277,12.2963310509268,3.47450588865302,26.3437302640754,113.276712237858,0.0643150937909323,0.257179416972827,0.144865046106155,-0.104974866092709,2.14824290017539
1,13.1,430.620654392563,56.2891822359984,97.0028097541184,12.2963310509268,3.47450588865302,26.3437302640754,113.276712237858,0.0643150937909323,0.257179416972827,0.144865046106155,-0.104974866092709,2.1367202621551
1,13.2,427.860000716051,55.9873071691485,97.4450082704175,12.2963310509268,3.47450588865302,26.3437302640754,113.276712237858,0.0643150937909323,0.257179416972827,0.144865046106155,-0.104974866092709,2.12526117629961
1,13.3,425.117045235489,55.6871039643199,97.8818881717174,12.2963310509268,3.47450588865302,26.3437302640754,113.276712237858,0.0643150937909323,0.257179416972827,0.144865046106155,-0.104974866092709,2.11386555381869
1,13.4,422.391674490018,55.3885698220125,98.3134877453177,12.2963310509268,3.47450588865302,26.3437302640754,113.276712237858,0.0643150937909323,0.257179416972827,0.144865046106155,-0.104974866092709,2.10253328844417
1,13.5,419.68377574616,55.091701513143,98.739845121531,12.2963310509268,3.47450588865302,26.3437302640754,113.276712237858,0.0643150937909323,0.257179416972827,0.144865046106155,-0.104974866092709,2.09126425760102
1,13.6,416.993236993159,54.7964954080587,99.1609982686996,12.2963310509268,3.47450588865302,26.3437302640754,113.276712237858,0.0643150937909323,0.257179416972827,0.144865046106155,-0.104974866092709,2.08005832350873
1,13.7,414.319946938343,54.5029475038222,99.5769849885985,12.2963310509268,3.47450588865302,26.3437302640754,113.276712237858,0.0643150937909323,0.257179416972827,0.144865046106155,-0.104974866092709,2.06891533421701
1,13.8,411.663795002526,54.2110534498683,99.9878429122001,12.2963310509268,3.47450588865302,26.3437302640754,113.276712237858,0.0643150937909323,0.257179416972827,0.144865046106155,-0.104974866092709,2.05783512457973
1,13.9,409.024671315429,53.9208085721298,100.39360949578,12.2963310509268,3.47450588865302,26.3437302640754,113.276712237858,0.0643150937909323,0.257179416972827,0.144865046106155,-0.104974866092709,2.04681751717071
1,14,406.402466711138,53.632207895721,100.794322017343,12.2963310509268,3.47450588865302,26.3437302640754,113.276712237858,0.0643150937909323,0.257179416972827,0.144865046106155,-0.104974866092709,2.03586232314482
1,14.1,403.797072723587,53.3452461662657,101.19001757335,12.2963310509268,3.47450588865302,26.3437302640754,113.276712237858,0.0643150937909323,0.257179416972827,0.144865046106155,-0.104974866092709,2.02496934304752
1,14.2,401.208381582073,53.0599178699476,101.580733075726,12.2963310509268,3.47450588865302,26.3437302640754,113.276712237858,0.0643150937909323,0.257179416972827,0.144865046106155,-0.104974866092709,2.01413836757601
1,14.3,398.636286206796,52.7762172523593,101.966505249133,12.2963310509268,3.47450588865302,26.3437302640754,113.276712237858,0.0643150937909323,0.257179416972827,0.144865046106155,-0.104974866092709,2.00336917829475
1,14.4,396.080680204431,52.4941383362208,102.347370628498,12.2963310509268,3.47450588865302,26.3437302640754,113.276712237858,0.0643150937909323,0.257179416972827,0.144865046106155,-0.104974866092709,1.992661548308
1,14.5,393.541457863728,52.2136749380338,102.723365556764,12.2963310509268,3.47450588865302,26.3437302640754,113.276712237858,0.0643150937909323,0.257179416972827,0.144865046106155,-0.104974866092709,1.98201524289204
1,14.6,391.018514151138,51.934820683734,103.09452618287,12.2963310509268,3.47450588865302,26.3437302640754,113.276712237858,0.0643150937909323,0.257179416972827,0.144865046106155,-0.104974866092709,1.97143002008933
1,14.7,388.511744706466,51.6575690234018,103.460888459931,12.2963310509268,3.47450588865302,26.3437302640754,113.276712237858,0.0643150937909323,0.257179416972827,0.144865046106155,-0.104974866092709,1.9609056312669
1,14.8,386.021045838562,51.3819132450851,103.822488143618,12.2963310509268,3.47450588865302,26.3437302640754,113.276712237858,0.0643150937909323,0.257179416972827,0.144865046106155,-0.104974866092709,1.95044182164111
1,14.9,383.546314521021,51.1078464877883,104.179360790712,12.2963310509268,3.47450588865302,26.3437302640754,113.276712237858,0.0643150937909323,0.257179416972827,0.144865046106155,-0.104974866092709,1.94003833077062
1,15,381.08744838793,50.8353617536752,104.531541757831,12.2963310509268,3.47450588865302,26.3437302640754,113.276712237858,0.0643150937909323,0.257179416972827,0.144865046106155,-0.104974866092709,1.92969489301972
1,15.1,378.644345729632,50.5644519195327,104.879066200321,12.2963310509268,3.47450588865302,26.3437302640754,113.276712237858,0.0643150937909323,0.257179416972827,0.144865046106155,-0.104974866092709,1.91941123799338
1,15.2,376.216905488514,50.2951097475398,105.221969071288,12.2963310509268,3.47450588865302,26.3437302640754,113.276712237858,0.0643150937909323,0.257179416972827,0.144865046106155,-0.104974866092709,1.90918709094614
1,15.3,373.805027254834,50.0273278953806,105.56028512078,12.2963310509268,3.47450588865302,26.3437302640754,113.276712237858,0.0643150937909323,0.257179416972827,0.144865046106155,-0.104974866092709,1.8990221731659
1,15.4,371.40861126256,49.7610989257427,105.894048895095,12.2963310509268,3.47450588865302,26.3437302640754,113.276712237858,0.0643150937909323,0.257179416972827,0.144865046106155,-0.104974866092709,1.88891620233454
1,15.5,369.027558385251,49.4964153152351,106.223294736211,12.2963310509268,3.47450588865302,26.3437302640754,113.276712237858,0.0643150937909323,0.257179416972827,0.144865046106155,-0.104974866092709,1.87886889286643
1,15.6,366.66177013195,49.2332694627612,106.548056781335,12.2963310509268,3.47450588865302,26.3437302640754,113.276712237858,0.0643150937909323,0.257179416972827,0.144865046106155,-0.104974866092709,1.86887995622625
1,15.7,364.311148643116,48.971653697378,106.868368962561,12.2963310509268,3.47450588865302,26.3437302640754,113.276712237858,0.0643150937909323,0.257179416972827,0.144865046106155,-0.104974866092709,1.85894910122733
1,15.8,361.975596686569,48.711560285673,107.184265006626,12.2963310509268,3.47450588865302,26.3437302640754,113.276712237858,0.0643150937909323,0.257179416972827,0.144865046106155,-0.104974866092709,1.84907603431168
1,15.9,359.655017653476,48.4529814386863,107.495778434761,12.2963310509268,3.47450588865302,26.3437302640754,113.276712237858,0.0643150937909323,0.257179416972827,0.144865046106155,-0.104974866092709,1.83926045981275
1,16,357.349315554347,48.1959093184053,107.802942562636,12.2963310509268,3.47450588865302,26.3437302640754,113.276712237858,0.0643150937909323,0.257179416972827,0.144865046106155,-0.104974866092709,1.82950208020196
1,16.1,355.058395015072,47.940336043857,108.10579050038,12.2963310509268,3.47450588865302,26.3437302640754,113.276712237858,0.0643150937909323,0.257179416972827,0.144865046106155,-0.104974866092709,1.81980059631998
1,16.2,352.782161272969,47.6862536968215,108.404355152685,12.2963310509268,3.47450588865302,26.3437302640754,113.276712237858,0.0643150937909323,0.257179416972827,0.144865046106155,-0.104974866092709,1.81015570759357
1,16.3,350.520520172869,47.4336543271901,108.698669218979,12.2963310509268,3.47450588865302,26.3437302640754,113.276712237858,0.0643150937909323,0.257179416972827,0.144865046106155,-0.104974866092709,1.80056711223903
1,16.4,348.27337816322,47.1825299579876,108.98876519367,12.2963310509268,3.47450588865302,26.3437302640754,113.276712237858,0.0643150937909323,0.257179416972827,0.144865046106155,-0.104974866092709,1.7910345074528
1,16.5,346.040642292216,46.9328725900794,109.274675366451,12.2963310509268,3.47450588865302,26.3437302640754,113.276712237858,0.0643150937909323,0.257179416972827,0.144865046106155,-0.104974866092709,1.78155758959016
1,16.6,343.822220203953,46.6846742065825,109.556431822662,12.2963310509268,3.47450588865302,26.3437302640754,113.276712237858,0.0643150937909323,0.257179416972827,0.144865046106155,-0.104974866092709,1.77213605433266
1,16.7,341.618020134611,46.4379267769967,109.834066443713,12.2963310509268,3.47450588865302,26.3437302640754,113.276712237858,0.0643150937909323,0.257179416972827,0.144865046106155,-0.104974866092709,1.76276959684497
1,16.8,339.427950908652,46.192622261074,110.107610907553,12.2963310509268,3.47450588865302,26.3437302640754,113.276712237858,0.0643150937909323,0.257179416972827,0.144865046106155,-0.104974866092709,1.7534579119217
1,16.9,337.251921935056,45.9487526124405,110.37709668919,12.2963310509268,3.47450588865302,26.3437302640754,113.276712237858,0.0643150937909323,0.257179416972827,0.144865046106155,-0.104974866092709,1.74420069412494
1,17,335.08984320357,45.7063097819863,110.642555061253,12.2963310509268,3.47450588865302,26.3437302640754,113.276712237858,0.0643150937909323,0.257179416972827,0.144865046106155,-0.104974866092709,1.73499763791294
1,17.1,332.941625280985,45.4652857210364,110.904017094599,12.2963310509268,3.47450588865302,26.3437302640754,113.276712237858,0.0643150937909323,0.257179416972827,0.144865046106155,-0.104974866092709,1.72584843776042
1,17.2,330.807179307434,45.2256723843169,111.161513658954,12.2963310509268,3.47450588865302,26.3437302640754,113.276712237858,0.0643150937909323,0.257179416972827,0.144865046106155,-0.104974866092709,1.71675278827124
1,17.3,328.686416992724,44.9874617327266,111.415075423593,12.2963310509268,3.47450588865302,26.3437302640754,113.276712237858,0.0643150937909323,0.257179416972827,0.144865046106155,-0.104974866092709,1.70771038428356
1,17.4,326.579250612676,44.7506457359278,111.664732858055,12.2963310509268,3.47450588865302,26.3437302640754,113.276712237858,0.0643150937909323,0.257179416972827,0.144865046106155,-0.104974866092709,1.69872092096819
1,17.5,324.485593005499,44.5152163747654,111.910516232882,12.2963310509268,3.47450588865302,26.3437302640754,113.276712237858,0.0643150937909323,0.257179416972827,0.144865046106155,-0.104974866092709,1.68978409392045
1,17.6,322.405357568187,44.2811656435253,112.152455620394,12.2963310509268,3.47450588865302,26.3437302640754,113.276712237858,0.0643150937909323,0.257179416972827,0.144865046106155,-0.104974866092709,1.68089959924586
1,17.7,320.338458252934,44.0484855520416,112.390580895485,12.2963310509268,3.47450588865302,26.3437302640754,113.276712237858,0.0643150937909323,0.257179416972827,0.144865046106155,-0.104974866092709,1.67206713364014
1,17.8,318.284809563575,43.8171681276609,112.624921736447,12.2963310509268,3.47450588865302,26.3437302640754,113.276712237858,0.0643150937909323,0.257179416972827,0.144865046106155,-0.104974866092709,1.6632863944638
1,17.9,316.244326552051,43.5872054170736,112.855507625816,12.2963310509268,3.47450588865302,26.3437302640754,113.276712237858,0.0643150937909323,0.257179416972827,0.144865046106155,-0.104974866092709,1.65455707981162
1,18,314.216924814892,43.358589488019,113.082367851232,12.2963310509268,3.47450588865302,26.3437302640754,113.276712237858,0.0643150937909323,0.257179416972827,0.144865046106155,-0.104974866092709,1.64587888857739
1,18.1,312.20252048973,43.1313124308715,113.305531506331,12.2963310509268,3.47450588865302,26.3437302640754,113.276712237858,0.0643150937909323,0.257179416972827,0.144865046106155,-0.104974866092709,1.63725152051413
1,18.2,310.201030251827,42.9053663601167,113.525027491643,12.2963310509268,3.47450588865302,26.3437302640754,113.276712237858,0.0643150937909323,0.257179416972827,0.144865046106155,-0.104974866092709,1.6286746762901
1,18.3,308.212371310628,42.6807434157215,113.74088451551,12.2963310509268,3.47450588865302,26.3437302640754,113.276712237858,0.0643150937909323,0.257179416972827,0.144865046106155,-0.104974866092709,1.62014805754084
1,18.4,306.23646140634,42.4574357644073,113.953131095019,12.2963310509268,3.47450588865302,26.3437302640754,113.276712237858,0.0643150937909323,0.257179416972827,0.144865046106155,-0.104974866092709,1.61167136691746
1,18.5,304.273218806526,42.2354356008297,114.161795556952,12.2963310509268,3.47450588865302,26.3437302640754,113.276712237858,0.0643150937909323,0.257179416972827,0.144865046106155,-0.104974866092709,1.60324430813147
1,18.6,302.322562302724,42.0147351486714,114.366906038735,12.2963310509268,3.47450588865302,26.3437302640754,113.276712237858,0.0643150937909323,0.257179416972827,0.144865046106155,-0.104974866092709,1.59486658599623
1,18.7,300.38441120709,41.7953266616539,114.568490489415,12.2963310509268,3.47450588865302,26.3437302640754,113.276712237858,0.0643150937909323,0.257179416972827,0.144865046106155,-0.104974866092709,1.58653790646535
1,18.8,298.45868534906,41.5772024244723,114.766576670637,12.2963310509268,3.47450588865302,26.3437302640754,113.276712237858,0.0643150937909323,0.257179416972827,0.144865046106155,-0.104974866092709,1.5782579766682
1,18.9,296.545305072031,41.3603547536574,114.961192157629,12.2963310509268,3.47450588865302,26.3437302640754,113.276712237858,0.0643150937909323,0.257179416972827,0.144865046106155,-0.104974866092709,1.57002650494262
1,19,294.644191230071,41.1447759983707,115.152364340199,12.2963310509268,3.47450588865302,26.3437302640754,113.276712237858,0.0643150937909323,0.257179416972827,0.144865046106155,-0.104974866092709,1.56184320086512
1,19.1,292.755265184642,40.9304585411352,115.340120423737,12.2963310509268,3.47450588865302,26.3437302640754,113.276712237858,0.0643150937909323,0.257179416972827,0.144865046106155,-0.104974866092709,1.55370777527857
1,19.2,290.878448801344,40.7173947985066,115.524487430227,12.2963310509268,3.47450588865302,26.3437302640754,113.276712237858,0.0643150937909323,0.257179416972827,0.144865046106155,-0.104974866092709,1.54561994031773
1,19.3,289.013664446692,40.5055772216884,115.705492199254,12.2963310509268,3.47450588865302,26.3437302640754,113.276712237858,0.0643150937909323,0.257179416972827,0.144865046106155,-0.104974866092709,1.53757940943259
1,19.4,287.160834984894,40.2949982970938,115.883161389031,12.2963310509268,3.47450588865302,26.3437302640754,113.276712237858,0.0643150937909323,0.257179416972827,0.144865046106155,-0.104974866092709,1.52958589740966
1,19.5,285.319883774671,40.085650546858,116.057521477413,12.2963310509268,3.47450588865302,26.3437302640754,113.276712237858,0.0643150937909323,0.257179416972827,0.144865046106155,-0.104974866092709,1.52163912039148
1,19.6,283.490734666076,39.8775265293044,116.22859876293,12.2963310509268,3.47450588865302,26.3437302640754,113.276712237858,0.0643150937909323,0.257179416972827,0.144865046106155,-0.104974866092709,1.51373879589425
1,19.7,281.673311997354,39.6706188393669,116.396419365811,12.2963310509268,3.47450588865302,26.3437302640754,113.276712237858,0.0643150937909323,0.257179416972827,0.144865046106155,-0.104974866092709,1.50588464282392
1,19.8,279.867540591805,39.4649201089705,116.56100922902,12.2963310509268,3.47450588865302,26.3437302640754,113.276712237858,0.0643150937909323,0.257179416972827,0.144865046106155,-0.104974866092709,1.4980763814906
1,19.9,278.073345754679,39.2604230073741,116.72239411928,12.2963310509268,3.47450588865302,26.3437302640754,113.276712237858,0.0643150937909323,0.257179416972827,0.144865046106155,-0.104974866092709,1.49031373362158
1,20,276.290653270083,39.057120241477,116.880599628115,12.2963310509268,3.47450588865302,26.3437302640754,113.276712237858,0.0643150937909323,0.257179416972827,0.144865046106155,-0.104974866092709,1.48259642237298
1,20.1,274.519389397912,38.8550045560912,117.035651172879,12.2963310509268,3.47450588865302,26.3437302640754,113.276712237858,0.0643150937909323,0.257179416972827,0.144865046106155,-0.104974866092709,1.47492417234006
1,20.2,272.759480870802,38.6540687341818,117.187573997791,12.2963310509268,3.47450588865302,26.3437302640754,113.276712237858,0.0643150937909323,0.257179416972827,0.144865046106155,-0.104974866092709,1.46729670956637
1,20.3,271.010854891095,38.4543055970781,117.33639317497,12.2963310509268,3.47450588865302,26.3437302640754,113.276712237858,0.0643150937909323,0.257179416972827,0.144865046106155,-0.104974866092709,1.45971376155175
1,20.4,269.273439127828,38.2557080046556,117.482133605469,12.2963310509268,3.47450588865302,26.3437302640754,113.276712237858,0.0643150937909323,0.257179416972827,0.144865046106155,-0.104974866092709,1.45217505725924
1,20.5,267.547161713746,38.058268855493,117.624820020307,12.2963310509268,3.47450588865302,26.3437302640754,113.276712237858,0.0643150937909323,0.257179416972827,0.144865046106155,-0.104974866092709,1.44468032712105
1,20.6,265.831951242322,37.8619810870039,117.764476981499,12.2963310509268,3.47450588865302,26.3437302640754,113.276712237858,0.0643150937909323,0.257179416972827,0.144865046106155,-0.104974866092709,1.43722930304353
1,20.7,264.127736764811,37.6668376755448,117.901128883087,12.2963310509268,3.47450588865302,26.3437302640754,113.276712237858,0.0643150937909323,0.257179416972827,0.144865046106155,-0.104974866092709,1.42982171841133
1,20.8,262.434447787306,37.4728316365032,118.03479995217,12.2963310509268,3.47450588865302,26.3437302640754,113.276712237858,0.0643150937909323,0.257179416972827,0.144865046106155,-0.104974866092709,1.42245730809066
1,20.9,260.752014267834,37.2799560243634,118.165514249924,12.2963310509268,3.47450588865302,26.3437302640754,113.276712237858,0.0643150937909323,0.257179416972827,0.144865046106155,-0.104974866092709,1.41513580843187
1,21,259.080366613446,37.0882039327548,118.293295672631,12.2963310509268,3.47450588865302,26.3437302640754,113.276712237858,0.0643150937909323,0.257179416972827,0.144865046106155,-0.104974866092709,1.40785695727121
1,21.1,257.419435677347,36.8975684944818,118.418167952698,12.2963310509268,3.47450588865302,26.3437302640754,113.276712237858,0.0643150937909323,0.257179416972827,0.144865046106155,-0.104974866092709,1.40062049393204
1,21.2,255.769152756035,36.7080428815373,118.540154659672,12.2963310509268,3.47450588865302,26.3437302640754,113.276712237858,0.0643150937909323,0.257179416972827,0.144865046106155,-0.104974866092709,1.39342615922528
1,21.3,254.129449586455,36.5196203051004,118.65927920126,12.2963310509268,3.47450588865302,26.3437302640754,113.276712237858,0.0643150937909323,0.257179416972827,0.144865046106155,-0.104974866092709,1.38627369544934
1,21.4,252.500258343177,36.3322940155201,118.775564824336,12.2963310509268,3.47450588865302,26.3437302640754,113.276712237858,0.0643150937909323,0.257179416972827,0.144865046106155,-0.104974866092709,1.37916284638953
1,21.5,250.881511635594,36.1460573022843,118.889034615952,12.2963310509268,3.47450588865302,26.3437302640754,113.276712237858,0.0643150937909323,0.257179416972827,0.144865046106155,-0.104974866092709,1.37209335731684
1,21.6,249.273142505129,35.9609034939776,118.999711504341,12.2963310509268,3.47450588865302,26.3437302640754,113.276712237858,0.0643150937909323,0.257179416972827,0.144865046106155,-0.104974866092709,1.36506497498637
1,21.7,247.675084422469,35.776825958226,119.107618259919,12.2963310509268,3.47450588865302,26.3437302640754,113.276712237858,0.0643150937909323,0.257179416972827,0.144865046106155,-0.104974866092709,1.35807744763521
1,21.8,246.087271284811,35.5938181016311,119.212777496282,12.2963310509268,3.47450588865302,26.3437302640754,113.276712237858,0.0643150937909323,0.257179416972827,0.144865046106155,-0.104974866092709,1.35113052497998
1,21.9,244.50963741313,35.4118733696939,119.315211671198,12.2963310509268,3.47450588865302,26.3437302640754,113.276712237858,0.0643150937909323,0.257179416972827,0.144865046106155,-0.104974866092709,1.34422395821387
1,22,242.942117549459,35.2309852467288,119.414943087597,12.2963310509268,3.47450588865302,26.3437302640754,113.276712237858,0.0643150937909323,0.257179416972827,0.144865046106155,-0.104974866092709,1.33735750000344
1,22.1,241.384646854194,35.051147255769,119.511993894554,12.2963310509268,3.47450588865302,26.3437302640754,113.276712237858,0.0643150937909323,0.257179416972827,0.144865046106155,-0.104974866092709,1.330530904485
1,22.2,239.837160903406,34.8723529584628,119.606386088274,12.2963310509268,3.47450588865302,26.3437302640754,113.276712237858,0.0643150937909323,0.257179416972827,0.144865046106155,-0.104974866092709,1.32374392726067
1,22.3,238.299595686182,34.6945959549633,119.69814151306,12.2963310509268,3.47450588865302,26.3437302640754,113.276712237858,0.0643150937909323,0.257179416972827,0.144865046106155,-0.104974866092709,1.3169963253942
1,22.4,236.771887601974,34.5178698838093,119.787281862294,12.2963310509268,3.47450588865302,26.3437302640754,113.276712237858,0.0643150937909323,0.257179416972827,0.144865046106155,-0.104974866092709,1.31028785740647
1,22.5,235.253973457969,34.3421684218014,119.873828679396,12.2963310509268,3.47450588865302,26.3437302640754,113.276712237858,0.0643150937909323,0.257179416972827,0.144865046106155,-0.104974866092709,1.30361828327074
1,22.6,233.745790466476,34.1674852838698,119.95780335879,12.2963310509268,3.47450588865302,26.3437302640754,113.276712237858,0.0643150937909323,0.257179416972827,0.144865046106155,-0.104974866092709,1.29698736440767
1,22.7,232.247276242325,33.9938142229379,120.039227146861,12.2963310509268,3.47450588865302,26.3437302640754,113.276712237858,0.0643150937909323,0.257179416972827,0.144865046106155,-0.104974866092709,1.29039486368014
1,22.8,230.758368800291,33.8211490297799,120.118121142909,12.2963310509268,3.47450588865302,26.3437302640754,113.276712237858,0.0643150937909323,0.257179416972827,0.144865046106155,-0.104974866092709,1.28384054538781
1,22.9,229.279006552531,33.6494835328734,120.194506300094,12.2963310509268,3.47450588865302,26.3437302640754,113.276712237858,0.0643150937909323,0.257179416972827,0.144865046106155,-0.104974866092709,1.27732417526157
1,23,227.809128306028,33.4788115982477,120.268403426381,12.2963310509268,3.47450588865302,26.3437302640754,113.276712237858,0.0643150937909323,0.257179416972827,0.144865046106155,-0.104974866092709,1.27084552045776
1,23.1,226.348673260071,33.3091271293274,120.339833185478,12.2963310509268,3.47450588865302,26.3437302640754,113.276712237858,0.0643150937909323,0.257179416972827,0.144865046106155,-0.104974866092709,1.26440434955222
1,23.2,224.897581003731,33.1404240667727,120.408816097769,12.2963310509268,3.47450588865302,26.3437302640754,113.276712237858,0.0643150937909323,0.257179416972827,0.144865046106155,-0.104974866092709,1.25800043253426
1,23.3,223.455791513368,32.9726963883158,120.475372541243,12.2963310509268,3.47450588865302,26.3437302640754,113.276712237858,0.0643150937909323,0.257179416972827,0.144865046106155,-0.104974866092709,1.25163354080042
1,23.4,222.023245150144,32.805938108594,120.539522752416,12.2963310509268,3.47450588865302,26.3437302640754,113.276712237858,0.0643150937909323,0.257179416972827,0.144865046106155,-0.104974866092709,1.24530344714814
1,23.5,220.599882657559,32.6401432789795,120.60128682725,12.2963310509268,3.47450588865302,26.3437302640754,113.276712237858,0.0643150937909323,0.257179416972827,0.144865046106155,-0.104974866092709,1.23900992576934
1,23.6,219.185645158998,32.4753059874075,120.660684722064,12.2963310509268,3.47450588865302,26.3437302640754,113.276712237858,0.0643150937909323,0.257179416972827,0.144865046106155,-0.104974866092709,1.23275275224381
1,23.7,217.780474155298,32.3114203582004,120.717736254446,12.2963310509268,3.47450588865302,26.3437302640754,113.276712237858,0.0643150937909323,0.257179416972827,0.144865046106155,-0.104974866092709,1.22653170353263
1,23.8,216.384311522325,32.1484805518906,120.772461104153,12.2963310509268,3.47450588865302,26.3437302640754,113.276712237858,0.0643150937909323,0.257179416972827,0.144865046106155,-0.104974866092709,1.22034655797137
1,23.9,214.997099508571,31.9864807650411,120.82487881401,12.2963310509268,3.47450588865302,26.3437302640754,113.276712237858,0.0643150937909323,0.257179416972827,0.144865046106155,-0.104974866092709,1.21419709526333
1,24,1213.61878073277,31.8254152300642,120.875008790799,12.2963310509268,3.47450588865302,26.3437302640754,113.276712237858,0.0643150937909323,0.257179416972827,0.144865046106155,-0.104974866092709,1.20808309647264
2,0,0,0,0,7.38542121518859,3.47450588865302,18.5420449096171,113.276712237858,0.0813112540647774,-0.252613561423178,-0.206324408696526,0.1295152234267,0
2,0,1000,0,0,7.38542121518859,3.47450588865302,18.5420449096171,113.276712237858,0.0813112540647774,-0.252613561423178,-0.206324408696526,0.1295152234267,0
2,0.1,991.901842777051,7.86533215159248,0.0744375840317502,7.38542121518859,3.47450588865302,18.5420449096171,113.276712237858,0.0813112540647774,-0.252613561423178,-0.206324408696526,0.1295152234267,0.424189035779597
2,0.2,983.86926570451,15.2199728666776,0.290978066653598,7.38542121518859,3.47450588865302,18.5420449096171,113.276712237858,0.0813112540647774,-0.252613561423178,-0.206324408696526,0.1295152234267,0.820835724477374
2,0.3,975.901737704007,22.093898268603,0.639914661462589,7.38542121518859,3.47450588865302,18.5420449096171,113.276712237858,0.0813112540647774,-0.252613561423178,-0.206324408696526,0.1295152234267,1.19155672291267
2,0.4,967.998731997931,28.5153470050815,1.11211473390285,7.38542121518859,3.47450588865302,18.5420449096171,113.276712237858,0.0813112540647774,-0.252613561423178,-0.206324408696526,0.1295152234267,1.53787498326528
2,0.5,960.159726074596,34.5109207817312,1.6989864853344,7.38542121518859,3.47450588865302,18.5420449096171,113.276712237858,0.0813112540647774,-0.252613561423178,-0.206324408696526,0.1295152234267,1.86122517499845
2,0.6,952.3842016537,40.1056790799625,2.39244756512567,7.38542121518859,3.47450588865302,18.5420449096171,113.276712237858,0.0813112540647774,-0.252613561423178,-0.206324408696526,0.1295152234267,2.16295879313511
2,0.7,944.671644652056,45.3232283956235,3.18489549923502,7.38542121518859,3.47450588865302,18.5420449096171,113.276712237858,0.0813112540647774,-0.252613561423178,-0.206324408696526,0.1295152234267,2.44434897103048
2,0.8,937.021545149602,50.1858063153561,4.0691798301988,7.38542121518859,3.47450588865302,18.5420449096171,113.276712237858,0.0813112540647774,-0.252613561423178,-0.206324408696526,0.1295152234267,2.70659501473467
2,0.9,929.43339735569,54.7143607292801,5.03857586952158,7.38542121518859,3.47450588865302,18.5420449096171,113.276712237858,0.0813112540647774,-0.252613561423178,-0.206324408696526,0.1295152234267,2.95082667505037
2,1,921.906699575644,58.9286244613493,6.0867599691916,7.38542121518859,3.47450588865302,18.5420449096171,113.276712237858,0.0813112540647774,-0.252613561423178,-0.206324408696526,0.1295152234267,3.17810817245864
2,1.1,914.44095417759,62.8471855824496,7.20778622444016,7.38542121518859,3.47450588865302,18.5420449096171,113.276712237858,0.0813112540647774,-0.252613561423178,-0.206324408696526,0.1295152234267,3.38944198920869
2,1.2,907.035667559557,66.4875536559745,8.39606452494704,7.38542121518859,3.47450588865302,18.5420449096171,113.276712237858,0.0813112540647774,-0.252613561423178,-0.206324408696526,0.1295152234267,3.58577244204007
2,1.3,899.690350116837,69.8662221511685,9.64633987648377,7.38542121518859,3.47450588865302,18.5420449096171,113.276712237858,0.0813112540647774,-0.252613561423178,-0.206324408696526,0.1295152234267,3.76798904822689
2,1.4,892.40451620962,72.9987272459184,10.9536729194992,7.38542121518859,3.47450588865302,18.5420449096171,113.276712237858,0.0813112540647774,-0.252613561423178,-0.206324408696526,0.1295152234267,3.93692969689964
2,1.5,885.177684130885,75.8997032278481,12.3134215754029,7.38542121518859,3.47450588865302,18.5420449096171,113.276712237858,0.0813112540647774,-0.252613561423178,-0.206324408696526,0.1295152234267,4.09338363690844
2,1.6,878.009376074547,78.5829346904925,13.7212237553076,7.38542121518859,3.47450588865302,18.5420449096171,113.276712237858,0.0813112540647774,-0.252613561423178,-0.206324408696526,0.1295152234267,4.23809429184017
2,1.7,870.899118103872,81.0614057099423,15.1729810697661,7.38542121518859,3.47450588865302,18.5420449096171,113.276712237858,0.0813112540647774,-0.252613561423178,-0.206324408696526,0.1295152234267,4.37176191218794
2,1.8,863.84644012014,83.3473461766291,16.6648434815928,7.38542121518859,3.47450588865302,18.5420449096171,113.276712237858,0.0813112540647774,-0.252613561423178,-0.206324408696526,0.1295152234267,4.49504607409292
2,1.9,856.850875831562,85.4522754468129,18.193194847211,7.38542121518859,3.47450588865302,18.5420449096171,113.276712237858,0.0813112540647774,-0.252613561423178,-0.206324408696526,0.1295152234267,4.60856803353398
2,2,849.911962722456,87.3870434688201,19.7546392951216,7.38542121518859,3.47450588865302,18.5420449096171,113.276712237858,0.0813112540647774,-0.252613561423178,-0.206324408696526,0.1295152234267,4.71291294432663
2,2.1,843.029242022665,89.1618695301056,21.3459883930637,7.38542121518859,3.47450588865302,18.5420449096171,113.276712237858,0.0813112540647774,-0.252613561423178,-0.206324408696526,0.1295152234267,4.80863194780962
2,2.2,836.202258677221,90.7863787627672,22.9642490582397,7.38542121518859,3.47450588865302,18.5420449096171,113.276712237858,0.0813112540647774,-0.252613561423178,-0.206324408696526,0.1295152234267,4.89624414164154
2,2.3,829.430561316268,92.2696365371769,24.6066121676135,7.38542121518859,3.47450588865302,18.5420449096171,113.276712237858,0.0813112540647774,-0.252613561423178,-0.206324408696526,0.1295152234267,4.97623843470036
2,2.4,822.71370222521,93.6201808658945,26.2704418277824,7.38542121518859,3.47450588865302,18.5420449096171,113.276712237858,0.0813112540647774,-0.252613561423178,-0.206324408696526,0.1295152234267,5.04907529467459
2,2.5,816.051237315116,94.846052932961,27.9532652662611,7.38542121518859,3.47450588865302,18.5420449096171,113.276712237858,0.0813112540647774,-0.252613561423178,-0.206324408696526,0.1295152234267,5.11518839455338
2,2.6,809.442726093356,95.9548258570118,29.6527633082276,7.38542121518859,3.47450588865302,18.5420449096171,113.276712237858,0.0813112540647774,-0.252613561423178,-0.206324408696526,0.1295152234267,5.17498616386391
2,2.7,802.88773163448,96.9536317903778,31.3667614048577,7.38542121518859,3.47450588865302,18.5420449096171,113.276712237858,0.0813112540647774,-0.252613561423178,-0.206324408696526,0.1295152234267,5.22885325016613
2,2.8,796.385820551327,97.8491874504317,33.0932211813361,7.38542121518859,3.47450588865302,18.5420449096171,113.276712237858,0.0813112540647774,-0.252613561423178,-0.206324408696526,0.1295152234267,5.27715189599615
2,2.9,789.936562966375,98.6478181738676,34.8302324744765,7.38542121518859,3.47450588865302,18.5420449096171,113.276712237858,0.0813112540647774,-0.252613561423178,-0.206324408696526,0.1295152234267,5.32022323614923
2,3,783.539532483317,99.3554805793589,36.5760058316248,7.38542121518859,3.47450588865302,18.5420449096171,113.276712237858,0.0813112540647774,-0.252613561423178,-0.206324408696526,0.1295152234267,5.35838851991059
2,3.1,777.194306158871,99.9777839190943,38.3288654441543,7.38542121518859,3.47450588865302,18.5420449096171,113.276712237858,0.0813112540647774,-0.252613561423178,-0.206324408696526,0.1295152234267,5.39195026257537
2,3.2,770.900464474816,100.520010195036,40.0872424904108,7.38542121518859,3.47450588865302,18.5420449096171,113.276712237858,0.0813112540647774,-0.252613561423178,-0.206324408696526,0.1295152234267,5.42119333034838
2,3.3,764.657591310254,100.987133111359,41.8496688644146,7.38542121518859,3.47450588865302,18.5420449096171,113.276712237858,0.0813112540647774,-0.252613561423178,-0.206324408696526,0.1295152234267,5.44638596247712
2,3.4,758.465273914102,101.383835930388,43.6147712680016,7.38542121518859,3.47450588865302,18.5420449096171,113.276712237858,0.0813112540647774,-0.252613561423178,-0.206324408696526,0.1295152234267,5.46778073424922
2,3.5,752.323102877799,101.714528295475,45.381265645373,7.38542121518859,3.47450588865302,18.5420449096171,113.276712237858,0.0813112540647774,-0.252613561423178,-0.206324408696526,0.1295152234267,5.48561546427488
2,3.6,746.230672108238,101.983362080559,47.1479519402435,7.38542121518859,3.47450588865302,18.5420449096171,113.276712237858,0.0813112540647774,-0.252613561423178,-0.206324408696526,0.1295152234267,5.50011406927742
2,3.7,740.187578800918,102.194246322727,48.9137091569187,7.38542121518859,3.47450588865302,18.5420449096171,113.276712237858,0.0813112540647774,-0.252613561423178,-0.206324408696526,0.1295152234267,5.51148736942832
2,3.8,734.193423413314,102.350861290816,50.6774907077189,7.38542121518859,3.47450588865302,18.5420449096171,113.276712237858,0.0813112540647774,-0.252613561423178,-0.206324408696526,0.1295152234267,5.51993384708769
2,3.9,728.247809638458,102.456671740025,52.4383200301771,7.38542121518859,3.47450588865302,18.5420449096171,113.276712237858,0.0813112540647774,-0.252613561423178,-0.206324408696526,0.1295152234267,5.52564036164559
2,4,722.350344378738,102.514939399649,54.1952864584029,7.38542121518859,3.47450588865302,18.5420449096171,113.276712237858,0.0813112540647774,-0.252613561423178,-0.206324408696526,0.1295152234267,5.52878282300343
2,4.1,716.500637719907,102.528734738262,55.9475413339033,7.38542121518859,3.47450588865302,18.5420449096171,113.276712237858,0.0813112540647774,-0.252613561423178,-0.206324408696526,0.1295152234267,5.52952682608833
2,4.2,710.698302905308,102.50094804818,57.6942943420046,7.38542121518859,3.47450588865302,18.5420449096171,113.276712237858,0.0813112540647774,-0.252613561423178,-0.206324408696526,0.1295152234267,5.52802824865429
2,4.3,704.942956310298,102.434299888558,59.4348100608201,7.38542121518859,3.47450588865302,18.5420449096171,113.276712237858,0.0813112540647774,-0.252613561423178,-0.206324408696526,0.1295152234267,5.52443381449415
2,4.4,699.234217416887,102.33135092424,61.1684047104628,7.38542121518859,3.47450588865302,18.5420449096171,113.276712237858,0.0813112540647774,-0.252613561423178,-0.206324408696526,0.1295152234267,5.51888162406316
2,4.5,693.571708788579,102.194511195301,62.8944430909168,7.38542121518859,3.47450588865302,18.5420449096171,113.276712237858,0.0813112540647774,-0.252613561423178,-0.206324408696526,0.1295152234267,5.5115016543993
2,4.6,687.95505604542,102.026048850228,64.6123356976469,7.38542121518859,3.47450588865302,18.5420449096171,113.276712237858,0.0813112540647774,-0.252613561423178,-0.206324408696526,0.1295152234267,5.50241623011658
2,4.7,682.383887839241,101.828098373756,66.3215360046617,7.38542121518859,3.47450588865302,18.5420449096171,113.276712237858,0.0813112540647774,-0.252613561423178,-0.206324408696526,0.1295152234267,5.49174046714457
2,4.8,676.857835829112,101.602668338604,68.0215379053392,7.38542121518859,3.47450588865302,18.5420449096171,113.276712237858,0.0813112540647774,-0.252613561423178,-0.206324408696526,0.1295152234267,5.47958269079083
2,4.9,671.376534656983,101.351648708638,69.7118733018818,7.38542121518859,3.47450588865302,18.5420449096171,113.276712237858,0.0813112540647774,-0.252613561423178,-0.206324408696526,0.1295152234267,5.46604482961156
2,5,665.939621923532,101.076817719425,71.3921098348017,7.38542121518859,3.47450588865302,18.5420449096171,113.276712237858,0.0813112540647774,-0.252613561423178,-0.206324408696526,0.1295152234267,5.45122278648997
2,5.1,660.546738164204,100.779848360619,73.0618487443287,7.38542121518859,3.47450588865302,18.5420449096171,113.276712237858,0.0813112540647774,-0.252613561423178,-0.206324408696526,0.1295152234267,5.4352067882409
2,5.2,655.197526825444,100.462314483205,74.7207228561064,7.38542121518859,3.47450588865302,18.5420449096171,113.276712237858,0.0813112540647774,-0.252613561423178,-0.206324408696526,0.1295152234267,5.41808171498379
2,5.3,649.891634241124,100.125696553321,76.3683946839821,7.38542121518859,3.47450588865302,18.5420449096171,113.276712237858,0.0813112540647774,-0.252613561423178,-0.206324408696526,0.1295152234267,5.39992741045456
2,5.4,644.62870960916,99.7713870730829,78.004554643112,7.38542121518859,3.47450588865302,18.5420449096171,113.276712237858,0.0813112540647774,-0.252613561423178,-0.206324408696526,0.1295152234267,5.38081897435892
2,5.5,639.408404968318,99.4006956876903,79.6289193669964,7.38542121518859,3.47450588865302,18.5420449096171,113.276712237858,0.0813112540647774,-0.252613561423178,-0.206324408696526,0.1295152234267,5.3608270378061
2,5.6,634.23037517521,99.0148539969545,81.2412301224277,7.38542121518859,3.47450588865302,18.5420449096171,113.276712237858,0.0813112540647774,-0.252613561423178,-0.206324408696526,0.1295152234267,5.34001802280173
2,5.7,629.094277881471,98.6150200883515,82.8412513166838,7.38542121518859,3.47450588865302,18.5420449096171,113.276712237858,0.0813112540647774,-0.252613561423178,-0.206324408696526,0.1295152234267,5.31845438672211
2,5.8,623.999773511129,98.2022828077071,84.4287690916255,7.38542121518859,3.47450588865302,18.5420449096171,113.276712237858,0.0813112540647774,-0.252613561423178,-0.206324408696526,0.1295152234267,5.29619485263856
2,5.9,618.946525238151,97.7776657826943,86.0035899996664,7.38542121518859,3.47450588865302,18.5420449096171,113.276712237858,0.0813112540647774,-0.252613561423178,-0.206324408696526,0.1295152234267,5.27329462631063
2,6,613.934198964175,97.3421312134408,87.5655397568766,7.38542121518859,3.47450588865302,18.5420449096171,113.276712237858,0.0813112540647774,-0.252613561423178,-0.206324408696526,0.1295152234267,5.24980560061921
2,6.1,608.962463296418,96.896583443722,89.1144620687508,7.38542121518859,3.47450588865302,18.5420449096171,113.276712237858,0.0813112540647774,-0.252613561423178,-0.206324408696526,0.1295152234267,5.22577654816622
2,6.2,604.030989525769,96.4418723254305,90.650217524436,7.38542121518859,3.47450588865302,18.5420449096171,113.276712237858,0.0813112540647774,-0.252613561423178,-0.206324408696526,0.1295152234267,5.2012533027255
2,6.3,599.139451605056,95.9787963882822,92.1726825554535,7.38542121518859,3.47450588865302,18.5420449096171,113.276712237858,0.0813112540647774,-0.252613561423178,-0.206324408696526,0.1295152234267,5.1762789301897
2,6.4,594.287526127487,95.5081058260273,93.6817484551789,7.38542121518859,3.47450588865302,18.5420449096171,113.276712237858,0.0813112540647774,-0.252613561423178,-0.206324408696526,0.1295152234267,5.15089388962113
2,6.5,589.474892305269,95.0305053097802,95.1773204555636,7.38542121518859,3.47450588865302,18.5420449096171,113.276712237858,0.0813112540647774,-0.252613561423178,-0.206324408696526,0.1295152234267,5.12513618497878
2,6.6,584.7012319484,94.5466566384706,96.6593168577799,7.38542121518859,3.47450588865302,18.5420449096171,113.276712237858,0.0813112540647774,-0.252613561423178,-0.206324408696526,0.1295152234267,5.0990415080611
2,6.7,579.96622944363,94.0571812358392,98.1276682136689,7.38542121518859,3.47450588865302,18.5420449096171,113.276712237858,0.0813112540647774,-0.252613561423178,-0.206324408696526,0.1295152234267,5.07264337317266
2,6.8,575.269571733594,93.5626625028546,99.5823165550454,7.38542121518859,3.47450588865302,18.5420449096171,113.276712237858,0.0813112540647774,-0.252613561423178,-0.206324408696526,0.1295152234267,5.04597324399354
2,6.9,570.610948296117,93.0636480339174,101.02321466809,7.38542121518859,3.47450588865302,18.5420449096171,113.276712237858,0.0813112540647774,-0.252613561423178,-0.206324408696526,0.1295152234267,5.01906065310243
2,7,565.990051123679,92.5606517047303,102.450325410215,7.38542121518859,3.47450588865302,18.5420449096171,113.276712237858,0.0813112540647774,-0.252613561423178,-0.206324408696526,0.1295152234267,4.9919333145786
2,7.1,561.406574703055,92.0541556392598,103.863621066941,7.38542121518859,3.47450588865302,18.5420449096171,113.276712237858,0.0813112540647774,-0.252613561423178,-0.206324408696526,0.1295152234267,4.9646172300831
2,7.2,556.860215995112,91.5446120627851,105.263082746475,7.38542121518859,3.47450588865302,18.5420449096171,113.276712237858,0.0813112540647774,-0.252613561423178,-0.206324408696526,0.1295152234267,4.93713678879637
2,7.3,552.350674414778,91.0324450476227,106.648699809785,7.38542121518859,3.47450588865302,18.5420449096171,113.276712237858,0.0813112540647774,-0.252613561423178,-0.206324408696526,0.1295152234267,4.90951486156779
2,7.4,547.877651811165,90.5180521577383,108.020469334141,7.38542121518859,3.47450588865302,18.5420449096171,113.276712237858,0.0813112540647774,-0.252613561423178,-0.206324408696526,0.1295152234267,4.88177288961207
2,7.5,543.440852447858,90.0018059980945,109.378395608163,7.38542121518859,3.47450588865302,18.5420449096171,113.276712237858,0.0813112540647774,-0.252613561423178,-0.206324408696526,0.1295152234267,4.85393096806781
2,7.6,539.039982983362,89.4840556742468,110.722489656547,7.38542121518859,3.47450588865302,18.5420449096171,113.276712237858,0.0813112540647774,-0.252613561423178,-0.206324408696526,0.1295152234267,4.82600792471571
2,7.7,534.674752451707,88.9651281673795,112.052768792773,7.38542121518859,3.47450588865302,18.5420449096171,113.276712237858,0.0813112540647774,-0.252613561423178,-0.206324408696526,0.1295152234267,4.79802139413633
2,7.8,530.344872243212,88.4453296296758,113.369256198139,7.38542121518859,3.47450588865302,18.5420449096171,113.276712237858,0.0813112540647774,-0.252613561423178,-0.206324408696526,0.1295152234267,4.76998788757125
2,7.9,526.050056085401,87.9249466046298,114.671980525625,7.38542121518859,3.47450588865302,18.5420449096171,113.276712237858,0.0813112540647774,-0.252613561423178,-0.206324408696526,0.1295152234267,4.74192285873637
2,8,521.790020024081,87.4042471766437,115.960975527123,7.38542121518859,3.47450588865302,18.5420449096171,113.276712237858,0.0813112540647774,-0.252613561423178,-0.206324408696526,0.1295152234267,4.71384076582137
2,8.1,517.56448240456,86.8834820540027,117.236279702695,7.38542121518859,3.47450588865302,18.5420449096171,113.276712237858,0.0813112540647774,-0.252613561423178,-0.206324408696526,0.1295152234267,4.68575512989613
2,8.2,513.373163853033,86.3628855890807,118.49793597057,7.38542121518859,3.47450588865302,18.5420449096171,113.276712237858,0.0813112540647774,-0.252613561423178,-0.206324408696526,0.1295152234267,4.65767858993197
2,8.3,509.215787258109,85.8426767394101,119.745991356681,7.38542121518859,3.47450588865302,18.5420449096171,113.276712237858,0.0813112540647774,-0.252613561423178,-0.206324408696526,0.1295152234267,4.62962295463358
2,8.4,505.092077752485,85.3230599730366,120.98049670261,7.38542121518859,3.47450588865302,18.5420449096171,113.276712237858,0.0813112540647774,-0.252613561423178,-0.206324408696526,0.1295152234267,4.6015992512661
2,8.5,501.001762694779,84.8042261213838,122.201506390867,7.38542121518859,3.47450588865302,18.5420449096171,113.276712237858,0.0813112540647774,-0.252613561423178,-0.206324408696526,0.1295152234267,4.57361777165143
2,8.6,496.944571651502,84.2863531826637,123.409078086503,7.38542121518859,3.47450588865302,18.5420449096171,113.276712237858,0.0813112540647774,-0.252613561423178,-0.206324408696526,0.1295152234267,4.5456881154973
2,8.7,492.920236379177,83.7696070786957,124.603272494103,7.38542121518859,3.47450588865302,18.5420449096171,113.276712237858,0.0813112540647774,-0.252613561423178,-0.206324408696526,0.1295152234267,4.51781923121367
2,8.8,488.928490806606,83.2541423678298,125.784153129269,7.38542121518859,3.47450588865302,18.5420449096171,113.276712237858,0.0813112540647774,-0.252613561423178,-0.206324408696526,0.1295152234267,4.49001945436173
2,8.9,484.969071017274,82.7401029165139,126.951786103752,7.38542121518859,3.47450588865302,18.5420449096171,113.276712237858,0.0813112540647774,-0.252613561423178,-0.206324408696526,0.1295152234267,4.46229654387254
2,9,481.041715231909,82.2276225318991,128.106239923435,7.38542121518859,3.47450588865302,18.5420449096171,113.276712237858,0.0813112540647774,-0.252613561423178,-0.206324408696526,0.1295152234267,4.43465771616433
2,9.1,477.146163791164,81.7168255577371,129.247585298432,7.38542121518859,3.47450588865302,18.5420449096171,113.276712237858,0.0813112540647774,-0.252613561423178,-0.206324408696526,0.1295152234267,4.40710967728017
2,9.2,473.282159138456,81.2078274356939,130.375894964577,7.38542121518859,3.47450588865302,18.5420449096171,113.276712237858,0.0813112540647774,-0.252613561423178,-0.206324408696526,0.1295152234267,4.37965865316043
2,9.3,469.449445802936,80.7007352340821,131.491243515666,7.38542121518859,3.47450588865302,18.5420449096171,113.276712237858,0.0813112540647774,-0.252613561423178,-0.206324408696526,0.1295152234267,4.35231041815811
2,9.4,465.647770382598,80.1956481458963,132.593707245814,7.38542121518859,3.47450588865302,18.5420449096171,113.276712237858,0.0813112540647774,-0.252613561423178,-0.206324408696526,0.1295152234267,4.32507032189862
2,9.5,461.876881527524,79.6926579579291,133.683364001329,7.38542121518859,3.47450588865302,18.5420449096171,113.276712237858,0.0813112540647774,-0.252613561423178,-0.206324408696526,0.1295152234267,4.2979433145799
2,9.6,458.136529923268,79.1918494926407,134.760293041573,7.38542121518859,3.47450588865302,18.5420449096171,113.276712237858,0.0813112540647774,-0.252613561423178,-0.206324408696526,0.1295152234267,4.27093397080311
2,9.7,454.426468274373,78.69330102436,135.824574908263,7.38542121518859,3.47450588865302,18.5420449096171,113.276712237858,0.0813112540647774,-0.252613561423178,-0.206324408696526,0.1295152234267,4.24404651201899
2,9.8,450.746451288018,78.1970846713018,136.87629130274,7.38542121518859,3.47450588865302,18.5420449096171,113.276712237858,0.0813112540647774,-0.252613561423178,-0.206324408696526,0.1295152234267,4.21728482766988
2,9.9,447.096235657801,77.7032667648006,137.915524970722,7.38542121518859,3.47450588865302,18.5420449096171,113.276712237858,0.0813112540647774,-0.252613561423178,-0.206324408696526,0.1295152234267,4.19065249510309
2,10,443.475580047656,77.2119081970795,138.942359594127,7.38542121518859,3.47450588865302,18.5420449096171,113.276712237858,0.0813112540647774,-0.252613561423178,-0.206324408696526,0.1295152234267,4.16415279832659
2,10.1,439.884245075891,76.7230647487976,139.956879689535,7.38542121518859,3.47450588865302,18.5420449096171,113.276712237858,0.0813112540647774,-0.252613561423178,-0.206324408696526,0.1295152234267,4.13778874567411
2,10.2,436.321993299368,76.2367873975446,140.959170512909,7.38542121518859,3.47450588865302,18.5420449096171,113.276712237858,0.0813112540647774,-0.252613561423178,-0.206324408696526,0.1295152234267,4.11156308644271
2,10.3,432.7885891978,75.7531226083874,141.949317970219,7.38542121518859,3.47450588865302,18.5420449096171,113.276712237858,0.0813112540647774,-0.252613561423178,-0.206324408696526,0.1295152234267,4.0854783265624
2,10.4,429.283799158178,75.2721126075069,142.927408533605,7.38542121518859,3.47450588865302,18.5420449096171,113.276712237858,0.0813112540647774,-0.252613561423178,-0.206324408696526,0.1295152234267,4.0595367433538
2,10.5,425.80739145933,74.7937956399039,143.893529162769,7.38542121518859,3.47450588865302,18.5420449096171,113.276712237858,0.0813112540647774,-0.252613561423178,-0.206324408696526,0.1295152234267,4.03374039942655
2,10.6,422.359136256598,74.3182062120973,144.847767231295,7.38542121518859,3.47450588865302,18.5420449096171,113.276712237858,0.0813112540647774,-0.252613561423178,-0.206324408696526,0.1295152234267,4.00809115576843
2,10.7,418.938805566643,73.845375320682,145.790210457589,7.38542121518859,3.47450588865302,18.5420449096171,113.276712237858,0.0813112540647774,-0.252613561423178,-0.206324408696526,0.1295152234267,3.9825906840718
2,10.8,415.54617325237,73.375330667567,146.720946840192,7.38542121518859,3.47450588865302,18.5420449096171,113.276712237858,0.0813112540647774,-0.252613561423178,-0.206324408696526,0.1295152234267,3.95724047834173
2,10.9,412.181015007978,72.9080968626639,147.640064597195,7.38542121518859,3.47450588865302,18.5420449096171,113.276712237858,0.0813112540647774,-0.252613561423178,-0.206324408696526,0.1295152234267,3.93204186582727
2,11,408.843108344128,72.4436956147529,148.547652109516,7.38542121518859,3.47450588865302,18.5420449096171,113.276712237858,0.0813112540647774,-0.252613561423178,-0.206324408696526,0.1295152234267,3.90699601731516
2,11.1,405.532232573238,71.9821459112106,149.443797867828,7.38542121518859,3.47450588865302,18.5420449096171,113.276712237858,0.0813112540647774,-0.252613561423178,-0.206324408696526,0.1295152234267,3.88210395682279
2,11.2,402.248168794887,71.5234641872456,150.328590422897,7.38542121518859,3.47450588865302,18.5420449096171,113.276712237858,0.0813112540647774,-0.252613561423178,-0.206324408696526,0.1295152234267,3.85736657072537
2,11.3,398.990699881342,71.0676644852485,151.202118339163,7.38542121518859,3.47450588865302,18.5420449096171,113.276712237858,0.0813112540647774,-0.252613561423178,-0.206324408696526,0.1295152234267,3.83278461634985
2,11.4,395.759610463209,70.6147586048297,152.06447015134,7.38542121518859,3.47450588865302,18.5420449096171,113.276712237858,0.0813112540647774,-0.252613561423178,-0.206324408696526,0.1295152234267,3.80835873006673
2,11.5,392.554686915185,70.1647562440838,152.915734323885,7.38542121518859,3.47450588865302,18.5420449096171,113.276712237858,0.0813112540647774,-0.252613561423178,-0.206324408696526,0.1295152234267,3.78408943490865
2,11.6,389.37571734194,69.7176651325896,153.755999213146,7.38542121518859,3.47450588865302,18.5420449096171,113.276712237858,0.0813112540647774,-0.252613561423178,-0.206324408696526,0.1295152234267,3.75997714774326
2,11.7,386.222491564106,69.2734911566241,154.585353032056,7.38542121518859,3.47450588865302,18.5420449096171,113.276712237858,0.0813112540647774,-0.252613561423178,-0.206324408696526,0.1295152234267,3.73602218602622
2,11.8,383.094801104381,68.8322384770414,155.403883817187,7.38542121518859,3.47450588865302,18.5420449096171,113.276712237858,0.0813112540647774,-0.252613561423178,-0.206324408696526,0.1295152234267,3.71222477415856
2,11.9,379.992439173743,68.3939096402417,156.211679398067,7.38542121518859,3.47450588865302,18.5420449096171,113.276712237858,0.0813112540647774,-0.252613561423178,-0.206324408696526,0.1295152234267,3.68858504947144
2,12,376.915200657783,67.9585056826319,157.00882736859,7.38542121518859,3.47450588865302,18.5420449096171,113.276712237858,0.0813112540647774,-0.252613561423178,-0.206324408696526,0.1295152234267,3.6651030678598
2,12.1,373.862882103136,67.5260262289527,157.795415060415,7.38542121518859,3.47450588865302,18.5420449096171,113.276712237858,0.0813112540647774,-0.252613561423178,-0.206324408696526,0.1295152234267,3.64177880908536
2,12.2,370.83528170404,67.0964695848302,158.571529518237,7.38542121518859,3.47450588865302,18.5420449096171,113.276712237858,0.0813112540647774,-0.252613561423178,-0.206324408696526,0.1295152234267,3.61861218176802
2,12.3,367.832199288984,66.669832823885,159.337257476802,7.38542121518859,3.47450588865302,18.5420449096171,113.276712237858,0.0813112540647774,-0.252613561423178,-0.206324408696526,0.1295152234267,3.59560302808379
2,12.4,364.853436307479,66.2461118697153,160.092685339589,7.38542121518859,3.47450588865302,18.5420449096171,113.276712237858,0.0813112540647774,-0.252613561423178,-0.206324408696526,0.1295152234267,3.57275112818629
2,12.5,361.898795816928,65.8253015730515,160.837899159028,7.38542121518859,3.47450588865302,18.5420449096171,113.276712237858,0.0813112540647774,-0.252613561423178,-0.206324408696526,0.1295152234267,3.55005620436774
2,12.6,358.968082469606,65.4073957843604,161.572984618199,7.38542121518859,3.47450588865302,18.5420449096171,113.276712237858,0.0813112540647774,-0.252613561423178,-0.206324408696526,0.1295152234267,3.52751792497471
2,12.7,356.061102499747,64.9923874221657,162.298027013883,7.38542121518859,3.47450588865302,18.5420449096171,113.276712237858,0.0813112540647774,-0.252613561423178,-0.206324408696526,0.1295152234267,3.50513590809266
2,12.8,353.177663710728,64.580268537331,163.013111240925,7.38542121518859,3.47450588865302,18.5420449096171,113.276712237858,0.0813112540647774,-0.252613561423178,-0.206324408696526,0.1295152234267,3.48290972501288
2,12.9,350.317575462364,64.171030373541,163.7183217778,7.38542121518859,3.47450588865302,18.5420449096171,113.276712237858,0.0813112540647774,-0.252613561423178,-0.206324408696526,0.1295152234267,3.46083890349428
2,13,347.480648658308,63.7646634242002,164.413742673323,7.38542121518859,3.47450588865302,18.5420449096171,113.276712237858,0.0813112540647774,-0.252613561423178,-0.206324408696526,0.1295152234267,3.43892293083206
2,13.1,344.66669573354,63.3611574859583,165.099457534435,7.38542121518859,3.47450588865302,18.5420449096171,113.276712237858,0.0813112540647774,-0.252613561423178,-0.206324408696526,0.1295152234267,3.4171612567444
2,13.2,341.875530641976,62.9605017090573,165.775549514995,7.38542121518859,3.47450588865302,18.5420449096171,113.276712237858,0.0813112540647774,-0.252613561423178,-0.206324408696526,0.1295152234267,3.39555329608774
2,13.3,339.106968844158,62.5626846446852,166.442101305523,7.38542121518859,3.47450588865302,18.5420449096171,113.276712237858,0.0813112540647774,-0.252613561423178,-0.206324408696526,0.1295152234267,3.37409843141066
2,13.4,336.36082729506,62.1676942895093,167.099195123828,7.38542121518859,3.47450588865302,18.5420449096171,113.276712237858,0.0813112540647774,-0.252613561423178,-0.206324408696526,0.1295152234267,3.35279601535562
2,13.5,333.636924431984,61.7755181275543,167.746912706481,7.38542121518859,3.47450588865302,18.5420449096171,113.276712237858,0.0813112540647774,-0.252613561423178,-0.206324408696526,0.1295152234267,3.3316453729175
2,13.6,330.935080162552,61.3861431695786,168.385335301068,7.38542121518859,3.47450588865302,18.5420449096171,113.276712237858,0.0813112540647774,-0.252613561423178,-0.206324408696526,0.1295152234267,3.31064580356721
2,13.7,328.255115852807,60.9995559900932,169.014543659182,7.38542121518859,3.47450588865302,18.5420449096171,113.276712237858,0.0813112540647774,-0.252613561423178,-0.206324408696526,0.1295152234267,3.28979658324821
2,13.8,325.596854315393,60.6157427621631,169.634618030112,7.38542121518859,3.47450588865302,18.5420449096171,113.276712237858,0.0813112540647774,-0.252613561423178,-0.206324408696526,0.1295152234267,3.26909696625337
2,13.9,322.96011979785,60.2346892901161,170.245638155174,7.38542121518859,3.47450588865302,18.5420449096171,113.276712237858,0.0813112540647774,-0.252613561423178,-0.206324408696526,0.1295152234267,3.24854618698903
2,14,320.344737970984,59.8563810402847,170.847683262665,7.38542121518859,3.47450588865302,18.5420449096171,113.276712237858,0.0813112540647774,-0.252613561423178,-0.206324408696526,0.1295152234267,3.22814346163293
2,14.1,317.750535917351,59.4808031698922,171.440832063379,7.38542121518859,3.47450588865302,18.5420449096171,113.276712237858,0.0813112540647774,-0.252613561423178,-0.206324408696526,0.1295152234267,3.2078879896921
2,14.2,315.177342119816,59.1079405541934,172.025162746667,7.38542121518859,3.47450588865302,18.5420449096171,113.276712237858,0.0813112540647774,-0.252613561423178,-0.206324408696526,0.1295152234267,3.18777895546657
2,14.3,312.624986450218,58.7377778119697,172.600752976999,7.38542121518859,3.47450588865302,18.5420449096171,113.276712237858,0.0813112540647774,-0.252613561423178,-0.206324408696526,0.1295152234267,3.1678155294244
2,14.4,310.093300158122,58.3702993294756,173.167679890999,7.38542121518859,3.47450588865302,18.5420449096171,113.276712237858,0.0813112540647774,-0.252613561423178,-0.206324408696526,0.1295152234267,3.14799686949312
2,14.5,307.582115859658,58.005489282926,173.726020094925,7.38542121518859,3.47450588865302,18.5420449096171,113.276712237858,0.0813112540647774,-0.252613561423178,-0.206324408696526,0.1295152234267,3.12832212227253
2,14.6,305.09126752646,57.64333165961,174.275849662563,7.38542121518859,3.47450588865302,18.5420449096171,113.276712237858,0.0813112540647774,-0.252613561423178,-0.206324408696526,0.1295152234267,3.10879042417336
2,14.7,302.620590474681,57.2838102777108,174.817244133508,7.38542121518859,3.47450588865302,18.5420449096171,113.276712237858,0.0813112540647774,-0.252613561423178,-0.206324408696526,0.1295152234267,3.0894009024862
2,14.8,300.169921354116,56.9269088049065,175.350278511816,7.38542121518859,3.47450588865302,18.5420449096171,113.276712237858,0.0813112540647774,-0.252613561423178,-0.206324408696526,0.1295152234267,3.07015267638471
2,14.9,297.73909813739,56.5726107758251,175.875027264988,7.38542121518859,3.47450588865302,18.5420449096171,113.276712237858,0.0813112540647774,-0.252613561423178,-0.206324408696526,0.1295152234267,3.05104485786694
2,15,295.327960109254,56.2208996084173,176.391564323285,7.38542121518859,3.47450588865302,18.5420449096171,113.276712237858,0.0813112540647774,-0.252613561423178,-0.206324408696526,0.1295152234267,3.03207655263835
2,15.1,292.936347855957,55.8717586193134,176.899963079331,7.38542121518859,3.47450588865302,18.5420449096171,113.276712237858,0.0813112540647774,-0.252613561423178,-0.206324408696526,0.1295152234267,3.01324686094006
2,15.2,290.564103254703,55.5251710382217,177.400296388003,7.38542121518859,3.47450588865302,18.5420449096171,113.276712237858,0.0813112540647774,-0.252613561423178,-0.206324408696526,0.1295152234267,2.99455487832535
2,15.3,288.211069463201,55.181120021425,177.892636566575,7.38542121518859,3.47450588865302,18.5420449096171,113.276712237858,0.0813112540647774,-0.252613561423178,-0.206324408696526,0.1295152234267,2.97599969638756
2,15.4,285.877090909294,54.8395886644279,178.377055395116,7.38542121518859,3.47450588865302,18.5420449096171,113.276712237858,0.0813112540647774,-0.252613561423178,-0.206324408696526,0.1295152234267,2.95758040344215
2,15.5,283.562013280671,54.5005600138049,178.853624117107,7.38542121518859,3.47450588865302,18.5420449096171,113.276712237858,0.0813112540647774,-0.252613561423178,-0.206324408696526,0.1295152234267,2.93929608516574
2,15.6,281.265683514668,54.1640170782953,179.322413440273,7.38542121518859,3.47450588865302,18.5420449096171,113.276712237858,0.0813112540647774,-0.252613561423178,-0.206324408696526,0.1295152234267,2.92114582519441
2,15.7,278.987949788146,53.8299428391897,179.783493537617,7.38542121518859,3.47450588865302,18.5420449096171,113.276712237858,0.0813112540647774,-0.252613561423178,-0.206324408696526,0.1295152234267,2.90312870568391
2,15.8,276.728661507453,53.4983202600497,180.236934048632,7.38542121518859,3.47450588865302,18.5420449096171,113.276712237858,0.0813112540647774,-0.252613561423178,-0.206324408696526,0.1295152234267,2.88524380783384
2,15.9,274.48766929847,53.1691322957988,180.682804080694,7.38542121518859,3.47450588865302,18.5420449096171,113.276712237858,0.0813112540647774,-0.252613561423178,-0.206324408696526,0.1295152234267,2.86749021237792
2,16,272.26482499673,52.8423619012234,181.121172210608,7.38542121518859,3.47450588865302,18.5420449096171,113.276712237858,0.0813112540647774,-0.252613561423178,-0.206324408696526,0.1295152234267,2.84986700004248
2,16.1,270.059981637628,52.5179920389161,181.552106486305,7.38542121518859,3.47450588865302,18.5420449096171,113.276712237858,0.0813112540647774,-0.252613561423178,-0.206324408696526,0.1295152234267,2.83237325197486
2,16.2,267.8729934467,52.1960056866962,181.975674428679,7.38542121518859,3.47450588865302,18.5420449096171,113.276712237858,0.0813112540647774,-0.252613561423178,-0.206324408696526,0.1295152234267,2.81500805014359
2,16.3,265.703715829986,51.8763858445372,182.391943033551,7.38542121518859,3.47450588865302,18.5420449096171,113.276712237858,0.0813112540647774,-0.252613561423178,-0.206324408696526,0.1295152234267,2.79777047771202
2,16.4,263.552005364473,51.55911554103,182.800978773753,7.38542121518859,3.47450588865302,18.5420449096171,113.276712237858,0.0813112540647774,-0.252613561423178,-0.206324408696526,0.1295152234267,2.78065961938686
2,16.5,261.417719788608,51.2441778394103,183.202847601325,7.38542121518859,3.47450588865302,18.5420449096171,113.276712237858,0.0813112540647774,-0.252613561423178,-0.206324408696526,0.1295152234267,2.76367456174328
2,16.6,259.300717992895,50.9315558431744,183.597614949804,7.38542121518859,3.47450588865302,18.5420449096171,113.276712237858,0.0813112540647774,-0.252613561423178,-0.206324408696526,0.1295152234267,2.74681439352776
2,16.7,257.200860010565,50.6212327013093,183.985345736623,7.38542121518859,3.47450588865302,18.5420449096171,113.276712237858,0.0813112540647774,-0.252613561423178,-0.206324408696526,0.1295152234267,2.73007820594016
2,16.8,255.118007008322,50.3131916131588,184.366104365584,7.38542121518859,3.47450588865302,18.5420449096171,113.276712237858,0.0813112540647774,-0.252613561423178,-0.206324408696526,0.1295152234267,2.71346509289615
2,16.9,253.052021277163,50.0074158329475,184.739954729417,7.38542121518859,3.47450588865302,18.5420449096171,113.276712237858,0.0813112540647774,-0.252613561423178,-0.206324408696526,0.1295152234267,2.69697415127122
2,17,251.002766223276,49.703888673983,185.106960212413,7.38542121518859,3.47450588865302,18.5420449096171,113.276712237858,0.0813112540647774,-0.252613561423178,-0.206324408696526,0.1295152234267,2.68060448112729
2,17.1,248.970106359004,49.4025935125553,185.467183693121,7.38542121518859,3.47450588865302,18.5420449096171,113.276712237858,0.0813112540647774,-0.252613561423178,-0.206324408696526,0.1295152234267,2.66435518592299
2,17.2,246.953907293895,49.103513791552,185.820687547112,7.38542121518859,3.47450588865302,18.5420449096171,113.276712237858,0.0813112540647774,-0.252613561423178,-0.206324408696526,0.1295152234267,2.64822537270869
2,17.3,244.954035725807,48.8066330238047,186.167533649797,7.38542121518859,3.47450588865302,18.5420449096171,113.276712237858,0.0813112540647774,-0.252613561423178,-0.206324408696526,0.1295152234267,2.63221415230692
2,17.4,242.970359432104,48.5119347951846,186.507783379297,7.38542121518859,3.47450588865302,18.5420449096171,113.276712237858,0.0813112540647774,-0.252613561423178,-0.206324408696526,0.1295152234267,2.61632063947937
2,17.5,241.002747260906,48.2194027674609,186.841497619355,7.38542121518859,3.47450588865302,18.5420449096171,113.276712237858,0.0813112540647774,-0.252613561423178,-0.206324408696526,0.1295152234267,2.60054395308099
2,17.6,239.051069122425,47.9290206809365,187.168736762302,7.38542121518859,3.47450588865302,18.5420449096171,113.276712237858,0.0813112540647774,-0.252613561423178,-0.206324408696526,0.1295152234267,2.58488321620219
2,17.7,237.115195980357,47.6407723568745,187.489560712051,7.38542121518859,3.47450588865302,18.5420449096171,113.276712237858,0.0813112540647774,-0.252613561423178,-0.206324408696526,0.1295152234267,2.56933755629968
2,17.8,235.194999843358,47.354641699728,187.804028887127,7.38542121518859,3.47450588865302,18.5420449096171,113.276712237858,0.0813112540647774,-0.252613561423178,-0.206324408696526,0.1295152234267,2.55390610531672
2,17.9,233.290353756575,47.0706126991854,188.112200223734,7.38542121518859,3.47450588865302,18.5420449096171,113.276712237858,0.0813112540647774,-0.252613561423178,-0.206324408696526,0.1295152234267,2.53858799979346
2,18,231.401131793257,46.7886694320411,188.41413317884,7.38542121518859,3.47450588865302,18.5420449096171,113.276712237858,0.0813112540647774,-0.252613561423178,-0.206324408696526,0.1295152234267,2.52338238096778
2,18.1,229.527209046427,46.508796063904,188.709885733294,7.38542121518859,3.47450588865302,18.5420449096171,113.276712237858,0.0813112540647774,-0.252613561423178,-0.206324408696526,0.1295152234267,2.50828839486747
2,18.2,227.668461620624,46.230976850752,188.999515394958,7.38542121518859,3.47450588865302,18.5420449096171,113.276712237858,0.0813112540647774,-0.252613561423178,-0.206324408696526,0.1295152234267,2.49330519239405
2,18.3,225.824766623713,45.9551961403422,189.283079201862,7.38542121518859,3.47450588865302,18.5420449096171,113.276712237858,0.0813112540647774,-0.252613561423178,-0.206324408696526,0.1295152234267,2.47843192939884
2,18.4,223.996002158759,45.6814383734873,189.560633725372,7.38542121518859,3.47450588865302,18.5420449096171,113.276712237858,0.0813112540647774,-0.252613561423178,-0.206324408696526,0.1295152234267,2.46366776675176
2,18.5,222.182047315965,45.409688085203,189.832235073369,7.38542121518859,3.47450588865302,18.5420449096171,113.276712237858,0.0813112540647774,-0.252613561423178,-0.206324408696526,0.1295152234267,2.44901187040328
2,18.6,220.382782164684,45.1399299057375,190.097938893443,7.38542121518859,3.47450588865302,18.5420449096171,113.276712237858,0.0813112540647774,-0.252613561423178,-0.206324408696526,0.1295152234267,2.43446341143986
2,18.7,218.598087745483,44.8721485614891,190.357800376092,7.38542121518859,3.47450588865302,18.5420449096171,113.276712237858,0.0813112540647774,-0.252613561423178,-0.206324408696526,0.1295152234267,2.42002156613349
2,18.8,216.827846062284,44.6063288758179,190.611874257931,7.38542121518859,3.47450588865302,18.5420449096171,113.276712237858,0.0813112540647774,-0.252613561423178,-0.206324408696526,0.1295152234267,2.40568551598547
2,18.9,215.071940074558,44.34245576976,190.860214824898,7.38542121518859,3.47450588865302,18.5420449096171,113.276712237858,0.0813112540647774,-0.252613561423178,-0.206324408696526,0.1295152234267,2.39145444776488
2,19,213.33025368959,44.0805142626487,191.102875915474,7.38542121518859,3.47450588865302,18.5420449096171,113.276712237858,0.0813112540647774,-0.252613561423178,-0.206324408696526,0.1295152234267,2.37732755354215
2,19.1,211.6026717548,43.8204894726489,191.339910923891,7.38542121518859,3.47450588865302,18.5420449096171,113.276712237858,0.0813112540647774,-0.252613561423178,-0.206324408696526,0.1295152234267,2.36330403071782
2,19.2,209.889080050134,43.5623666172113,191.571372803353,7.38542121518859,3.47450588865302,18.5420449096171,113.276712237858,0.0813112540647774,-0.252613561423178,-0.206324408696526,0.1295152234267,2.34938308204706
2,19.3,208.189365280508,43.3061310134492,191.797314069242,7.38542121518859,3.47450588865302,18.5420449096171,113.276712237858,0.0813112540647774,-0.252613561423178,-0.206324408696526,0.1295152234267,2.33556391566002
2,19.4,206.50341506832,43.0517680784451,192.01778680233,7.38542121518859,3.47450588865302,18.5420449096171,113.276712237858,0.0813112540647774,-0.252613561423178,-0.206324408696526,0.1295152234267,2.32184574507829
2,19.5,204.831117946021,42.7992633294894,192.23284265198,7.38542121518859,3.47450588865302,18.5420449096171,113.276712237858,0.0813112540647774,-0.252613561423178,-0.206324408696526,0.1295152234267,2.30822778922787
2,19.6,203.172363348742,42.5486023842578,192.442532839349,7.38542121518859,3.47450588865302,18.5420449096171,113.276712237858,0.0813112540647774,-0.252613561423178,-0.206324408696526,0.1295152234267,2.29470927244866
2,19.7,201.527041606985,42.2997709609295,192.646908160571,7.38542121518859,3.47450588865302,18.5420449096171,113.276712237858,0.0813112540647774,-0.252613561423178,-0.206324408696526,0.1295152234267,2.28128942450086
2,19.8,199.895043939376,42.0527548782503,192.846018989948,7.38542121518859,3.47450588865302,18.5420449096171,113.276712237858,0.0813112540647774,-0.252613561423178,-0.206324408696526,0.1295152234267,2.26796748056839
2,19.9,198.276262445467,41.8075400555457,193.039915283116,7.38542121518859,3.47450588865302,18.5420449096171,113.276712237858,0.0813112540647774,-0.252613561423178,-0.206324408696526,0.1295152234267,2.25474268125958
2,20,196.670590098605,41.5641125126849,193.228646580216,7.38542121518859,3.47450588865302,18.5420449096171,113.276712237858,0.0813112540647774,-0.252613561423178,-0.206324408696526,0.1295152234267,2.24161427260523
2,20.1,195.077920738856,41.322458370001,193.412262009042,7.38542121518859,3.47450588865302,18.5420449096171,113.276712237858,0.0813112540647774,-0.252613561423178,-0.206324408696526,0.1295152234267,2.2285815060543
2,20.2,193.498149065987,41.082563848169,193.590810288182,7.38542121518859,3.47450588865302,18.5420449096171,113.276712237858,0.0813112540647774,-0.252613561423178,-0.206324408696526,0.1295152234267,2.21564363846735
2,20.3,191.931170632501,40.844415268045,193.764339730153,7.38542121518859,3.47450588865302,18.5420449096171,113.276712237858,0.0813112540647774,-0.252613561423178,-0.206324408696526,0.1295152234267,2.20279993210784
2,20.4,190.376881836734,40.6079990504694,193.932898244509,7.38542121518859,3.47450588865302,18.5420449096171,113.276712237858,0.0813112540647774,-0.252613561423178,-0.206324408696526,0.1295152234267,2.19004965463153
2,20.5,188.835179916006,40.3733017160355,194.096533340951,7.38542121518859,3.47450588865302,18.5420449096171,113.276712237858,0.0813112540647774,-0.252613561423178,-0.206324408696526,0.1295152234267,2.17739207907404
2,20.6,187.305962939822,40.1403098848274,194.255292132411,7.38542121518859,3.47450588865302,18.5420449096171,113.276712237858,0.0813112540647774,-0.252613561423178,-0.206324408696526,0.1295152234267,2.16482648383664
2,20.7,185.789129803139,39.9090102761284,194.409221338129,7.38542121518859,3.47450588865302,18.5420449096171,113.276712237858,0.0813112540647774,-0.252613561423178,-0.206324408696526,0.1295152234267,2.15235215267055
2,20.8,184.284580219679,39.6793897081013,194.558367286707,7.38542121518859,3.47450588865302,18.5420449096171,113.276712237858,0.0813112540647774,-0.252613561423178,-0.206324408696526,0.1295152234267,2.13996837465974
2,20.9,182.792214715295,39.4514350974447,194.702775919157,7.38542121518859,3.47450588865302,18.5420449096171,113.276712237858,0.0813112540647774,-0.252613561423178,-0.206324408696526,0.1295152234267,2.12767444420236
2,21,181.311934621399,39.2251334590248,194.842492791929,7.38542121518859,3.47450588865302,18.5420449096171,113.276712237858,0.0813112540647774,-0.252613561423178,-0.206324408696526,0.1295152234267,2.11546966099085
2,21.1,179.843642068438,39.0004719054857,194.977563079914,7.38542121518859,3.47450588865302,18.5420449096171,113.276712237858,0.0813112540647774,-0.252613561423178,-0.206324408696526,0.1295152234267,2.10335332999099
2,21.2,178.38723997942,38.7774376468394,195.108031579449,7.38542121518859,3.47450588865302,18.5420449096171,113.276712237858,0.0813112540647774,-0.252613561423178,-0.206324408696526,0.1295152234267,2.09132476141975
2,21.3,176.942632063499,38.5560179900375,195.233942711284,7.38542121518859,3.47450588865302,18.5420449096171,113.276712237858,0.0813112540647774,-0.252613561423178,-0.206324408696526,0.1295152234267,2.0793832707222
2,21.4,175.509722809606,38.3362003385253,195.35534052355,7.38542121518859,3.47450588865302,18.5420449096171,113.276712237858,0.0813112540647774,-0.252613561423178,-0.206324408696526,0.1295152234267,2.06752817854743
2,21.5,174.088417480138,38.1179721917797,195.472268694695,7.38542121518859,3.47450588865302,18.5420449096171,113.276712237858,0.0813112540647774,-0.252613561423178,-0.206324408696526,0.1295152234267,2.05575881072369
2,21.6,172.678622104689,37.9013211448333,195.584770536413,7.38542121518859,3.47450588865302,18.5420449096171,113.276712237858,0.0813112540647774,-0.252613561423178,-0.206324408696526,0.1295152234267,2.04407449823268
2,21.7,171.280243473843,37.6862348877841,195.692888996547,7.38542121518859,3.47450588865302,18.5420449096171,113.276712237858,0.0813112540647774,-0.252613561423178,-0.206324408696526,0.1295152234267,2.0324745771831
2,21.8,169.893189133007,37.4727012052934,195.796666661982,7.38542121518859,3.47450588865302,18.5420449096171,113.276712237858,0.0813112540647774,-0.252613561423178,-0.206324408696526,0.1295152234267,2.02095838878363
2,21.9,168.5173673763,37.2607079760722,195.896145761507,7.38542121518859,3.47450588865302,18.5420449096171,113.276712237858,0.0813112540647774,-0.252613561423178,-0.206324408696526,0.1295152234267,2.00952527931514
2,22,167.152687240489,37.0502431723574,195.991368168676,7.38542121518859,3.47450588865302,18.5420449096171,113.276712237858,0.0813112540647774,-0.252613561423178,-0.206324408696526,0.1295152234267,1.99817460010253
2,22.1,165.799058498977,36.8412948593782,196.082375404633,7.38542121518859,3.47450588865302,18.5420449096171,113.276712237858,0.0813112540647774,-0.252613561423178,-0.206324408696526,0.1295152234267,1.9869057074859
2,22.2,164.456391655835,36.6338511948144,196.169208640931,7.38542121518859,3.47450588865302,18.5420449096171,113.276712237858,0.0813112540647774,-0.252613561423178,-0.206324408696526,0.1295152234267,1.97571796279135
2,22.3,163.124597939887,36.4279004282468,196.251908702325,7.38542121518859,3.47450588865302,18.5420449096171,113.276712237858,0.0813112540647774,-0.252613561423178,-0.206324408696526,0.1295152234267,1.96461073230132
2,22.4,161.80358929884,36.2234309006004,196.330516069548,7.38542121518859,3.47450588865302,18.5420449096171,113.276712237858,0.0813112540647774,-0.252613561423178,-0.206324408696526,0.1295152234267,1.9535833872246
2,22.5,160.49327839346,36.0204310435818,196.40507088207,7.38542121518859,3.47450588865302,18.5420449096171,113.276712237858,0.0813112540647774,-0.252613561423178,-0.206324408696526,0.1295152234267,1.94263530366596
2,22.6,159.193578591804,35.8188893791107,196.475612940836,7.38542121518859,3.47450588865302,18.5420449096171,113.276712237858,0.0813112540647774,-0.252613561423178,-0.206324408696526,0.1295152234267,1.93176586259548
2,22.7,157.904403963483,35.6187945187462,196.542181710984,7.38542121518859,3.47450588865302,18.5420449096171,113.276712237858,0.0813112540647774,-0.252613561423178,-0.206324408696526,0.1295152234267,1.92097444981767
2,22.8,156.625669273991,35.4201351631096,196.604816324546,7.38542121518859,3.47450588865302,18.5420449096171,113.276712237858,0.0813112540647774,-0.252613561423178,-0.206324408696526,0.1295152234267,1.91026045594024
2,22.9,155.357289979061,35.2229001013022,196.663555583129,7.38542121518859,3.47450588865302,18.5420449096171,113.276712237858,0.0813112540647774,-0.252613561423178,-0.206324408696526,0.1295152234267,1.8996232763428
2,23,154.099182219079,35.0270782103211,196.718437960577,7.38542121518859,3.47450588865302,18.5420449096171,113.276712237858,0.0813112540647774,-0.252613561423178,-0.206324408696526,0.1295152234267,1.88906231114529
2,23.1,152.851262813541,34.8326584544712,196.769501605613,7.38542121518859,3.47450588865302,18.5420449096171,113.276712237858,0.0813112540647774,-0.252613561423178,-0.206324408696526,0.1295152234267,1.8785769651763
2,23.2,151.61344925555,34.6396298847752,196.816784344467,7.38542121518859,3.47450588865302,18.5420449096171,113.276712237858,0.0813112540647774,-0.252613561423178,-0.206324408696526,0.1295152234267,1.86816664794123
2,23.3,150.385659706365,34.4479816383819,196.860323683472,7.38542121518859,3.47450588865302,18.5420449096171,113.276712237858,0.0813112540647774,-0.252613561423178,-0.206324408696526,0.1295152234267,1.8578307735904
2,23.4,149.167812989986,34.2577029379729,196.900156811657,7.38542121518859,3.47450588865302,18.5420449096171,113.276712237858,0.0813112540647774,-0.252613561423178,-0.206324408696526,0.1295152234267,1.84756876088703
2,23.5,147.95982858779,34.0687830911679,196.936320603312,7.38542121518859,3.47450588865302,18.5420449096171,113.276712237858,0.0813112540647774,-0.252613561423178,-0.206324408696526,0.1295152234267,1.83738003317518
2,23.6,146.761626633206,33.8812114899293,196.968851620534,7.38542121518859,3.47450588865302,18.5420449096171,113.276712237858,0.0813112540647774,-0.252613561423178,-0.206324408696526,0.1295152234267,1.82726401834764
2,23.7,145.573127906434,33.6949776099669,196.997786115755,7.38542121518859,3.47450588865302,18.5420449096171,113.276712237858,0.0813112540647774,-0.252613561423178,-0.206324408696526,0.1295152234267,1.81722014881382
2,23.8,144.394253829211,33.5100710101418,197.023160034255,7.38542121518859,3.47450588865302,18.5420449096171,113.276712237858,0.0813112540647774,-0.252613561423178,-0.206324408696526,0.1295152234267,1.8072478614676
2,23.9,143.224926459612,33.3264813318705,197.045009016649,7.38542121518859,3.47450588865302,18.5420449096171,113.276712237858,0.0813112540647774,-0.252613561423178,-0.206324408696526,0.1295152234267,1.79734659765522
2,24,1142.0650684869,33.14419829853,197.063368401361,7.38542121518859,3.47450588865302,18.5420449096171,113.276712237858,0.0813112540647774,-0.252613561423178,-0.206324408696526,0.1295152234267,1.78751580314312
3,0,0,0,0,8.58280524035574,3.47450588865302,25.0370555210952,113.276712237858,0.0675202147615011,-0.102360701212707,0.0939916883804083,-0.0563421789359644,0
3,0,1000,0,0,8.58280524035574,3.47450588865302,25.0370555210952,113.276712237858,0.0675202147615011,-0.102360701212707,0.0939916883804083,-0.0563421789359644,0
3,0.1,993.270722203463,6.56968266099366,0.0459562672638913,8.58280524035574,3.47450588865302,25.0370555210952,113.276712237858,0.0675202147615011,-0.102360701212707,0.0939916883804083,-0.0563421789359644,0.262398374100273
3,0.2,986.58672758659,12.7865442066172,0.180336667164668,8.58280524035574,3.47450588865302,25.0370555210952,113.276712237858,0.0675202147615011,-0.102360701212707,0.0939916883804083,-0.0563421789359644,0.510704790978468
3,0.3,979.947711426284,18.6677277276256,0.398101440023348,8.58280524035574,3.47450588865302,25.0370555210952,113.276712237858,0.0675202147615011,-0.102360701212707,0.0939916883804083,-0.0563421789359644,0.745603959375212
3,0.4,973.353371050016,24.2295535860456,0.694458049271028,8.58280524035574,3.47450588865302,25.0370555210952,113.276712237858,0.0675202147615011,-0.102360701212707,0.0939916883804083,-0.0563421789359644,0.967747727588444
3,0.5,966.803405822025,29.4875588328624,1.06484929988511,8.58280524035574,3.47450588865302,25.0370555210952,113.276712237858,0.0675202147615011,-0.102360701212707,0.0939916883804083,-0.0563421789359644,1.1777566578473
3,0.6,960.297517129611,34.4565347376129,1.50494202619814,8.58280524035574,3.47450588865302,25.0370555210952,113.276712237858,0.0675202147615011,-0.102360701212707,0.0939916883804083,-0.0563421789359644,1.37622152527406
3,0.7,953.835408369522,39.1505625203226,2.01061632180585,8.58280524035574,3.47450588865302,25.0370555210952,113.276712237858,0.0675202147615011,-0.102360701212707,0.0939916883804083,-0.0563421789359644,1.56370474504624
3,0.8,947.41678493443,43.5830473718892,2.57795528560701,8.58280524035574,3.47450588865302,25.0370555210952,113.276712237858,0.0675202147615011,-0.102360701212707,0.0939916883804083,-0.0563421789359644,1.7407417311979
3,0.9,941.041354199505,47.7667508448939,3.20323525925196,8.58280524035574,3.47450588865302,25.0370555210952,113.276712237858,0.0675202147615011,-0.102360701212707,0.0939916883804083,-0.0563421789359644,1.90784219033454
3,1,934.708825509068,51.713821692894,3.88291653246044,8.58280524035574,3.47450588865302,25.0370555210952,113.276712237858,0.0675202147615011,-0.102360701212707,0.0939916883804083,-0.0563421789359644,2.06549135337908
3,1.1,928.418910163343,55.4358252325107,4.61363449379706,8.58280524035574,3.47450588865302,25.0370555210952,113.276712237858,0.0675202147615011,-0.102360701212707,0.0939916883804083,-0.0563421789359644,2.21415114831705
3,1.2,922.171321405296,58.9437712990676,5.39219120556629,8.58280524035574,3.47450588865302,25.0370555210952,113.276712237858,0.0675202147615011,-0.102360701212707,0.0939916883804083,-0.0563421789359644,2.35426131676722
3,1.3,915.965774407561,62.2481408631474,6.21554738251072,8.58280524035574,3.47450588865302,25.0370555210952,113.276712237858,0.0675202147615011,-0.102360701212707,0.0939916883804083,-0.0563421789359644,2.48624047706807
3,1.4,909.801986259452,65.3589113722047,7.08081475496955,8.58280524035574,3.47450588865302,25.0370555210952,113.276712237858,0.0675202147615011,-0.102360701212707,0.0939916883804083,-0.0563421789359644,2.61048713644206
3,1.5,903.679675954072,68.2855808783034,7.98524879808088,8.58280524035574,3.47450588865302,25.0370555210952,113.276712237858,0.0675202147615011,-0.102360701212707,0.0939916883804083,-0.0563421789359644,2.72738065467677
3,1.6,897.598564375493,71.0371910101205,8.92624180949324,8.58280524035574,3.47450588865302,25.0370555210952,113.276712237858,0.0675202147615011,-0.102360701212707,0.0939916883804083,-0.0563421789359644,2.83728216164507
3,1.7,891.558374286038,73.622348844575,9.90131631889192,8.58280524035574,3.47450588865302,25.0370555210952,113.276712237858,0.0675202147615011,-0.102360701212707,0.0939916883804083,-0.0563421789359644,2.9405354308754
3,1.8,885.558830313638,76.0492477307857,10.9081188134452,8.58280524035574,3.47450588865302,25.0370555210952,113.276712237858,0.0675202147615011,-0.102360701212707,0.0939916883804083,-0.0563421789359644,3.03746771127738
3,1.9,879.599658939282,78.3256871165423,11.9444137640367,8.58280524035574,3.47450588865302,25.0370555210952,113.276712237858,0.0675202147615011,-0.102360701212707,0.0939916883804083,-0.0563421789359644,3.12839051902682
3,2,873.680588484541,80.4590914250652,13.0080779378759,8.58280524035574,3.47450588865302,25.0370555210952,113.276712237858,0.0675202147615011,-0.102360701212707,0.0939916883804083,-0.0563421789359644,3.21360039151863
3,2.1,867.801349099187,82.4565280275449,14.097094983767,8.58280524035574,3.47450588865302,25.0370555210952,113.276712237858,0.0675202147615011,-0.102360701212707,0.0939916883804083,-0.0563421789359644,3.29337960520439
3,2.2,861.961672748889,84.3247243547713,15.2095502769758,8.58280524035574,3.47450588865302,25.0370555210952,113.276712237858,0.0675202147615011,-0.102360701212707,0.0939916883804083,-0.0563421789359644,3.3679968590445
3,2.3,856.161293202995,86.0700841890891,16.3436260112589,8.58280524035574,3.47450588865302,25.0370555210952,113.276712237858,0.0675202147615011,-0.102360701212707,0.0939916883804083,-0.0563421789359644,3.43770792522187
3,2.4,850.39994602239,87.6987031759394,17.4975965262139,8.58280524035574,3.47450588865302,25.0370555210952,113.276712237858,0.0675202147615011,-0.102360701212707,0.0939916883804083,-0.0563421789359644,3.50275626868535
3,2.5,844.677368547445,89.2163835923702,18.6698238586786,8.58280524035574,3.47450588865302,25.0370555210952,113.276712237858,0.0675202147615011,-0.102360701212707,0.0939916883804083,-0.0563421789359644,3.56337363701574
3,2.6,838.993299886042,90.628648408103,19.8587535074462,8.58280524035574,3.47450588865302,25.0370555210952,113.276712237858,0.0675202147615011,-0.102360701212707,0.0939916883804083,-0.0563421789359644,3.61978062203612
3,2.7,833.347480901676,91.9407546730433,21.0629104010765,8.58280524035574,3.47450588865302,25.0370555210952,113.276712237858,0.0675202147615011,-0.102360701212707,0.0939916883804083,-0.0563421789359644,3.67218719451965
3,2.8,827.739654201645,93.1577062634961,22.2808950590749,8.58280524035574,3.47450588865302,25.0370555210952,113.276712237858,0.0675202147615011,-0.102360701212707,0.0939916883804083,-0.0563421789359644,3.72079321328361
3,2.9,822.169564125313,94.2842660178033,23.511379937175,8.58280524035574,3.47450588865302,25.0370555210952,113.276712237858,0.0675202147615011,-0.102360701212707,0.0939916883804083,-0.0563421789359644,3.7657889098965
3,3,816.636956732456,95.3249672906497,24.7531059479055,8.58280524035574,3.47450588865302,25.0370555210952,113.276712237858,0.0675202147615011,-0.102360701212707,0.0939916883804083,-0.0563421789359644,3.80735535016618
3,3.1,811.141579791685,96.2841249538811,26.004879148043,8.58280524035574,3.47450588865302,25.0370555210952,113.276712237858,0.0675202147615011,-0.102360701212707,0.0939916883804083,-0.0563421789359644,3.84566487352141
3,3.2,805.683182768945,97.1658458703479,27.2655675849577,8.58280524035574,3.47450588865302,25.0370555210952,113.276712237858,0.0675202147615011,-0.102360701212707,0.0939916883804083,-0.0563421789359644,3.88088151134545
3,3.3,800.261516816095,97.9740388660128,28.5340982942381,8.58280524035574,3.47450588865302,25.0370555210952,113.276712237858,0.0675202147615011,-0.102360701212707,0.0939916883804083,-0.0563421789359644,3.91316138527008
3,3.4,794.876334759562,98.7124242243575,29.8094544413474,8.58280524035574,3.47450588865302,25.0370555210952,113.276712237858,0.0675202147615011,-0.102360701212707,0.0939916883804083,-0.0563421789359644,3.94265308638975
3,3.5,789.527391089072,99.384542725968,31.0906726004127,8.58280524035574,3.47450588865302,25.0370555210952,113.276712237858,0.0675202147615011,-0.102360701212707,0.0939916883804083,-0.0563421789359644,3.96949803630984
3,3.6,784.214441946459,99.993764255085,32.3768401635753,8.58280524035574,3.47450588865302,25.0370555210952,113.276712237858,0.0675202147615011,-0.102360701212707,0.0939916883804083,-0.0563421789359644,3.9938308308992
3,3.7,778.937245114546,100.54329599386,33.6670928746482,8.58280524035574,3.47450588865302,25.0370555210952,113.276712237858,0.0675202147615011,-0.102360701212707,0.0939916883804083,-0.0563421789359644,4.0157795675752
3,3.8,773.695560006101,101.036190224067,34.960612481125,8.58280524035574,3.47450588865302,25.0370555210952,113.276712237858,0.0675202147615011,-0.102360701212707,0.0939916883804083,-0.0563421789359644,4.03546615691043
3,3.9,768.489147652873,101.475351755071,36.2566244988695,8.58280524035574,3.47450588865302,25.0370555210952,113.276712237858,0.0675202147615011,-0.102360701212707,0.0939916883804083,-0.0563421789359644,4.05300661931158
3,4,763.317770694693,101.863544995953,37.5543960840883,8.58280524035574,3.47450588865302,25.0370555210952,113.276712237858,0.0675202147615011,-0.102360701212707,0.0939916883804083,-0.0563421789359644,4.06851136748596
3,4.1,758.181193368656,102.203400688846,38.853234007445,8.58280524035574,3.47450588865302,25.0370555210952,113.276712237858,0.0675202147615011,-0.102360701212707,0.0939916883804083,-0.0563421789359644,4.08208547537602
3,4.2,753.079181498368,102.497422319692,40.1524827254242,8.58280524035574,3.47450588865302,25.0370555210952,113.276712237858,0.0675202147615011,-0.102360701212707,0.0939916883804083,-0.0563421789359644,4.09382893421039
3,4.3,748.011502483278,102.747992221889,41.4515225442829,8.58280524035574,3.47450588865302,25.0370555210952,113.276712237858,0.0675202147615011,-0.102360701212707,0.0939916883804083,-0.0563421789359644,4.10383689628829
3,4.4,742.977925288063,102.957377387528,42.7497678721565,8.58280524035574,3.47450588865302,25.0370555210952,113.276712237858,0.0675202147615011,-0.102360701212707,0.0939916883804083,-0.0563421789359644,4.11219990708495
3,4.5,737.978220432105,103.12773500023,44.0466655550925,8.58280524035574,3.47450588865302,25.0370555210952,113.276712237858,0.0675202147615011,-0.102360701212707,0.0939916883804083,-0.0563421789359644,4.11900412623756
3,4.6,733.012159979024,103.261117702912,45.3416932929933,8.58280524035574,3.47450588865302,25.0370555210952,113.276712237858,0.0675202147615011,-0.102360701212707,0.0939916883804083,-0.0563421789359644,4.12433153794417
3,4.7,728.079517526286,103.359478613192,46.6343581316361,8.58280524035574,3.47450588865302,25.0370555210952,113.276712237858,0.0675202147615011,-0.102360701212707,0.0939916883804083,-0.0563421789359644,4.1282601512828
3,4.8,723.180068194883,103.424676098506,47.9241950271283,8.58280524035574,3.47450588865302,25.0370555210952,113.276712237858,0.0675202147615011,-0.102360701212707,0.0939916883804083,-0.0563421789359644,4.13086419093352
3,4.9,718.313588619081,103.458478322456,49.2107654793239,8.58280524035574,3.47450588865302,25.0370555210952,113.276712237858,0.0675202147615011,-0.102360701212707,0.0939916883804083,-0.0563421789359644,4.13221427876317
3,5,713.479856936237,103.462567573341,50.4936562308992,8.58280524035574,3.47450588865302,25.0370555210952,113.276712237858,0.0675202147615011,-0.102360701212707,0.0939916883804083,-0.0563421789359644,4.13237760671049
3,5.1,708.67865277668,103.438544385314,51.7724780289399,8.58280524035574,3.47450588865302,25.0370555210952,113.276712237858,0.0675202147615011,-0.102360701212707,0.0939916883804083,-0.0563421789359644,4.13141810138818
3,5.2,703.90975725367,103.387931462082,53.0468644460447,8.58280524035574,3.47450588865302,25.0370555210952,113.276712237858,0.0675202147615011,-0.102360701212707,0.0939916883804083,-0.0563421789359644,4.12939658079888
3,5.3,699.172952953418,103.312177412628,54.3164707580933,8.58280524035574,3.47450588865302,25.0370555210952,113.276712237858,0.0675202147615011,-0.102360701212707,0.0939916883804083,-0.0563421789359644,4.12637090354262
3,5.4,694.468023925169,103.212660307936,55.5809728759632,8.58280524035574,3.47450588865302,25.0370555210952,113.276712237858,0.0675202147615011,-0.102360701212707,0.0939916883804083,-0.0563421789359644,4.12239611087548
3,5.5,689.794755671365,103.090691067313,56.8400663286101,8.58280524035574,3.47450588865302,25.0370555210952,113.276712237858,0.0675202147615011,-0.102360701212707,0.0939916883804083,-0.0563421789359644,4.11752456196189
3,5.6,685.152935137858,102.947516682457,58.0934652950507,8.58280524035574,3.47450588865302,25.0370555210952,113.276712237858,0.0675202147615011,-0.102360701212707,0.0939916883804083,-0.0563421789359644,4.11180606264655
3,5.7,680.542350704203,102.784323287054,59.340901682903,8.58280524035574,3.47450588865302,25.0370555210952,113.276712237858,0.0675202147615011,-0.102360701212707,0.0939916883804083,-0.0563421789359644,4.10528798805644
3,5.8,675.962792174007,102.602239079288,60.5821242512547,8.58280524035574,3.47450588865302,25.0370555210952,113.276712237858,0.0675202147615011,-0.102360701212707,0.0939916883804083,-0.0563421789359644,4.0980153993284
3,5.9,671.414050765345,102.402337104327,61.8168977757337,8.58280524035574,3.47450588865302,25.0370555210952,113.276712237858,0.0675202147615011,-0.102360701212707,0.0939916883804083,-0.0563421789359644,4.09003115474368
3,6,666.895919101247,102.185637903477,63.0450022537585,8.58280524035574,3.47450588865302,25.0370555210952,113.276712237858,0.0675202147615011,-0.102360701212707,0.0939916883804083,-0.0563421789359644,4.08137601553742
3,6.1,662.408191200239,101.953112036404,64.266232148043,8.58280524035574,3.47450588865302,25.0370555210952,113.276712237858,0.0675202147615011,-0.102360701212707,0.0939916883804083,-0.0563421789359644,4.07208874663807
3,6.2,657.950662466951,101.705682482493,65.4803956665215,8.58280524035574,3.47450588865302,25.0370555210952,113.276712237858,0.0675202147615011,-0.102360701212707,0.0939916883804083,-0.0563421789359644,4.06220621257958
3,6.3,653.523129682795,101.444226927135,66.6873140769492,8.58280524035574,3.47450588865302,25.0370555210952,113.276712237858,0.0675202147615011,-0.102360701212707,0.0939916883804083,-0.0563421789359644,4.05176346881775
3,6.4,649.125390996698,101.169579938467,67.8868210545142,8.58280524035574,3.47450588865302,25.0370555210952,113.276712237858,0.0675202147615011,-0.102360701212707,0.0939916883804083,-0.0563421789359644,4.04079384867065
3,6.5,644.757245915896,100.88253503979,69.0787620608815,8.58280524035574,3.47450588865302,25.0370555210952,113.276712237858,0.0675202147615011,-0.102360701212707,0.0939916883804083,-0.0563421789359644,4.02932904609291
3,6.6,640.418495296798,100.583846682684,70.262993753159,8.58280524035574,3.47450588865302,25.0370555210952,113.276712237858,0.0675202147615011,-0.102360701212707,0.0939916883804083,-0.0563421789359644,4.01739919448339
3,6.7,636.108941335906,100.274232125561,71.4393834213539,8.58280524035574,3.47450588865302,25.0370555210952,113.276712237858,0.0675202147615011,-0.102360701212707,0.0939916883804083,-0.0563421789359644,4.00503294171611
3,6.8,631.828387560796,99.9543732221982,72.6078084529511,8.58280524035574,3.47450588865302,25.0370555210952,113.276712237858,0.0675202147615011,-0.102360701212707,0.0939916883804083,-0.0563421789359644,3.9922575215756
3,6.9,627.576638821161,99.6249181245466,73.7681558233159,8.58280524035574,3.47450588865302,25.0370555210952,113.276712237858,0.0675202147615011,-0.102360701212707,0.0939916883804083,-0.0563421789359644,3.97909882176867
3,7,623.353501279917,99.2864829039434,74.9203216106809,8.58280524035574,3.47450588865302,25.0370555210952,113.276712237858,0.0675202147615011,-0.102360701212707,0.0939916883804083,-0.0563421789359644,3.96558144867669
3,7.1,619.158782404361,98.9396530946177,76.0642105345388,8.58280524035574,3.47450588865302,25.0370555210952,113.276712237858,0.0675202147615011,-0.102360701212707,0.0939916883804083,-0.0563421789359644,3.95172878900457
3,7.2,614.992290957397,98.5849851632214,77.19973551632,8.58280524035574,3.47450588865302,25.0370555210952,113.276712237858,0.0675202147615011,-0.102360701212707,0.0939916883804083,-0.0563421789359644,3.93756306847495
3,7.3,610.853836988816,98.2230079079271,78.3268172612846,8.58280524035574,3.47450588865302,25.0370555210952,113.276712237858,0.0675202147615011,-0.102360701212707,0.0939916883804083,-0.0563421789359644,3.92310540770932
3,7.4,606.743231826638,97.8542237904656,79.4453838606127,8.58280524035574,3.47450588865302,25.0370555210952,113.276712237858,0.0675202147615011,-0.102360701212707,0.0939916883804083,-0.0563421789359644,3.90837587543062
3,7.5,602.660288068508,97.4791102043171,80.5553704127248,8.58280524035574,3.47450588865302,25.0370555210952,113.276712237858,0.0675202147615011,-0.102360701212707,0.0939916883804083,-0.0563421789359644,3.89339353911586
3,7.6,598.604819573154,97.0981206821127,81.6567186629083,8.58280524035574,3.47450588865302,25.0370555210952,113.276712237858,0.0675202147615011,-0.102360701212707,0.0939916883804083,-0.0563421789359644,3.87817651322064
3,7.7,594.576641451901,96.7116860451599,82.7493766603739,8.58280524035574,3.47450588865302,25.0370555210952,113.276712237858,0.0675202147615011,-0.102360701212707,0.0939916883804083,-0.0563421789359644,3.86274200509219
3,7.8,590.57557006024,96.3202154978634,83.8332984319052,8.58280524035574,3.47450588865302,25.0370555210952,113.276712237858,0.0675202147615011,-0.102360701212707,0.0939916883804083,-0.0563421789359644,3.84710635868135
3,7.9,586.601422989456,95.9240976696815,84.9084436713054,8.58280524035574,3.47450588865302,25.0370555210952,113.276712237858,0.0675202147615011,-0.102360701212707,0.0939916883804083,-0.0563421789359644,3.83128509615916
3,8,582.654019058317,95.5237016071306,85.9747774438839,8.58280524035574,3.47450588865302,25.0370555210952,113.276712237858,0.0675202147615011,-0.102360701212707,0.0939916883804083,-0.0563421789359644,3.81529295753832
3,8.1,578.733178304805,95.1193777182317,87.0322699052605,8.58280524035574,3.47450588865302,25.0370555210952,113.276712237858,0.0675202147615011,-0.102360701212707,0.0939916883804083,-0.0563421789359644,3.79914393839515
3,8.2,574.838721977919,94.7114586716763,88.0808960338013,8.58280524035574,3.47450588865302,25.0370555210952,113.276712237858,0.0675202147615011,-0.102360701212707,0.0939916883804083,-0.0563421789359644,3.78285132578295
3,8.3,570.970472529524,94.3002602528814,89.1206353760314,8.58280524035574,3.47450588865302,25.0370555210952,113.276712237858,0.0675202147615011,-0.102360701212707,0.0939916883804083,-0.0563421789359644,3.76642773242356
3,8.4,567.128253606253,93.8860821789979,90.1514718044023,8.58280524035574,3.47450588865302,25.0370555210952,113.276712237858,0.0675202147615011,-0.102360701212707,0.0939916883804083,-0.0563421789359644,3.74988512925944
3,8.5,563.311890041472,93.4692088748401,91.173393286821,8.58280524035574,3.47450588865302,25.0370555210952,113.276712237858,0.0675202147615011,-0.102360701212707,0.0939916883804083,-0.0563421789359644,3.7332348764449
3,8.6,559.52120784729,93.0499102116072,92.1863916673761,8.58280524035574,3.47450588865302,25.0370555210952,113.276712237858,0.0675202147615011,-0.102360701212707,0.0939916883804083,-0.0563421789359644,3.71648775285125
3,8.7,555.756034206632,92.6284422101799,93.1904624577242,8.58280524035574,3.47450588865302,25.0370555210952,113.276712237858,0.0675202147615011,-0.102360701212707,0.0939916883804083,-0.0563421789359644,3.699653984157
3,8.8,552.016197465354,92.2050477106885,94.1856046386238,8.58280524035574,3.47450588865302,25.0370555210952,113.276712237858,0.0675202147615011,-0.102360701212707,0.0939916883804083,-0.0563421789359644,3.68274326959096
3,8.9,548.301527124422,91.7799570099696,95.171820471131,8.58280524035574,3.47450588865302,25.0370555210952,113.276712237858,0.0675202147615011,-0.102360701212707,0.0939916883804083,-0.0563421789359644,3.66576480739277
3,9,544.611853832137,91.3533884684482,96.1491153169921,8.58280524035574,3.47450588865302,25.0370555210952,113.276712237858,0.0675202147615011,-0.102360701212707,0.0939916883804083,-0.0563421789359644,3.64872731905226
3,9.1,540.947009376413,90.9255490879106,97.1174974677921,8.58280524035574,3.47450588865302,25.0370555210952,113.276712237858,0.0675202147615011,-0.102360701212707,0.0939916883804083,-0.0563421789359644,3.63163907238614
3,9.2,537.306826677114,90.4966350615634,98.0769779824383,8.58280524035574,3.47450588865302,25.0370555210952,113.276712237858,0.0675202147615011,-0.102360701212707,0.0939916883804083,-0.0563421789359644,3.61450790350785
3,9.3,533.691139778428,90.0668322977047,99.0275705325787,8.58280524035574,3.47450588865302,25.0370555210952,113.276712237858,0.0675202147615011,-0.102360701212707,0.0939916883804083,-0.0563421789359644,3.59734123774331
3,9.4,530.099783841309,89.6363169182733,99.9692912555754,8.58280524035574,3.47450588865302,25.0370555210952,113.276712237858,0.0675202147615011,-0.102360701212707,0.0939916883804083,-0.0563421789359644,3.58014610954349
3,9.5,526.532595135957,89.2052557334781,100.902158614668,8.58280524035574,3.47450588865302,25.0370555210952,113.276712237858,0.0675202147615011,-0.102360701212707,0.0939916883804083,-0.0563421789359644,3.56292918144138
3,9.6,522.989411034355,88.7738066936548,101.826193265982,8.58280524035574,3.47450588865302,25.0370555210952,113.276712237858,0.0675202147615011,-0.102360701212707,0.0939916883804083,-0.0563421789359644,3.54569676209958
3,9.7,519.470070002858,88.3421193194401,102.741417932058,8.58280524035574,3.47450588865302,25.0370555210952,113.276712237858,0.0675202147615011,-0.102360701212707,0.0939916883804083,-0.0563421789359644,3.52845482349179
3,9.8,515.974411594823,87.910335111303,103.647857281579,8.58280524035574,3.47450588865302,25.0370555210952,113.276712237858,0.0675202147615011,-0.102360701212707,0.0939916883804083,-0.0563421789359644,3.51120901725977
3,9.9,512.502276443297,87.478587939421,104.545537815004,8.58280524035574,3.47450588865302,25.0370555210952,113.276712237858,0.0675202147615011,-0.102360701212707,0.0939916883804083,-0.0563421789359644,3.49396469028537
3,10,509.053506253752,87.0470044148441,105.434487755833,8.58280524035574,3.47450588865302,25.0370555210952,113.276712237858,0.0675202147615011,-0.102360701212707,0.0939916883804083,-0.0563421789359644,3.47672689951507
3,10.1,505.62794379687,86.6157042428432,106.314736947205,8.58280524035574,3.47450588865302,25.0370555210952,113.276712237858,0.0675202147615011,-0.102360701212707,0.0939916883804083,-0.0563421789359644,3.45950042607304
3,10.2,502.225432901369,86.1848005592946,107.186316753608,8.58280524035574,3.47450588865302,25.0370555210952,113.276712237858,0.0675202147615011,-0.102360701212707,0.0939916883804083,-0.0563421789359644,3.44228978869655
3,10.3,498.84581844689,85.7544002509163,108.049259967429,8.58280524035574,3.47450588865302,25.0370555210952,113.276712237858,0.0675202147615011,-0.102360701212707,0.0939916883804083,-0.0563421789359644,3.42509925652651
3,10.4,495.48894635692,85.3246042601268,108.903600720122,8.58280524035574,3.47450588865302,25.0370555210952,113.276712237858,0.0675202147615011,-0.102360701212707,0.0939916883804083,-0.0563421789359644,3.40793286128378
3,10.5,492.154663591771,84.8955078752661,109.74937439777,8.58280524035574,3.47450588865302,25.0370555210952,113.276712237858,0.0675202147615011,-0.102360701212707,0.0939916883804083,-0.0563421789359644,3.39079440886076
3,10.6,488.842818141601,84.4672010068777,110.586617560826,8.58280524035574,3.47450588865302,25.0370555210952,113.276712237858,0.0675202147615011,-0.102360701212707,0.0939916883804083,-0.0563421789359644,3.37368749035641
3,10.7,485.553259019485,84.039768450721,111.415367867844,8.58280524035574,3.47450588865302,25.0370555210952,113.276712237858,0.0675202147615011,-0.102360701212707,0.0939916883804083,-0.0563421789359644,3.35661549258109
3,10.8,482.285836254529,83.61329013815,112.235664002994,8.58280524035574,3.47450588865302,25.0370555210952,113.276712237858,0.0675202147615011,-0.102360701212707,0.0939916883804083,-0.0563421789359644,3.33958160805694
3,10.9,479.040400885037,83.1878413744623,113.047545607178,8.58280524035574,3.47450588865302,25.0370555210952,113.276712237858,0.0675202147615011,-0.102360701212707,0.0939916883804083,-0.0563421789359644,3.32258884453771
3,11,475.816804951718,82.7634930657968,113.851053212593,8.58280524035574,3.47450588865302,25.0370555210952,113.276712237858,0.0675202147615011,-0.102360701212707,0.0939916883804083,-0.0563421789359644,3.30564003407125
3,11.1,472.614901490937,82.3403119351273,114.646228180554,8.58280524035574,3.47450588865302,25.0370555210952,113.276712237858,0.0675202147615011,-0.102360701212707,0.0939916883804083,-0.0563421789359644,3.28873784162641
3,11.2,469.434544528022,81.9183607278747,115.433112642424,8.58280524035574,3.47450588865302,25.0370555210952,113.276712237858,0.0675202147615011,-0.102360701212707,0.0939916883804083,-0.0563421789359644,3.27188477330546
3,11.3,466.275589070602,81.4976984076362,116.211749443519,8.58280524035574,3.47450588865302,25.0370555210952,113.276712237858,0.0675202147615011,-0.102360701212707,0.0939916883804083,-0.0563421789359644,3.25508318416155
3,11.4,463.137891102002,81.0783803425043,116.982182089811,8.58280524035574,3.47450588865302,25.0370555210952,113.276712237858,0.0675202147615011,-0.102360701212707,0.0939916883804083,-0.0563421789359644,3.23833528564056
3,11.5,460.021307574675,80.6604584824268,117.744454697333,8.58280524035574,3.47450588865302,25.0370555210952,113.276712237858,0.0675202147615011,-0.102360701212707,0.0939916883804083,-0.0563421789359644,3.22164315266488
3,11.6,456.925696403679,80.243981528037,118.498611944123,8.58280524035574,3.47450588865302,25.0370555210952,113.276712237858,0.0675202147615011,-0.102360701212707,0.0939916883804083,-0.0563421789359644,3.20500873037673
3,11.7,453.850916460203,79.8289950913632,119.244699024605,8.58280524035574,3.47450588865302,25.0370555210952,113.276712237858,0.0675202147615011,-0.102360701212707,0.0939916883804083,-0.0563421789359644,3.18843384055695
3,11.8,450.796827565129,79.4155418488065,119.982761606281,8.58280524035574,3.47450588865302,25.0370555210952,113.276712237858,0.0675202147615011,-0.102360701212707,0.0939916883804083,-0.0563421789359644,3.1719201877351
3,11.9,447.763290482646,79.0036616867574,120.71284578862,8.58280524035574,3.47450588865302,25.0370555210952,113.276712237858,0.0675202147615011,-0.102360701212707,0.0939916883804083,-0.0563421789359644,3.15546936500549
3,12,444.750166913897,78.5933918402041,121.434998064048,8.58280524035574,3.47450588865302,25.0370555210952,113.276712237858,0.0675202147615011,-0.102360701212707,0.0939916883804083,-0.0563421789359644,3.13908285956328
3,12.1,441.757319490677,78.1847670246686,122.149265280926,8.58280524035574,3.47450588865302,25.0370555210952,113.276712237858,0.0675202147615011,-0.102360701212707,0.0939916883804083,-0.0563421789359644,3.12276205797416
3,12.2,438.784611769171,77.7778195617899,122.85569460843,8.58280524035574,3.47450588865302,25.0370555210952,113.276712237858,0.0675202147615011,-0.102360701212707,0.0939916883804083,-0.0563421789359644,3.10650825119022
3,12.3,435.831908223731,77.3725794988592,123.554333503231,8.58280524035574,3.47450588865302,25.0370555210952,113.276712237858,0.0675202147615011,-0.102360701212707,0.0939916883804083,-0.0563421789359644,3.09032263932427
3,12.4,432.899074240699,76.9690747225973,124.245229677897,8.58280524035574,3.47450588865302,25.0370555210952,113.276712237858,0.0675202147615011,-0.102360701212707,0.0939916883804083,-0.0563421789359644,3.07420633619422
3,12.5,429.98597611227,76.5673310674493,124.928431070931,8.58280524035574,3.47450588865302,25.0370555210952,113.276712237858,0.0675202147615011,-0.102360701212707,0.0939916883804083,-0.0563421789359644,3.05816037364844
3,12.6,427.092481030395,76.1673724186602,125.603985818357,8.58280524035574,3.47450588865302,25.0370555210952,113.276712237858,0.0675202147615011,-0.102360701212707,0.0939916883804083,-0.0563421789359644,3.04218570568271
3,12.7,424.21845708073,75.7692208103816,126.271942226799,8.58280524035574,3.47450588865302,25.0370555210952,113.276712237858,0.0675202147615011,-0.102360701212707,0.0939916883804083,-0.0563421789359644,3.02628321235864
3,12.8,421.363773236616,75.372896519047,126.932348747957,8.58280524035574,3.47450588865302,25.0370555210952,113.276712237858,0.0675202147615011,-0.102360701212707,0.0939916883804083,-0.0563421789359644,3.01045370353318
3,12.9,418.52829935311,74.9784181522433,127.585253954431,8.58280524035574,3.47450588865302,25.0370555210952,113.276712237858,0.0675202147615011,-0.102360701212707,0.0939916883804083,-0.0563421789359644,2.99469792240823
3,13,415.71190616105,74.5858027332942,128.230706516818,8.58280524035574,3.47450588865302,25.0370555210952,113.276712237858,0.0675202147615011,-0.102360701212707,0.0939916883804083,-0.0563421789359644,2.97901654890892
3,13.1,412.914465261165,74.195065781761,128.868755182021,8.58280524035574,3.47450588865302,25.0370555210952,113.276712237858,0.0675202147615011,-0.102360701212707,0.0939916883804083,-0.0563421789359644,2.96341020289895
3,13.2,410.135849118214,73.8062213900564,129.499448752715,8.58280524035574,3.47450588865302,25.0370555210952,113.276712237858,0.0675202147615011,-0.102360701212707,0.0939916883804083,-0.0563421789359644,2.94787944724052
3,13.3,407.375931055179,73.4192822963583,130.122836067912,8.58280524035574,3.47450588865302,25.0370555210952,113.276712237858,0.0675202147615011,-0.102360701212707,0.0939916883804083,-0.0563421789359644,2.93242479070665
3,13.4,404.634585247486,73.0342599540003,130.738965984569,8.58280524035574,3.47450588865302,25.0370555210952,113.276712237858,0.0675202147615011,-0.102360701212707,0.0939916883804083,-0.0563421789359644,2.91704669075261
3,13.5,401.91168671727,72.651164597508,131.347887360192,8.58280524035574,3.47450588865302,25.0370555210952,113.276712237858,0.0675202147615011,-0.102360701212707,0.0939916883804083,-0.0563421789359644,2.90174555615356
3,13.6,399.207111327675,72.2700053054431,131.949649036386,8.58280524035574,3.47450588865302,25.0370555210952,113.276712237858,0.0675202147615011,-0.102360701212707,0.0939916883804083,-0.0563421789359644,2.88652174951449
3,13.7,396.520735777198,71.8907900602062,132.544299823303,8.58280524035574,3.47450588865302,25.0370555210952,113.276712237858,0.0675202147615011,-0.102360701212707,0.0939916883804083,-0.0563421789359644,2.87137558965885
3,13.8,393.852437594066,71.5135258049462,133.131888484947,8.58280524035574,3.47450588865302,25.0370555210952,113.276712237858,0.0675202147615011,-0.102360701212707,0.0939916883804083,-0.0563421789359644,2.85630735390157
3,13.9,391.202095130652,71.1382184977143,133.712463725298,8.58280524035574,3.47450588865302,25.0370555210952,113.276712237858,0.0675202147615011,-0.102360701212707,0.0939916883804083,-0.0563421789359644,2.84131728021197
3,14,388.569587557931,70.7648731629944,134.2860741752,8.58280524035574,3.47450588865302,25.0370555210952,113.276712237858,0.0675202147615011,-0.102360701212707,0.0939916883804083,-0.0563421789359644,2.82640556927194
3,14.1,385.954794859968,70.3934939407364,134.852768379997,8.58280524035574,3.47450588865302,25.0370555210952,113.276712237858,0.0675202147615011,-0.102360701212707,0.0939916883804083,-0.0563421789359644,2.81157238643441
3,14.2,383.35759782845,70.0240841330122,135.412594787863,8.58280524035574,3.47450588865302,25.0370555210952,113.276712237858,0.0675202147615011,-0.102360701212707,0.0939916883804083,-0.0563421789359644,2.79681786358674
3,14.3,380.77787805725,69.6566462484077,135.965601738798,8.58280524035574,3.47450588865302,25.0370555210952,113.276712237858,0.0675202147615011,-0.102360701212707,0.0939916883804083,-0.0563421789359644,2.78214210092388
3,14.4,378.215517937027,69.2911820442601,136.511837454264,8.58280524035574,3.47450588865302,25.0370555210952,113.276712237858,0.0675202147615011,-0.102360701212707,0.0939916883804083,-0.0563421789359644,2.76754516863527
3,14.5,375.670400649867,68.9276925668442,137.051350027417,8.58280524035574,3.47450588865302,25.0370555210952,113.276712237858,0.0675202147615011,-0.102360701212707,0.0939916883804083,-0.0563421789359644,2.75302710850996
3,14.6,373.142410163958,68.5661781896051,137.584187413912,8.58280524035574,3.47450588865302,25.0370555210952,113.276712237858,0.0675202147615011,-0.102360701212707,0.0939916883804083,-0.0563421789359644,2.73858793546366
3,14.7,370.631431228296,68.206638649532,138.110397423261,8.58280524035574,3.47450588865302,25.0370555210952,113.276712237858,0.0675202147615011,-0.102360701212707,0.0939916883804083,-0.0563421789359644,2.72422763899149
3,14.8,368.137349367433,67.8490730817614,138.6300277107,8.58280524035574,3.47450588865302,25.0370555210952,113.276712237858,0.0675202147615011,-0.102360701212707,0.0939916883804083,-0.0563421789359644,2.70994618455012
3,14.9,365.660050876259,67.4934800524964,139.143125769552,8.58280524035574,3.47450588865302,25.0370555210952,113.276712237858,0.0675202147615011,-0.102360701212707,0.0939916883804083,-0.0563421789359644,2.69574351487255
3,15,363.199422814817,67.1398575903206,139.64973892406,8.58280524035574,3.47450588865302,25.0370555210952,113.276712237858,0.0675202147615011,-0.102360701212707,0.0939916883804083,-0.0563421789359644,2.68161955121884
3,15.1,360.755353003154,66.7882032159854,140.149914322664,8.58280524035574,3.47450588865302,25.0370555210952,113.276712237858,0.0675202147615011,-0.102360701212707,0.0939916883804083,-0.0563421789359644,2.66757419456582
3,15.2,358.327730016208,66.4385139707437,140.643698931698,8.58280524035574,3.47450588865302,25.0370555210952,113.276712237858,0.0675202147615011,-0.102360701212707,0.0939916883804083,-0.0563421789359644,2.65360732673877
3,15.3,355.916443178727,66.090786443299,141.131139529496,8.58280524035574,3.47450588865302,25.0370555210952,113.276712237858,0.0675202147615011,-0.102360701212707,0.0939916883804083,-0.0563421789359644,2.63971881148778
3,15.4,353.521382560222,65.7450167954379,141.612282700872,8.58280524035574,3.47450588865302,25.0370555210952,113.276712237858,0.0675202147615011,-0.102360701212707,0.0939916883804083,-0.0563421789359644,2.62590849551153
3,15.5,351.142438969958,65.401200786407,142.087174831971,8.58280524035574,3.47450588865302,25.0370555210952,113.276712237858,0.0675202147615011,-0.102360701212707,0.0939916883804083,-0.0563421789359644,2.61217620943096
3,15.6,348.779503951976,65.0593337960972,142.555862105461,8.58280524035574,3.47450588865302,25.0370555210952,113.276712237858,0.0675202147615011,-0.102360701212707,0.0939916883804083,-0.0563421789359644,2.59852176871521
3,15.7,346.432469780145,64.7194108470906,143.018390496054,8.58280524035574,3.47450588865302,25.0370555210952,113.276712237858,0.0675202147615011,-0.102360701212707,0.0939916883804083,-0.0563421789359644,2.58494497456223
3,15.8,344.101229453254,64.3814266256257,143.474805766335,8.58280524035574,3.47450588865302,25.0370555210952,113.276712237858,0.0675202147615011,-0.102360701212707,0.0939916883804083,-0.0563421789359644,2.57144561473615
3,15.9,341.785676690134,64.0453755015322,143.925153462897,8.58280524035574,3.47450588865302,25.0370555210952,113.276712237858,0.0675202147615011,-0.102360701212707,0.0939916883804083,-0.0563421789359644,2.55802346436346
3,16,339.485705924808,63.7112515471857,144.369478912747,8.58280524035574,3.47450588865302,25.0370555210952,113.276712237858,0.0675202147615011,-0.102360701212707,0.0939916883804083,-0.0563421789359644,2.54467828669011
3,16.1,337.201212301687,63.3790485555291,144.80782721998,8.58280524035574,3.47450588865302,25.0370555210952,113.276712237858,0.0675202147615011,-0.102360701212707,0.0939916883804083,-0.0563421789359644,2.53140983380128
3,16.2,334.93209167078,63.0487600572051,145.240243262716,8.58280524035574,3.47450588865302,25.0370555210952,113.276712237858,0.0675202147615011,-0.102360701212707,0.0939916883804083,-0.0563421789359644,2.51821784730568
3,16.3,332.678240582952,62.7203793368434,145.666771690266,8.58280524035574,3.47450588865302,25.0370555210952,113.276712237858,0.0675202147615011,-0.102360701212707,0.0939916883804083,-0.0563421789359644,2.50510205898604
3,16.4,330.439556285207,62.3938994485423,146.087456920537,8.58280524035574,3.47450588865302,25.0370555210952,113.276712237858,0.0675202147615011,-0.102360701212707,0.0939916883804083,-0.0563421789359644,2.49206219141751
3,16.5,328.215936715999,62.0693132305847,146.502343137645,8.58280524035574,3.47450588865302,25.0370555210952,113.276712237858,0.0675202147615011,-0.102360701212707,0.0939916883804083,-0.0563421789359644,2.47909795855537
3,16.6,326.007280500587,61.7466133194238,146.911474289739,8.58280524035574,3.47450588865302,25.0370555210952,113.276712237858,0.0675202147615011,-0.102360701212707,0.0939916883804083,-0.0563421789359644,2.4662090662937
3,16.7,323.813486946405,61.4257921629751,147.314894087022,8.58280524035574,3.47450588865302,25.0370555210952,113.276712237858,0.0675202147615011,-0.102360701212707,0.0939916883804083,-0.0563421789359644,2.4533952129962
3,16.8,321.634456038477,61.106842033247,147.712645999955,8.58280524035574,3.47450588865302,25.0370555210952,113.276712237858,0.0675202147615011,-0.102360701212707,0.0939916883804083,-0.0563421789359644,2.44065609000071
3,16.9,319.470088434857,60.7897550383424,148.104773257637,8.58280524035574,3.47450588865302,25.0370555210952,113.276712237858,0.0675202147615011,-0.102360701212707,0.0939916883804083,-0.0563421789359644,2.42799138209856
3,17,317.320285462094,60.4745231338619,148.491318846353,8.58280524035574,3.47450588865302,25.0370555210952,113.276712237858,0.0675202147615011,-0.102360701212707,0.0939916883804083,-0.0563421789359644,2.41540076799001
3,17.1,315.184949110744,60.1611381337361,148.87232550828,8.58280524035574,3.47450588865302,25.0370555210952,113.276712237858,0.0675202147615011,-0.102360701212707,0.0939916883804083,-0.0563421789359644,2.4028839207169
3,17.2,313.06398203089,59.8495917205164,149.247835740346,8.58280524035574,3.47450588865302,25.0370555210952,113.276712237858,0.0675202147615011,-0.102360701212707,0.0939916883804083,-0.0563421789359644,2.3904405080737
3,17.3,310.957287527714,59.5398754551486,149.617891793224,8.58280524035574,3.47450588865302,25.0370555210952,113.276712237858,0.0675202147615011,-0.102360701212707,0.0939916883804083,-0.0563421789359644,2.37807019299784
3,17.4,308.864769557083,59.2319807862557,149.982535670471,8.58280524035574,3.47450588865302,25.0370555210952,113.276712237858,0.0675202147615011,-0.102360701212707,0.0939916883804083,-0.0563421789359644,2.36577263394049
3,17.5,306.78633272117,58.9258990589522,150.341809127787,8.58280524035574,3.47450588865302,25.0370555210952,113.276712237858,0.0675202147615011,-0.102360701212707,0.0939916883804083,-0.0563421789359644,2.3535474852186
3,17.6,304.721882264109,58.6216215232136,150.6957536724,8.58280524035574,3.47450588865302,25.0370555210952,113.276712237858,0.0675202147615011,-0.102360701212707,0.0939916883804083,-0.0563421789359644,2.34139439734922
3,17.7,302.67132406767,58.3191393418225,151.044410562564,8.58280524035574,3.47450588865302,25.0370555210952,113.276712237858,0.0675202147615011,-0.102360701212707,0.0939916883804083,-0.0563421789359644,2.3293130173668
3,17.8,300.634564646973,58.0184435979103,151.387820807165,8.58280524035574,3.47450588865302,25.0370555210952,113.276712237858,0.0675202147615011,-0.102360701212707,0.0939916883804083,-0.0563421789359644,2.31730298912451
3,17.9,298.611511146223,57.7195253021165,151.726025165432,8.58280524035574,3.47450588865302,25.0370555210952,113.276712237858,0.0675202147615011,-0.102360701212707,0.0939916883804083,-0.0563421789359644,2.3053639535801
3,18,296.602071334476,57.4223753993814,152.059064146745,8.58280524035574,3.47450588865302,25.0370555210952,113.276712237858,0.0675202147615011,-0.102360701212707,0.0939916883804083,-0.0563421789359644,2.29349554906725
3,18.1,294.606153601438,57.1269847753919,152.386978010535,8.58280524035574,3.47450588865302,25.0370555210952,113.276712237858,0.0675202147615011,-0.102360701212707,0.0939916883804083,-0.0563421789359644,2.28169741155301
3,18.2,292.623666953285,56.8333442626966,152.709806766269,8.58280524035574,3.47450588865302,25.0370555210952,113.276712237858,0.0675202147615011,-0.102360701212707,0.0939916883804083,-0.0563421789359644,2.26996917488205
3,18.3,290.654521008515,56.5414446465052,153.027590173522,8.58280524035574,3.47450588865302,25.0370555210952,113.276712237858,0.0675202147615011,-0.102360701212707,0.0939916883804083,-0.0563421789359644,2.25831047100829
3,18.4,288.69862599383,56.2512766701893,153.340367742126,8.58280524035574,3.47450588865302,25.0370555210952,113.276712237858,0.0675202147615011,-0.102360701212707,0.0939916883804083,-0.0563421789359644,2.24672093021459
3,18.5,286.755892740039,55.9628310404972,153.648178732386,8.58280524035574,3.47450588865302,25.0370555210952,113.276712237858,0.0675202147615011,-0.102360701212707,0.0939916883804083,-0.0563421789359644,2.23520018132105
3,18.6,284.826232677997,55.6760984324982,153.95106215538,8.58280524035574,3.47450588865302,25.0370555210952,113.276712237858,0.0675202147615011,-0.102360701212707,0.0939916883804083,-0.0563421789359644,2.22374785188249
3,18.7,282.909557834566,55.3910694942678,154.249056773307,8.58280524035574,3.47450588865302,25.0370555210952,113.276712237858,0.0675202147615011,-0.102360701212707,0.0939916883804083,-0.0563421789359644,2.21236356837558
3,18.8,281.005780828602,55.1077348513283,154.542201099914,8.58280524035574,3.47450588865302,25.0370555210952,113.276712237858,0.0675202147615011,-0.102360701212707,0.0939916883804083,-0.0563421789359644,2.20104695637619
3,18.9,279.114814866974,54.8260851108546,154.830533400968,8.58280524035574,3.47450588865302,25.0370555210952,113.276712237858,0.0675202147615011,-0.102360701212707,0.0939916883804083,-0.0563421789359644,2.18979764072738
3,19,277.236573740605,54.5461108656584,155.114091694791,8.58280524035574,3.47450588865302,25.0370555210952,113.276712237858,0.0675202147615011,-0.102360701212707,0.0939916883804083,-0.0563421789359644,2.17861524569852
3,19.1,275.370971820544,54.2678026979599,155.392913752849,8.58280524035574,3.47450588865302,25.0370555210952,113.276712237858,0.0675202147615011,-0.102360701212707,0.0939916883804083,-0.0563421789359644,2.16749939513598
3,19.2,273.517924054062,53.9911511829593,155.667037100379,8.58280524035574,3.47450588865302,25.0370555210952,113.276712237858,0.0675202147615011,-0.102360701212707,0.0939916883804083,-0.0563421789359644,2.15644971260572
3,19.3,271.67734596077,53.7161468922159,155.936499017077,8.58280524035574,3.47450588865302,25.0370555210952,113.276712237858,0.0675202147615011,-0.102360701212707,0.0939916883804083,-0.0563421789359644,2.14546582152829
3,19.4,269.849153628774,53.4427803968449,156.201336537813,8.58280524035574,3.47450588865302,25.0370555210952,113.276712237858,0.0675202147615011,-0.102360701212707,0.0939916883804083,-0.0563421789359644,2.13454734530649
3,19.5,268.033263710846,53.1710422705413,156.461586453408,8.58280524035574,3.47450588865302,25.0370555210952,113.276712237858,0.0675202147615011,-0.102360701212707,0.0939916883804083,-0.0563421789359644,2.12369390744617
3,19.6,266.229593420623,52.9009230924386,156.717285311423,8.58280524035574,3.47450588865302,25.0370555210952,113.276712237858,0.0675202147615011,-0.102360701212707,0.0939916883804083,-0.0563421789359644,2.11290513167039
3,19.7,264.438060528837,52.6324134498105,156.968469417011,8.58280524035574,3.47450588865302,25.0370555210952,113.276712237858,0.0675202147615011,-0.102360701212707,0.0939916883804083,-0.0563421789359644,2.10218064202736
3,19.8,262.658583359561,52.3655039406236,157.215174833782,8.58280524035574,3.47450588865302,25.0370555210952,113.276712237858,0.0675202147615011,-0.102360701212707,0.0939916883804083,-0.0563421789359644,2.09152006299233
3,19.9,260.89108078649,52.1001851759478,157.45743738471,8.58280524035574,3.47450588865302,25.0370555210952,113.276712237858,0.0675202147615011,-0.102360701212707,0.0939916883804083,-0.0563421789359644,2.08092301956395
3,20,259.135472229239,51.836447782232,157.69529265307,8.58280524035574,3.47450588865302,25.0370555210952,113.276712237858,0.0675202147615011,-0.102360701212707,0.0939916883804083,-0.0563421789359644,2.0703891373551
3,20.1,257.391677649671,51.574282403451,157.928775983394,8.58280524035574,3.47450588865302,25.0370555210952,113.276712237858,0.0675202147615011,-0.102360701212707,0.0939916883804083,-0.0563421789359644,2.05991804267864
3,20.2,255.65961754825,51.3136797031306,158.157922482467,8.58280524035574,3.47450588865302,25.0370555210952,113.276712237858,0.0675202147615011,-0.102360701212707,0.0939916883804083,-0.0563421789359644,2.04950936262835
3,20.3,253.939212960412,51.0546303662562,158.382767020334,8.58280524035574,3.47450588865302,25.0370555210952,113.276712237858,0.0675202147615011,-0.102360701212707,0.0939916883804083,-0.0563421789359644,2.0391627251551
3,20.4,252.230385452967,50.797125101071,158.603344231336,8.58280524035574,3.47450588865302,25.0370555210952,113.276712237858,0.0675202147615011,-0.102360701212707,0.0939916883804083,-0.0563421789359644,2.02887775913871
3,20.5,250.533057120527,50.5411546407696,158.819688515167,8.58280524035574,3.47450588865302,25.0370555210952,113.276712237858,0.0675202147615011,-0.102360701212707,0.0939916883804083,-0.0563421789359644,2.01865409445554
3,20.6,248.847150581947,50.2867097450905,159.031834037949,8.58280524035574,3.47450588865302,25.0370555210952,113.276712237858,0.0675202147615011,-0.102360701212707,0.0939916883804083,-0.0563421789359644,2.00849136204219
3,20.7,247.172588976805,50.0337812018151,159.239814733325,8.58280524035574,3.47450588865302,25.0370555210952,113.276712237858,0.0675202147615011,-0.102360701212707,0.0939916883804083,-0.0563421789359644,1.99838919395528
3,20.8,245.509295961891,49.7823598281754,159.443664303571,8.58280524035574,3.47450588865302,25.0370555210952,113.276712237858,0.0675202147615011,-0.102360701212707,0.0939916883804083,-0.0563421789359644,1.98834722342772
3,20.9,243.857195707731,49.5324364721759,159.643416220721,8.58280524035574,3.47450588865302,25.0370555210952,113.276712237858,0.0675202147615011,-0.102360701212707,0.0939916883804083,-0.0563421789359644,1.9783650849215
3,21,242.216212895129,49.2840020138346,159.839103727705,8.58280524035574,3.47450588865302,25.0370555210952,113.276712237858,0.0675202147615011,-0.102360701212707,0.0939916883804083,-0.0563421789359644,1.96844241417725
3,21.1,240.586272711733,49.0370473663449,160.030759839508,8.58280524035574,3.47450588865302,25.0370555210952,113.276712237858,0.0675202147615011,-0.102360701212707,0.0939916883804083,-0.0563421789359644,1.95857884826066
3,21.2,238.967300848622,48.791563477166,160.218417344328,8.58280524035574,3.47450588865302,25.0370555210952,113.276712237858,0.0675202147615011,-0.102360701212707,0.0939916883804083,-0.0563421789359644,1.94877402560601
3,21.3,237.359223496923,48.5475413290406,160.40210880476,8.58280524035574,3.47450588865302,25.0370555210952,113.276712237858,0.0675202147615011,-0.102360701212707,0.0939916883804083,-0.0563421789359644,1.93902758605685
3,21.4,235.761967344442,48.3049719409482,160.581866558976,8.58280524035574,3.47450588865302,25.0370555210952,113.276712237858,0.0675202147615011,-0.102360701212707,0.0939916883804083,-0.0563421789359644,1.92933917090404
3,21.5,234.175459572324,48.0638463689937,160.757722721926,8.58280524035574,3.47450588865302,25.0370555210952,113.276712237858,0.0675202147615011,-0.102360701212707,0.0939916883804083,-0.0563421789359644,1.91970842292126
3,21.6,232.59962785173,47.8241557072363,160.929709186538,8.58280524035574,3.47450588865302,25.0370555210952,113.276712237858,0.0675202147615011,-0.102360701212707,0.0939916883804083,-0.0563421789359644,1.91013498639812
3,21.7,231.034400340544,47.5858910884615,161.097857624931,8.58280524035574,3.47450588865302,25.0370555210952,113.276712237858,0.0675202147615011,-0.102360701212707,0.0939916883804083,-0.0563421789359644,1.900618507171
3,21.8,229.479705680097,47.3490436848981,161.262199489632,8.58280524035574,3.47450588865302,25.0370555210952,113.276712237858,0.0675202147615011,-0.102360701212707,0.0939916883804083,-0.0563421789359644,1.89115863265166
3,21.9,227.935472991908,47.1136047088845,161.422766014802,8.58280524035574,3.47450588865302,25.0370555210952,113.276712237858,0.0675202147615011,-0.102360701212707,0.0939916883804083,-0.0563421789359644,1.88175501185387
3,22,226.40163187446,46.879565413485,161.579588217462,8.58280524035574,3.47450588865302,25.0370555210952,113.276712237858,0.0675202147615011,-0.102360701212707,0.0939916883804083,-0.0563421789359644,1.87240729541803
3,22.1,224.878112399988,46.6469170930604,161.732696898726,8.58280524035574,3.47450588865302,25.0370555210952,113.276712237858,0.0675202147615011,-0.102360701212707,0.0939916883804083,-0.0563421789359644,1.86311513563396
3,22.2,223.364845111288,46.415651083794,161.882122645043,8.58280524035574,3.47450588865302,25.0370555210952,113.276712237858,0.0675202147615011,-0.102360701212707,0.0939916883804083,-0.0563421789359644,1.8538781864619
3,22.3,221.861761018553,46.1857587641758,162.027895829431,8.58280524035574,3.47450588865302,25.0370555210952,113.276712237858,0.0675202147615011,-0.102360701212707,0.0939916883804083,-0.0563421789359644,1.84469610355186
3,22.4,220.368791596231,45.9572315554465,162.170046612724,8.58280524035574,3.47450588865302,25.0370555210952,113.276712237858,0.0675202147615011,-0.102360701212707,0.0939916883804083,-0.0563421789359644,1.83556854426132
3,22.5,218.885868779893,45.7300609220042,162.308604944817,8.58280524035574,3.47450588865302,25.0370555210952,113.276712237858,0.0675202147615011,-0.102360701212707,0.0939916883804083,-0.0563421789359644,1.82649516767153
3,22.6,217.412924963137,45.5042383717747,162.44360056591,8.58280524035574,3.47450588865302,25.0370555210952,113.276712237858,0.0675202147615011,-0.102360701212707,0.0939916883804083,-0.0563421789359644,1.81747563460227
3,22.7,215.949892994502,45.2797554565482,162.575063007758,8.58280524035574,3.47450588865302,25.0370555210952,113.276712237858,0.0675202147615011,-0.102360701212707,0.0939916883804083,-0.0563421789359644,1.80850960762528
3,22.8,214.49670617441,45.0566037722833,162.703021594919,8.58280524035574,3.47450588865302,25.0370555210952,113.276712237858,0.0675202147615011,-0.102360701212707,0.0939916883804083,-0.0563421789359644,1.79959675107644
3,22.9,213.05329825212,44.8347749593803,162.827505446001,8.58280524035574,3.47450588865302,25.0370555210952,113.276712237858,0.0675202147615011,-0.102360701212707,0.0939916883804083,-0.0563421789359644,1.79073673106665
3,23,211.619603422713,44.614260702926,162.948543474913,8.58280524035574,3.47450588865302,25.0370555210952,113.276712237858,0.0675202147615011,-0.102360701212707,0.0939916883804083,-0.0563421789359644,1.78192921549165
3,23.1,210.195556324089,44.3950527329099,163.066164392109,8.58280524035574,3.47450588865302,25.0370555210952,113.276712237858,0.0675202147615011,-0.102360701212707,0.0939916883804083,-0.0563421789359644,1.77317387404059
3,23.2,208.781092033986,44.1771428244152,163.180396705838,8.58280524035574,3.47450588865302,25.0370555210952,113.276712237858,0.0675202147615011,-0.102360701212707,0.0939916883804083,-0.0563421789359644,1.76447037820375
3,23.3,207.376146067026,43.9605227977845,163.291268723389,8.58280524035574,3.47450588865302,25.0370555210952,113.276712237858,0.0675202147615011,-0.102360701212707,0.0939916883804083,-0.0563421789359644,1.75581840127906
3,23.4,205.980654371765,43.7451845187621,163.39880855233,8.58280524035574,3.47450588865302,25.0370555210952,113.276712237858,0.0675202147615011,-0.102360701212707,0.0939916883804083,-0.0563421789359644,1.74721761837786
3,23.5,204.594553327785,43.5311198986139,163.503044101756,8.58280524035574,3.47450588865302,25.0370555210952,113.276712237858,0.0675202147615011,-0.102360701212707,0.0939916883804083,-0.0563421789359644,1.73866770642963
3,23.6,203.217779742784,43.3183208942262,163.604003083526,8.58280524035574,3.47450588865302,25.0370555210952,113.276712237858,0.0675202147615011,-0.102360701212707,0.0939916883804083,-0.0563421789359644,1.730168344186
3,23.7,201.8502708497,43.106779508185,163.701713013495,8.58280524035574,3.47450588865302,25.0370555210952,113.276712237858,0.0675202147615011,-0.102360701212707,0.0939916883804083,-0.0563421789359644,1.72171921222386
3,23.8,200.491964303846,42.8964877888355,163.796201212758,8.58280524035574,3.47450588865302,25.0370555210952,113.276712237858,0.0675202147615011,-0.102360701212707,0.0939916883804083,-0.0563421789359644,1.71331999294776
3,23.9,199.142798180072,42.6874378303243,163.887494808869,8.58280524035574,3.47450588865302,25.0370555210952,113.276712237858,0.0675202147615011,-0.102360701212707,0.0939916883804083,-0.0563421789359644,1.7049703705916
3,24,1197.80271096994,42.4796217726244,163.975620737078,8.58280524035574,3.47450588865302,25.0370555210952,113.276712237858,0.0675202147615011,-0.102360701212707,0.0939916883804083,-0.0563421789359644,1.69667003121964
4,0,0,0,0,6.69746115708046,3.47450588865302,17.5767350937162,113.276712237858,0.0937431934271977,-0.350392989561034,-0.259789101998062,0.271789848843494,0
4,0,1000,0,0,6.69746115708046,3.47450588865302,17.5767350937162,113.276712237858,0.0937431934271977,-0.350392989561034,-0.259789101998062,0.271789848843494,0
4,0.1,990.669482610827,9.06534627175601,0.0905149575726183,6.69746115708046,3.47450588865302,17.5767350937162,113.276712237858,0.0937431934271977,-0.350392989561034,-0.259789101998062,0.271789848843494,0.515758257914289
4,0.2,981.426023776404,17.5369060004388,0.353757054997932,6.69746115708046,3.47450588865302,17.5767350937162,113.276712237858,0.0937431934271977,-0.350392989561034,-0.259789101998062,0.271789848843494,0.997733987963919
4,0.3,972.268811195371,25.4493531149519,0.777823260172399,6.69746115708046,3.47450588865302,17.5767350937162,113.276712237858,0.0937431934271977,-0.350392989561034,-0.259789101998062,0.271789848843494,1.44789990742082
4,0.4,963.197040145562,32.8353700902568,1.35151151030376,6.69746115708046,3.47450588865302,17.5767350937162,113.276712237858,0.0937431934271977,-0.350392989561034,-0.259789101998062,0.271789848843494,1.86811543299618
4,0.5,954.209913413284,39.7257620214067,2.06428039650385,6.69746115708046,3.47450588865302,17.5767350937162,113.276712237858,0.0937431934271977,-0.350392989561034,-0.259789101998062,0.271789848843494,2.26013317089867
4,0.6,945.306641223261,46.1495641660268,2.90621115824593,6.69746115708046,3.47450588865302,17.5767350937162,113.276712237858,0.0937431934271977,-0.350392989561034,-0.259789101998062,0.271789848843494,2.62560503529041
4,0.7,936.486441169226,52.1341433291931,3.86797185542553,6.69746115708046,3.47450588865302,17.5767350937162,113.276712237858,0.0937431934271977,-0.350392989561034,-0.259789101998062,0.271789848843494,2.96608801641617
4,0.8,927.748538145172,57.7052934432518,4.94078359333587,6.69746115708046,3.47450588865302,17.5767350937162,113.276712237858,0.0937431934271977,-0.350392989561034,-0.259789101998062,0.271789848843494,3.2830496184631
4,0.9,919.092164277229,62.8873256749381,6.1163886830081,6.69746115708046,3.47450588865302,17.5767350937162,113.276712237858,0.0937431934271977,-0.350392989561034,-0.259789101998062,0.271789848843494,3.5778729860599
4,1,910.516558856188,67.7031533731232,7.3870206260966,6.69746115708046,3.47450588865302,17.5767350937162,113.276712237858,0.0937431934271977,-0.350392989561034,-0.259789101998062,0.271789848843494,3.85186173724196
4,1.1,902.02096827065,72.1743721525821,8.74537581983441,6.69746115708046,3.47450588865302,17.5767350937162,113.276712237858,0.0937431934271977,-0.350392989561034,-0.259789101998062,0.271789848843494,4.10624451968813
4,1.2,893.604645940802,76.32133539226,10.1845868835656,6.69746115708046,3.47450588865302,17.5767350937162,113.276712237858,0.0937431934271977,-0.350392989561034,-0.259789101998062,0.271789848843494,4.34217930607292
4,1.3,885.266852252806,80.1632254105735,11.698197514,6.69746115708046,3.47450588865302,17.5767350937162,113.276712237858,0.0937431934271977,-0.350392989561034,-0.259789101998062,0.271789848843494,4.5607574434704
4,1.4,877.006854493803,83.7181205652517,13.2801387816532,6.69746115708046,3.47450588865302,17.5767350937162,113.276712237858,0.0937431934271977,-0.350392989561034,-0.259789101998062,0.271789848843494,4.76300747089154
4,1.5,868.823926787525,87.0030585110502,14.9247067859446,6.69746115708046,3.47450588865302,17.5767350937162,113.276712237858,0.0937431934271977,-0.350392989561034,-0.259789101998062,0.271789848843494,4.94989871822979
4,1.6,860.717350030504,90.0340958353153,16.6265415911533,6.69746115708046,3.47450588865302,17.5767350937162,113.276712237858,0.0937431934271977,-0.350392989561034,-0.259789101998062,0.271789848843494,5.12234469913034
4,1.7,852.686411828882,92.826364278778,18.3806073698852,6.69746115708046,3.47450588865302,17.5767350937162,113.276712237858,0.0937431934271977,-0.350392989561034,-0.259789101998062,0.271789848843494,5.28120630958159
4,1.8,844.730406435801,95.3941237370874,20.182173684903,6.69746115708046,3.47450588865302,17.5767350937162,113.276712237858,0.0937431934271977,-0.350392989561034,-0.259789101998062,0.271789848843494,5.42729484335185
4,1.9,836.848634689389,97.7508122273971,22.0267978441324,6.69746115708046,3.47450588865302,17.5767350937162,113.276712237858,0.0937431934271977,-0.350392989561034,-0.259789101998062,0.271789848843494,5.56137483475778
4,2,829.040403951314,99.9090929937683,23.910308267387,6.69746115708046,3.47450588865302,17.5767350937162,113.276712237858,0.0937431934271977,-0.350392989561034,-0.259789101998062,0.271789848843494,5.68416673865026
4,2.1,821.305028045919,101.880898915202,25.8287888068758,6.69746115708046,3.47450588865302,17.5767350937162,113.276712237858,0.0937431934271977,-0.350392989561034,-0.259789101998062,0.271789848843494,5.79634945693781
4,2.2,813.641827199921,103.677474370735,27.7785639668724,6.69746115708046,3.47450588865302,17.5767350937162,113.276712237858,0.0937431934271977,-0.350392989561034,-0.259789101998062,0.271789848843494,5.89856272043382
4,2.3,806.050127982674,105.309414707201,29.7561849710529,6.69746115708046,3.47450588865302,17.5767350937162,113.276712237858,0.0937431934271977,-0.350392989561034,-0.259789101998062,0.271789848843494,5.99140933431089
4,2.4,798.529263246987,106.786703446896,31.758416628959,6.69746115708046,3.47450588865302,17.5767350937162,113.276712237858,0.0937431934271977,-0.350392989561034,-0.259789101998062,0.271789848843494,6.07545729497133
4,2.5,791.078572070497,108.118747364574,33.7822249558192,6.69746115708046,3.47450588865302,17.5767350937162,113.276712237858,0.0937431934271977,-0.350392989561034,-0.259789101998062,0.271789848843494,6.15124178569586
4,2.6,783.697399697591,109.314409555734,35.8247655025846,6.69746115708046,3.47450588865302,17.5767350937162,113.276712237858,0.0937431934271977,-0.350392989561034,-0.259789101998062,0.271789848843494,6.21926705801096
4,2.7,776.385097481863,110.382040611235,37.8833723555043,6.69746115708046,3.47450588865302,17.5767350937162,113.276712237858,0.0937431934271977,-0.350392989561034,-0.259789101998062,0.271789848843494,6.28000820531783
4,2.8,769.141022829114,111.329508006637,39.9555477668945,6.69746115708046,3.47450588865302,17.5767350937162,113.276712237858,0.0937431934271977,-0.350392989561034,-0.259789101998062,0.271789848843494,6.33391283495181
4,2.9,761.964539140881,112.164223808492,42.0389523809498,6.69746115708046,3.47450588865302,17.5767350937162,113.276712237858,0.0937431934271977,-0.350392989561034,-0.259789101998062,0.271789848843494,6.38140264448725
4,3,754.855015758494,112.893170793957,44.1313960205192,6.69746115708046,3.47450588865302,17.5767350937162,113.276712237858,0.0937431934271977,-0.350392989561034,-0.259789101998062,0.271789848843494,6.4228749077704
4,3.1,747.811827907655,113.522927074554,46.2308290027138,6.69746115708046,3.47450588865302,17.5767350937162,113.276712237858,0.0937431934271977,-0.350392989561034,-0.259789101998062,0.271789848843494,6.45870387584891
4,3.2,740.834356643533,114.059689309742,48.3353339530594,6.69746115708046,3.47450588865302,17.5767350937162,113.276712237858,0.0937431934271977,-0.350392989561034,-0.259789101998062,0.271789848843494,6.4892420976703
4,3.3,733.921988796374,114.509294591027,50.443118089638,6.69746115708046,3.47450588865302,17.5767350937162,113.276712237858,0.0937431934271977,-0.350392989561034,-0.259789101998062,0.271789848843494,6.5148216651433
4,3.4,727.074116917613,114.877241072738,52.5525059502965,6.69746115708046,3.47450588865302,17.5767350937162,113.276712237858,0.0937431934271977,-0.350392989561034,-0.259789101998062,0.271789848843494,6.53575538689252
4,3.5,720.290139226496,115.168707421229,54.6619325375457,6.69746115708046,3.47450588865302,17.5767350937162,113.276712237858,0.0937431934271977,-0.350392989561034,-0.259789101998062,0.271789848843494,6.55233789478925
4,3.6,713.569459557193,115.388571150144,56.7699368572224,6.69746115708046,3.47450588865302,17.5767350937162,113.276712237858,0.0937431934271977,-0.350392989561034,-0.259789101998062,0.271789848843494,6.5648466871072
4,3.7,706.911487306412,115.541425905551,58.8751558283582,6.69746115708046,3.47450588865302,17.5767350937162,113.276712237858,0.0937431934271977,-0.350392989561034,-0.259789101998062,0.271789848843494,6.57354311193198
4,3.8,700.315637381494,115.631597761048,60.9763185429928,6.69746115708046,3.47450588865302,17.5767350937162,113.276712237858,0.0937431934271977,-0.350392989561034,-0.259789101998062,0.271789848843494,6.57867329424491
4,3.9,693.781330148996,115.663160579533,63.0722408558814,6.69746115708046,3.47450588865302,17.5767350937162,113.276712237858,0.0937431934271977,-0.350392989561034,-0.259789101998062,0.271789848843494,6.58046900990639
4,4,687.307991383757,115.639950495087,65.1618202852015,6.69746115708046,3.47450588865302,17.5767350937162,113.276712237858,0.0937431934271977,-0.350392989561034,-0.259789101998062,0.271789848843494,6.57914850957893
4,4.1,680.895052218433,115.565579565329,67.2440312064373,6.69746115708046,3.47450588865302,17.5767350937162,113.276712237858,0.0937431934271977,-0.350392989561034,-0.259789101998062,0.271789848843494,6.57491729545635
4,4.2,674.541949093508,115.443448641768,69.3179203226494,6.69746115708046,3.47450588865302,17.5767350937162,113.276712237858,0.0937431934271977,-0.350392989561034,-0.259789101998062,0.271789848843494,6.56796885350113
4,4.3,668.248123707764,115.276759502894,71.3826023952919,6.69746115708046,3.47450588865302,17.5767350937162,113.276712237858,0.0937431934271977,-0.350392989561034,-0.259789101998062,0.271789848843494,6.55848534373751
4,4.4,662.013022969227,115.06852629225,73.4372562206496,6.69746115708046,3.47450588865302,17.5767350937162,113.276712237858,0.0937431934271977,-0.350392989561034,-0.259789101998062,0.271789848843494,6.5466382510019
4,4.5,655.836098946553,114.82158630126,75.4811208378219,6.69746115708046,3.47450588865302,17.5767350937162,113.276712237858,0.0937431934271977,-0.350392989561034,-0.259789101998062,0.271789848843494,6.53258899841468
4,4.6,649.716808820885,114.538610134345,77.5134919549854,6.69746115708046,3.47450588865302,17.5767350937162,113.276712237858,0.0937431934271977,-0.350392989561034,-0.259789101998062,0.271789848843494,6.51648952570796
4,4.7,643.654614838144,114.222111291688,79.5337185814272,6.69746115708046,3.47450588865302,17.5767350937162,113.276712237858,0.0937431934271977,-0.350392989561034,-0.259789101998062,0.271789848843494,6.49848283442148
4,4.8,637.648984261775,113.874455202993,81.5411998535579,6.69746115708046,3.47450588865302,17.5767350937162,113.276712237858,0.0937431934271977,-0.350392989561034,-0.259789101998062,0.271789848843494,6.47870350186388
4,4.9,631.699389325932,113.497867743673,83.5353820437865,6.69746115708046,3.47450588865302,17.5767350937162,113.276712237858,0.0937431934271977,-0.350392989561034,-0.259789101998062,0.271789848843494,6.45727816562757
4,5,625.805307189097,113.094443263113,85.5157557417783,6.69746115708046,3.47450588865302,17.5767350937162,113.276712237858,0.0937431934271977,-0.350392989561034,-0.259789101998062,0.271789848843494,6.4343259803435
4,5.1,619.966219888132,112.666152152926,87.4818531982154,6.69746115708046,3.47450588865302,17.5767350937162,113.276712237858,0.0937431934271977,-0.350392989561034,-0.259789101998062,0.271789848843494,6.40995904826516
4,5.2,614.181614292766,112.214847981559,89.4332458217455,6.69746115708046,3.47450588865302,17.5767350937162,113.276712237858,0.0937431934271977,-0.350392989561034,-0.259789101998062,0.271789848843494,6.38428282518045
4,5.3,608.450982060497,111.742274220077,91.3695418203388,6.69746115708046,3.47450588865302,17.5767350937162,113.276712237858,0.0937431934271977,-0.350392989561034,-0.259789101998062,0.271789848843494,6.35739650306418
4,5.4,602.773819591923,111.250070582525,93.2903839787746,6.69746115708046,3.47450588865302,17.5767350937162,113.276712237858,0.0937431934271977,-0.350392989561034,-0.259789101998062,0.271789848843494,6.32939337080286
4,5.5,597.149627986482,110.73977900295,95.1954475644535,6.69746115708046,3.47450588865302,17.5767350937162,113.276712237858,0.0937431934271977,-0.350392989561034,-0.259789101998062,0.271789848843494,6.30036115424762
4,5.6,591.577912998616,110.212849269877,97.0844383541789,6.69746115708046,3.47450588865302,17.5767350937162,113.276712237858,0.0937431934271977,-0.350392989561034,-0.259789101998062,0.271789848843494,6.27038233677874
4,5.7,586.058184994332,109.670644337862,98.9570907749705,6.69746115708046,3.47450588865302,17.5767350937162,113.276712237858,0.0937431934271977,-0.350392989561034,-0.259789101998062,0.271789848843494,6.2395344614979
4,5.8,580.589958908175,109.114445334609,100.813166152374,6.69746115708046,3.47450588865302,17.5767350937162,113.276712237858,0.0937431934271977,-0.350392989561034,-0.259789101998062,0.271789848843494,6.20789041610001
4,5.9,575.172754200603,108.54545628109,102.652451060099,6.69746115708046,3.47450588865302,17.5767350937162,113.276712237858,0.0937431934271977,-0.350392989561034,-0.259789101998062,0.271789848843494,6.17551870141664
4,6,569.806094815756,107.964808541088,104.474755765178,6.69746115708046,3.47450588865302,17.5767350937162,113.276712237858,0.0937431934271977,-0.350392989561034,-0.259789101998062,0.271789848843494,6.14248368456589
4,6.1,564.489509139621,107.373565015675,106.279912763165,6.69746115708046,3.47450588865302,17.5767350937162,113.276712237858,0.0937431934271977,-0.350392989561034,-0.259789101998062,0.271789848843494,6.10884583759027
4,6.2,559.222529958588,106.772724097218,108.067775398212,6.69746115708046,3.47450588865302,17.5767350937162,113.276712237858,0.0937431934271977,-0.350392989561034,-0.259789101998062,0.271789848843494,6.07466196241361
4,6.3,554.004694418392,106.163223396693,109.838216563149,6.69746115708046,3.47450588865302,17.5767350937162,113.276712237858,0.0937431934271977,-0.350392989561034,-0.259789101998062,0.271789848843494,6.0399854029004
4,6.4,548.835543983438,105.545943257278,111.591127474987,6.69746115708046,3.47450588865302,17.5767350937162,113.276712237858,0.0937431934271977,-0.350392989561034,-0.259789101998062,0.271789848843494,6.00486624475623
4,6.5,543.714624396504,104.921710066478,113.326416521509,6.69746115708046,3.47450588865302,17.5767350937162,113.276712237858,0.0937431934271977,-0.350392989561034,-0.259789101998062,0.271789848843494,5.9693515039655
4,6.6,538.641485638825,104.2912993783,115.044008174868,6.69746115708046,3.47450588865302,17.5767350937162,113.276712237858,0.0937431934271977,-0.350392989561034,-0.259789101998062,0.271789848843494,5.93348530442297
4,6.7,533.615681890542,103.655438856383,116.743841968359,6.69746115708046,3.47450588865302,17.5767350937162,113.276712237858,0.0937431934271977,-0.350392989561034,-0.259789101998062,0.271789848843494,5.89730904537784
4,6.8,528.636771491527,103.014811048303,118.425871532723,6.69746115708046,3.47450588865302,17.5767350937162,113.276712237858,0.0937431934271977,-0.350392989561034,-0.259789101998062,0.271789848843494,5.86086155927398
4,6.9,523.704316902569,102.370056000759,120.090063688577,6.69746115708046,3.47450588865302,17.5767350937162,113.276712237858,0.0937431934271977,-0.350392989561034,-0.259789101998062,0.271789848843494,5.8241792605361
4,7,518.817884666925,101.721773724715,121.736397591743,6.69746115708046,3.47450588865302,17.5767350937162,113.276712237858,0.0937431934271977,-0.350392989561034,-0.259789101998062,0.271789848843494,5.78729628582053
4,7.1,513.977045372226,101.070526519124,123.364863928444,6.69746115708046,3.47450588865302,17.5767350937162,113.276712237858,0.0937431934271977,-0.350392989561034,-0.259789101998062,0.271789848843494,5.75024462621943
4,7.2,509.181373612745,100.416841161309,124.975464157492,6.69746115708046,3.47450588865302,17.5767350937162,113.276712237858,0.0937431934271977,-0.350392989561034,-0.259789101998062,0.271789848843494,5.71305425187919
4,7.3,504.430447952008,99.7612109716555,126.568209796783,6.69746115708046,3.47450588865302,17.5767350937162,113.276712237858,0.0937431934271977,-0.350392989561034,-0.259789101998062,0.271789848843494,5.67575322946757
4,7.4,499.723850885764,99.1040977597978,128.143121751541,6.69746115708046,3.47450588865302,17.5767350937162,113.276712237858,0.0937431934271977,-0.350392989561034,-0.259789101998062,0.271789848843494,5.63836783289908
4,7.5,495.06116880529,98.4459336591041,129.700229681924,6.69746115708046,3.47450588865302,17.5767350937162,113.276712237858,0.0937431934271977,-0.350392989561034,-0.259789101998062,0.271789848843494,5.60092264770488
4,7.6,490.441991961048,97.7871228558437,131.239571407722,6.69746115708046,3.47450588865302,17.5767350937162,113.276712237858,0.0937431934271977,-0.350392989561034,-0.259789101998062,0.271789848843494,5.56344066941097
4,7.7,485.865914426674,97.1280432190759,132.761192348015,6.69746115708046,3.47450588865302,17.5767350937162,113.276712237858,0.0937431934271977,-0.350392989561034,-0.259789101998062,0.271789848843494,5.52594339626817
4,7.8,481.33253406331,96.4690478369456,134.265144993787,6.69746115708046,3.47450588865302,17.5767350937162,113.276712237858,0.0937431934271977,-0.350392989561034,-0.259789101998062,0.271789848843494,5.4884509166571
4,7.9,476.841452484258,95.8104664647465,135.751488411598,6.69746115708046,3.47450588865302,17.5767350937162,113.276712237858,0.0937431934271977,-0.350392989561034,-0.259789101998062,0.271789848843494,5.45098199147346
4,8,472.392275019975,95.1526068898062,137.220287776524,6.69746115708046,3.47450588865302,17.5767350937162,113.276712237858,0.0937431934271977,-0.350392989561034,-0.259789101998062,0.271789848843494,5.41355413178094
4,8.1,467.98461068339,94.4957562179571,138.671613932689,6.69746115708046,3.47450588865302,17.5767350937162,113.276712237858,0.0937431934271977,-0.350392989561034,-0.259789101998062,0.271789848843494,5.37618367200289
4,8.2,463.618072135543,93.8401820860864,140.105542979793,6.69746115708046,3.47450588865302,17.5767350937162,113.276712237858,0.0937431934271977,-0.350392989561034,-0.259789101998062,0.271789848843494,5.33888583890844
4,8.3,459.292275651548,93.1861338049988,141.522155884151,6.69746115708046,3.47450588865302,17.5767350937162,113.276712237858,0.0937431934271977,-0.350392989561034,-0.259789101998062,0.271789848843494,5.30167481663381
4,8.4,455.006841086868,92.5338434365846,142.921538112816,6.69746115708046,3.47450588865302,17.5767350937162,113.276712237858,0.0937431934271977,-0.350392989561034,-0.259789101998062,0.271789848843494,5.26456380796603
4,8.5,450.761391843914,91.883526809056,144.303779289474,6.69746115708046,3.47450588865302,17.5767350937162,113.276712237858,0.0937431934271977,-0.350392989561034,-0.259789101998062,0.271789848843494,5.2275650921032
4,8.6,446.555554838947,91.2353844738017,145.668972870841,6.69746115708046,3.47450588865302,17.5767350937162,113.276712237858,0.0937431934271977,-0.350392989561034,-0.259789101998062,0.271789848843494,5.19069007909319
4,8.7,442.38896046929,90.5896026072021,147.017215842396,6.69746115708046,3.47450588865302,17.5767350937162,113.276712237858,0.0937431934271977,-0.350392989561034,-0.259789101998062,0.271789848843494,5.15394936114094
4,8.8,438.261242580854,89.9463538605609,148.348608432323,6.69746115708046,3.47450588865302,17.5767350937162,113.276712237858,0.0937431934271977,-0.350392989561034,-0.259789101998062,0.271789848843494,5.11735276096397
4,8.9,434.172038435952,89.3057981611246,149.663253842617,6.69746115708046,3.47450588865302,17.5767350937162,113.276712237858,0.0937431934271977,-0.350392989561034,-0.259789101998062,0.271789848843494,5.08090937736509
4,9,430.120988681433,88.6680834669934,150.961257996363,6.69746115708046,3.47450588865302,17.5767350937162,113.276712237858,0.0937431934271977,-0.350392989561034,-0.259789101998062,0.271789848843494,5.0446276281818
4,9.1,426.107737317093,88.033346478564,152.242729300263,6.69746115708046,3.47450588865302,17.5767350937162,113.276712237858,0.0937431934271977,-0.350392989561034,-0.259789101998062,0.271789848843494,5.00851529076276
4,9.2,422.131931664394,87.4017133089982,153.507778421511,6.69746115708046,3.47450588865302,17.5767350937162,113.276712237858,0.0937431934271977,-0.350392989561034,-0.259789101998062,0.271789848843494,4.97257954011294
4,9.3,418.193222335475,86.7733001160625,154.756518078211,6.69746115708046,3.47450588865302,17.5767350937162,113.276712237858,0.0937431934271977,-0.350392989561034,-0.259789101998062,0.271789848843494,4.93682698484115
4,9.4,414.291263202439,86.1482136975539,155.989062842537,6.69746115708046,3.47450588865302,17.5767350937162,113.276712237858,0.0937431934271977,-0.350392989561034,-0.259789101998062,0.271789848843494,4.90126370103584
4,9.5,410.425711366946,85.5265520523994,157.205528955912,6.69746115708046,3.47450588865302,17.5767350937162,113.276712237858,0.0937431934271977,-0.350392989561034,-0.259789101998062,0.271789848843494,4.86589526418793
4,9.6,406.596227130073,84.9084049093952,158.406034155498,6.69746115708046,3.47450588865302,17.5767350937162,113.276712237858,0.0937431934271977,-0.350392989561034,-0.259789101998062,0.271789848843494,4.8307267792726
4,9.7,402.802473962464,84.2938542254422,159.590697511356,6.69746115708046,3.47450588865302,17.5767350937162,113.276712237858,0.0937431934271977,-0.350392989561034,-0.259789101998062,0.271789848843494,4.79576290909555
4,9.8,399.044118474756,83.6829746550249,160.759639273646,6.69746115708046,3.47450588865302,17.5767350937162,113.276712237858,0.0937431934271977,-0.350392989561034,-0.259789101998062,0.271789848843494,4.76100790100331
4,9.9,395.32083038828,83.0758339925829,161.912980729296,6.69746115708046,3.47450588865302,17.5767350937162,113.276712237858,0.0937431934271977,-0.350392989561034,-0.259789101998062,0.271789848843494,4.72646561205119
4,10,391.63228250604,82.4724935893298,163.050844067582,6.69746115708046,3.47450588865302,17.5767350937162,113.276712237858,0.0937431934271977,-0.350392989561034,-0.259789101998062,0.271789848843494,4.69213953271756
4,10.1,387.978150683956,81.8730087459828,164.173352254108,6.69746115708046,3.47450588865302,17.5767350937162,113.276712237858,0.0937431934271977,-0.350392989561034,-0.259789101998062,0.271789848843494,4.65803280924755
4,10.2,384.35811380238,81.2774290827861,165.280628912703,6.69746115708046,3.47450588865302,17.5767350937162,113.276712237858,0.0937431934271977,-0.350392989561034,-0.259789101998062,0.271789848843494,4.62414826470494
4,10.3,380.771853737877,80.6857988881287,166.372798214754,6.69746115708046,3.47450588865302,17.5767350937162,113.276712237858,0.0937431934271977,-0.350392989561034,-0.259789101998062,0.271789848843494,4.59048841880621
4,10.4,377.219055335268,80.0981574469857,167.449984775577,6.69746115708046,3.47450588865302,17.5767350937162,113.276712237858,0.0937431934271977,-0.350392989561034,-0.259789101998062,0.271789848843494,4.55705550660665
4,10.5,373.699406379935,79.514539350338,168.512313557384,6.69746115708046,3.47450588865302,17.5767350937162,113.276712237858,0.0937431934271977,-0.350392989561034,-0.259789101998062,0.271789848843494,4.52385149610437
4,10.6,370.212597570383,78.9349747866649,169.559909778481,6.69746115708046,3.47450588865302,17.5767350937162,113.276712237858,0.0937431934271977,-0.350392989561034,-0.259789101998062,0.271789848843494,4.49087810482418
4,10.7,366.758322491062,78.3594898165334,170.592898828328,6.69746115708046,3.47450588865302,17.5767350937162,113.276712237858,0.0937431934271977,-0.350392989561034,-0.259789101998062,0.271789848843494,4.45813681544006
4,10.8,363.336277585435,77.7881066312589,171.611406188121,6.69746115708046,3.47450588865302,17.5767350937162,113.276712237858,0.0937431934271977,-0.350392989561034,-0.259789101998062,0.271789848843494,4.42562889049108
4,10.9,359.946162129307,77.2208437965471,172.615557356571,6.69746115708046,3.47450588865302,17.5767350937162,113.276712237858,0.0937431934271977,-0.350392989561034,-0.259789101998062,0.271789848843494,4.39335538624316
4,11,356.587678204393,76.6577164819815,173.605477780579,6.69746115708046,3.47450588865302,17.5767350937162,113.276712237858,0.0937431934271977,-0.350392989561034,-0.259789101998062,0.271789848843494,4.36131716574526
4,11.1,353.260530672142,76.098736677167,174.581292790522,6.69746115708046,3.47450588865302,17.5767350937162,113.276712237858,0.0937431934271977,-0.350392989561034,-0.259789101998062,0.271789848843494,4.32951491112663
4,11.2,349.964427147798,75.5439133952974,175.54312753987,6.69746115708046,3.47450588865302,17.5767350937162,113.276712237858,0.0937431934271977,-0.350392989561034,-0.259789101998062,0.271789848843494,4.29794913517841
4,11.3,346.699077974703,74.9932528648668,176.491106948899,6.69746115708046,3.47450588865302,17.5767350937162,113.276712237858,0.0937431934271977,-0.350392989561034,-0.259789101998062,0.271789848843494,4.2666201922607
4,11.4,343.46419619885,74.4467587102068,177.42535565224,6.69746115708046,3.47450588865302,17.5767350937162,113.276712237858,0.0937431934271977,-0.350392989561034,-0.259789101998062,0.271789848843494,4.23552828857403
4,11.5,340.259497543658,73.9044321214905,178.345997950051,6.69746115708046,3.47450588865302,17.5767350937162,113.276712237858,0.0937431934271977,-0.350392989561034,-0.259789101998062,0.271789848843494,4.20467349183137
4,11.6,337.084700384996,73.3662720148088,179.253157762593,6.69746115708046,3.47450588865302,17.5767350937162,113.276712237858,0.0937431934271977,-0.350392989561034,-0.259789101998062,0.271789848843494,4.17405574036544
4,11.7,333.93952572643,72.832275182888,180.146958588012,6.69746115708046,3.47450588865302,17.5767350937162,113.276712237858,0.0937431934271977,-0.350392989561034,-0.259789101998062,0.271789848843494,4.14367485170361
4,11.8,330.823697174707,72.3024364369882,181.027523463139,6.69746115708046,3.47450588865302,17.5767350937162,113.276712237858,0.0937431934271977,-0.350392989561034,-0.259789101998062,0.271789848843494,4.11353053064087
4,11.9,327.736940915468,71.7767487404872,181.894974927124,6.69746115708046,3.47450588865302,17.5767350937162,113.276712237858,0.0937431934271977,-0.350392989561034,-0.259789101998062,0.271789848843494,4.08362237683994
4,12,324.678985689182,71.2552033346288,182.749434987744,6.69746115708046,3.47450588865302,17.5767350937162,113.276712237858,0.0937431934271977,-0.350392989561034,-0.259789101998062,0.271789848843494,4.05394989198552
4,12.1,321.64956276731,70.7377898568861,183.591025090219,6.69746115708046,3.47450588865302,17.5767350937162,113.276712237858,0.0937431934271977,-0.350392989561034,-0.259789101998062,0.271789848843494,4.02451248651835
4,12.2,318.64840592869,70.2244964523636,184.419866088391,6.69746115708046,3.47450588865302,17.5767350937162,113.276712237858,0.0937431934271977,-0.350392989561034,-0.259789101998062,0.271789848843494,3.99530948597327
4,12.3,315.67525143614,69.7153098786382,185.236078218129,6.69746115708046,3.47450588865302,17.5767350937162,113.276712237858,0.0937431934271977,-0.350392989561034,-0.259789101998062,0.271789848843494,3.96634013694398
4,12.4,312.729838013283,69.2102156044182,186.039781072815,6.69746115708046,3.47450588865302,17.5767350937162,113.276712237858,0.0937431934271977,-0.350392989561034,-0.259789101998062,0.271789848843494,3.93760361269605
4,12.5,309.811906821587,68.7091979023731,186.831093580803,6.69746115708046,3.47450588865302,17.5767350937162,113.276712237858,0.0937431934271977,-0.350392989561034,-0.259789101998062,0.271789848843494,3.90909901844838
4,12.6,306.921201437616,68.2122399364721,187.610133984715,6.69746115708046,3.47450588865302,17.5767350937162,113.276712237858,0.0937431934271977,-0.350392989561034,-0.259789101998062,0.271789848843494,3.88082539634215
4,12.7,304.057467830496,67.7193238441464,188.377019822484,6.69746115708046,3.47450588865302,17.5767350937162,113.276712237858,0.0937431934271977,-0.350392989561034,-0.259789101998062,0.271789848843494,3.85278173011531
4,12.8,301.220454339596,67.2304308135727,189.131867910016,6.69746115708046,3.47450588865302,17.5767350937162,113.276712237858,0.0937431934271977,-0.350392989561034,-0.259789101998062,0.271789848843494,3.82496694949951
4,12.9,298.409911652406,66.7455411563599,189.874794325394,6.69746115708046,3.47450588865302,17.5767350937162,113.276712237858,0.0937431934271977,-0.350392989561034,-0.259789101998062,0.271789848843494,3.7973799343555
4,13,295.625592782631,66.2646343759034,190.605914394519,6.69746115708046,3.47450588865302,17.5767350937162,113.276712237858,0.0937431934271977,-0.350392989561034,-0.259789101998062,0.271789848843494,3.77001951856199
4,13.1,292.867253048488,65.787689231656,191.325342678098,6.69746115708046,3.47450588865302,17.5767350937162,113.276712237858,0.0937431934271977,-0.350392989561034,-0.259789101998062,0.271789848843494,3.7428844936723
4,13.2,290.1346500512,65.3146837995519,192.033192959913,6.69746115708046,3.47450588865302,17.5767350937162,113.276712237858,0.0937431934271977,-0.350392989561034,-0.259789101998062,0.271789848843494,3.71597361235207
4,13.3,287.427543653696,64.8455955288044,192.729578236271,6.69746115708046,3.47450588865302,17.5767350937162,113.276712237858,0.0937431934271977,-0.350392989561034,-0.259789101998062,0.271789848843494,3.68928559161065
4,13.4,284.745695959508,64.3804012952882,193.414610706582,6.69746115708046,3.47450588865302,17.5767350937162,113.276712237858,0.0937431934271977,-0.350392989561034,-0.259789101998062,0.271789848843494,3.66281911583822
4,13.5,282.088871291865,63.9190774517006,194.088401764982,6.69746115708046,3.47450588865302,17.5767350937162,113.276712237858,0.0937431934271977,-0.350392989561034,-0.259789101998062,0.271789848843494,3.63657283965964
4,13.6,279.456836172984,63.4615998746911,194.751061992943,6.69746115708046,3.47450588865302,17.5767350937162,113.276712237858,0.0937431934271977,-0.350392989561034,-0.259789101998062,0.271789848843494,3.61054539061575
4,13.7,276.849359303549,63.0079440091309,195.402701152807,6.69746115708046,3.47450588865302,17.5767350937162,113.276712237858,0.0937431934271977,-0.350392989561034,-0.259789101998062,0.271789848843494,3.58473537168212
4,13.8,274.266211542386,62.5580849096903,196.043428182192,6.69746115708046,3.47450588865302,17.5767350937162,113.276712237858,0.0937431934271977,-0.350392989561034,-0.259789101998062,0.271789848843494,3.55914136363444
4,13.9,271.707165886327,62.1119972798779,196.673351189199,6.69746115708046,3.47450588865302,17.5767350937162,113.276712237858,0.0937431934271977,-0.350392989561034,-0.259789101998062,0.271789848843494,3.53376192726961
4,14,269.171997450262,61.6696555086897,197.292577448391,6.69746115708046,3.47450588865302,17.5767350937162,113.276712237858,0.0937431934271977,-0.350392989561034,-0.259789101998062,0.271789848843494,3.50859560549087
4,14.1,266.660483447374,61.2310337050051,197.901213397482,6.69746115708046,3.47450588865302,17.5767350937162,113.276712237858,0.0937431934271977,-0.350392989561034,-0.259789101998062,0.271789848843494,3.48364092526465
4,14.2,264.172403169563,60.7961057298608,198.49936463469,6.69746115708046,3.47450588865302,17.5767350937162,113.276712237858,0.0937431934271977,-0.350392989561034,-0.259789101998062,0.271789848843494,3.45889639945679
4,14.3,261.70753796805,60.364845226726,199.087135916722,6.69746115708046,3.47450588865302,17.5767350937162,113.276712237858,0.0937431934271977,-0.350392989561034,-0.259789101998062,0.271789848843494,3.43436052855498
4,14.4,259.265671234161,59.9372256498944,199.664631157338,6.69746115708046,3.47450588865302,17.5767350937162,113.276712237858,0.0937431934271977,-0.350392989561034,-0.259789101998062,0.271789848843494,3.41003180228405
4,14.5,256.846588380295,59.5132202911011,200.231953426463,6.69746115708046,3.47450588865302,17.5767350937162,113.276712237858,0.0937431934271977,-0.350392989561034,-0.259789101998062,0.271789848843494,3.38590870112035
4,14.6,254.450076821063,59.0928023044699,200.789204949818,6.69746115708046,3.47450588865302,17.5767350937162,113.276712237858,0.0937431934271977,-0.350392989561034,-0.259789101998062,0.271789848843494,3.36198969771104
4,14.7,252.075925954608,58.6759447298853,201.336487109014,6.69746115708046,3.47450588865302,17.5767350937162,113.276712237858,0.0937431934271977,-0.350392989561034,-0.259789101998062,0.271789848843494,3.33827325820382
4,14.8,249.723927144097,58.2626205148825,201.873900442108,6.69746115708046,3.47450588865302,17.5767350937162,113.276712237858,0.0937431934271977,-0.350392989561034,-0.259789101998062,0.271789848843494,3.31475784349233
4,14.9,247.393873699386,57.852802535141,202.401544644565,6.69746115708046,3.47450588865302,17.5767350937162,113.276712237858,0.0937431934271977,-0.350392989561034,-0.259789101998062,0.271789848843494,3.29144191038208
4,15,245.085560858859,57.4464636136629,202.919518570612,6.69746115708046,3.47450588865302,17.5767350937162,113.276712237858,0.0937431934271977,-0.350392989561034,-0.259789101998062,0.271789848843494,3.26832391268163
4,15.1,242.79878577143,57.0435765387132,203.427920234955,6.69746115708046,3.47450588865302,17.5767350937162,113.276712237858,0.0937431934271977,-0.350392989561034,-0.259789101998062,0.271789848843494,3.24540230222317
4,15.2,240.53334747872,56.6441140805932,203.92684681483,6.69746115708046,3.47450588865302,17.5767350937162,113.276712237858,0.0937431934271977,-0.350392989561034,-0.259789101998062,0.271789848843494,3.22267552981691
4,15.3,238.289046897394,56.2480490073165,204.41639465237,6.69746115708046,3.47450588865302,17.5767350937162,113.276712237858,0.0937431934271977,-0.350392989561034,-0.259789101998062,0.271789848843494,3.20014204614289
4,15.4,236.065686801668,55.85535409925,204.896659257267,6.69746115708046,3.47450588865302,17.5767350937162,113.276712237858,0.0937431934271977,-0.350392989561034,-0.259789101998062,0.271789848843494,3.17780030258399
4,15.5,233.863071805978,55.4660021627825,205.367735309697,6.69746115708046,3.47450588865302,17.5767350937162,113.276712237858,0.0937431934271977,-0.350392989561034,-0.259789101998062,0.271789848843494,3.15564875200355
4,15.6,231.681008347807,55.0799660430759,205.829716663505,6.69746115708046,3.47450588865302,17.5767350937162,113.276712237858,0.0937431934271977,-0.350392989561034,-0.259789101998062,0.271789848843494,3.13368584947084
4,15.7,229.519304670677,54.6972186359539,206.282696349616,6.69746115708046,3.47450588865302,17.5767350937162,113.276712237858,0.0937431934271977,-0.350392989561034,-0.259789101998062,0.271789848843494,3.11191005293745
4,15.8,227.377770807296,54.3177328989785,206.726766579672,6.69746115708046,3.47450588865302,17.5767350937162,113.276712237858,0.0937431934271977,-0.350392989561034,-0.259789101998062,0.271789848843494,3.09031982386749
4,15.9,225.256218562867,53.9414818617619,207.162018749856,6.69746115708046,3.47450588865302,17.5767350937162,113.276712237858,0.0937431934271977,-0.350392989561034,-0.259789101998062,0.271789848843494,3.06891362782422
4,16,223.154461498547,53.5684386355591,207.588543444911,6.69746115708046,3.47450588865302,17.5767350937162,113.276712237858,0.0937431934271977,-0.350392989561034,-0.259789101998062,0.271789848843494,3.04768993501588
4,16.1,221.072314915063,53.1985764221838,208.006430442324,6.69746115708046,3.47450588865302,17.5767350937162,113.276712237858,0.0937431934271977,-0.350392989561034,-0.259789101998062,0.271789848843494,3.02664722080284
4,16.2,219.009595836484,52.831868522286,208.415768716671,6.69746115708046,3.47450588865302,17.5767350937162,113.276712237858,0.0937431934271977,-0.350392989561034,-0.259789101998062,0.271789848843494,3.00578396616866
4,16.3,216.966122994136,52.4682883430315,208.816646444101,6.69746115708046,3.47450588865302,17.5767350937162,113.276712237858,0.0937431934271977,-0.350392989561034,-0.259789101998062,0.271789848843494,2.9850986581569
4,16.4,214.941716810677,52.1078094052164,209.209151006956,6.69746115708046,3.47450588865302,17.5767350937162,113.276712237858,0.0937431934271977,-0.350392989561034,-0.259789101998062,0.271789848843494,2.96458979027597
4,16.5,212.936199384317,51.7504053498518,209.593368998508,6.69746115708046,3.47450588865302,17.5767350937162,113.276712237858,0.0937431934271977,-0.350392989561034,-0.259789101998062,0.271789848843494,2.9442558628737
4,16.6,210.949394473177,51.3960499442493,209.969386227814,6.69746115708046,3.47450588865302,17.5767350937162,113.276712237858,0.0937431934271977,-0.350392989561034,-0.259789101998062,0.271789848843494,2.92409538348358
4,16.7,208.98112747981,51.0447170876365,210.337287724664,6.69746115708046,3.47450588865302,17.5767350937162,113.276712237858,0.0937431934271977,-0.350392989561034,-0.259789101998062,0.271789848843494,2.90410686714425
4,16.8,207.03122543585,50.6963808163326,210.697157744622,6.69746115708046,3.47450588865302,17.5767350937162,113.276712237858,0.0937431934271977,-0.350392989561034,-0.259789101998062,0.271789848843494,2.88428883669397
4,16.9,205.099516986819,50.3510153085078,211.049079774152,6.69746115708046,3.47450588865302,17.5767350937162,113.276712237858,0.0937431934271977,-0.350392989561034,-0.259789101998062,0.271789848843494,2.86463982304135
4,17,203.185832377063,50.008594888553,211.393136535818,6.69746115708046,3.47450588865302,17.5767350937162,113.276712237858,0.0937431934271977,-0.350392989561034,-0.259789101998062,0.271789848843494,2.84515836541403
4,17.1,201.290003434835,49.6690940310837,211.729409993547,6.69746115708046,3.47450588865302,17.5767350937162,113.276712237858,0.0937431934271977,-0.350392989561034,-0.259789101998062,0.271789848843494,2.82584301158643
4,17.2,199.41186355752,49.3324873645981,212.057981357956,6.69746115708046,3.47450588865302,17.5767350937162,113.276712237858,0.0937431934271977,-0.350392989561034,-0.259789101998062,0.271789848843494,2.80669231808784
4,17.3,197.551247696989,48.9987496748122,212.37893109173,6.69746115708046,3.47450588865302,17.5767350937162,113.276712237858,0.0937431934271977,-0.350392989561034,-0.259789101998062,0.271789848843494,2.78770485039224
4,17.4,195.707992345099,48.6678559076904,212.692338915043,6.69746115708046,3.47450588865302,17.5767350937162,113.276712237858,0.0937431934271977,-0.350392989561034,-0.259789101998062,0.271789848843494,2.7688791830907
4,17.5,193.881935519323,48.3397811721912,212.998283811029,6.69746115708046,3.47450588865302,17.5767350937162,113.276712237858,0.0937431934271977,-0.350392989561034,-0.259789101998062,0.271789848843494,2.75021390004751
4,17.6,192.072916748514,48.0145007427432,213.296844031272,6.69746115708046,3.47450588865302,17.5767350937162,113.276712237858,0.0937431934271977,-0.350392989561034,-0.259789101998062,0.271789848843494,2.73170759454119
4,17.7,190.280777058802,47.6919900614708,213.588097101343,6.69746115708046,3.47450588865302,17.5767350937162,113.276712237858,0.0937431934271977,-0.350392989561034,-0.259789101998062,0.271789848843494,2.713358869391
4,17.8,188.50535895963,47.3722247401822,213.872119826349,6.69746115708046,3.47450588865302,17.5767350937162,113.276712237858,0.0937431934271977,-0.350392989561034,-0.259789101998062,0.271789848843494,2.69516633707008
4,17.9,186.746506429905,47.0551805621364,214.148988296508,6.69746115708046,3.47450588865302,17.5767350937162,113.276712237858,0.0937431934271977,-0.350392989561034,-0.259789101998062,0.271789848843494,2.67712861980602
4,18,185.004064904293,46.7408334836016,214.418777892736,6.69746115708046,3.47450588865302,17.5767350937162,113.276712237858,0.0937431934271977,-0.350392989561034,-0.259789101998062,0.271789848843494,2.65924434966945
4,18.1,183.277881259636,46.4291596352181,214.681563292251,6.69746115708046,3.47450588865302,17.5767350937162,113.276712237858,0.0937431934271977,-0.350392989561034,-0.259789101998062,0.271789848843494,2.64151216865167
4,18.2,181.567803801492,46.1201353231792,214.937418474179,6.69746115708046,3.47450588865302,17.5767350937162,113.276712237858,0.0937431934271977,-0.350392989561034,-0.259789101998062,0.271789848843494,2.62393072873173
4,18.3,179.873682250809,45.8137370302389,215.186416725169,6.69746115708046,3.47450588865302,17.5767350937162,113.276712237858,0.0937431934271977,-0.350392989561034,-0.259789101998062,0.271789848843494,2.60649869193384
4,18.4,178.195367730713,45.5099414165601,215.428630645006,6.69746115708046,3.47450588865302,17.5767350937162,113.276712237858,0.0937431934271977,-0.350392989561034,-0.259789101998062,0.271789848843494,2.58921473037563
4,18.5,176.532712753431,45.2087253204117,215.664132152224,6.69746115708046,3.47450588865302,17.5767350937162,113.276712237858,0.0937431934271977,-0.350392989561034,-0.259789101998062,0.271789848843494,2.57207752630772
4,18.6,174.885571207328,44.9100657587241,215.892992489711,6.69746115708046,3.47450588865302,17.5767350937162,113.276712237858,0.0937431934271977,-0.350392989561034,-0.259789101998062,0.271789848843494,2.55508577214546
4,18.7,173.253798344062,44.6139399275137,216.115282230315,6.69746115708046,3.47450588865302,17.5767350937162,113.276712237858,0.0937431934271977,-0.350392989561034,-0.259789101998062,0.271789848843494,2.53823817049297
4,18.8,171.637250765873,44.320325202183,216.331071282427,6.69746115708046,3.47450588865302,17.5767350937162,113.276712237858,0.0937431934271977,-0.350392989561034,-0.259789101998062,0.271789848843494,2.52153343416024
4,18.9,170.035786412972,44.0291991377052,216.540428895561,6.69746115708046,3.47450588865302,17.5767350937162,113.276712237858,0.0937431934271977,-0.350392989561034,-0.259789101998062,0.271789848843494,2.50497028617368
4,19,168.449264551064,43.7405394687014,216.743423665921,6.69746115708046,3.47450588865302,17.5767350937162,113.276712237858,0.0937431934271977,-0.350392989561034,-0.259789101998062,0.271789848843494,2.48854745978046
4,19.1,166.877545758977,43.4543241094161,216.940123541941,6.69746115708046,3.47450588865302,17.5767350937162,113.276712237858,0.0937431934271977,-0.350392989561034,-0.259789101998062,0.271789848843494,2.47226369844712
4,19.2,165.32049191641,43.1705311535988,217.130595829817,6.69746115708046,3.47450588865302,17.5767350937162,113.276712237858,0.0937431934271977,-0.350392989561034,-0.259789101998062,0.271789848843494,2.45611775585288
4,19.3,163.777966191798,42.889138874298,217.314907199013,6.69746115708046,3.47450588865302,17.5767350937162,113.276712237858,0.0937431934271977,-0.350392989561034,-0.259789101998062,0.271789848843494,2.44010839587787
4,19.4,162.249833030282,42.6101257235723,217.493123687752,6.69746115708046,3.47450588865302,17.5767350937162,113.276712237858,0.0937431934271977,-0.350392989561034,-0.259789101998062,0.271789848843494,2.4242343925867
4,19.5,160.735958141802,42.3334703321257,217.66531070847,6.69746115708046,3.47450588865302,17.5767350937162,113.276712237858,0.0937431934271977,-0.350392989561034,-0.259789101998062,0.271789848843494,2.40849453020773
4,19.6,159.236208489295,42.0591515088716,217.831533053264,6.69746115708046,3.47450588865302,17.5767350937162,113.276712237858,0.0937431934271977,-0.350392989561034,-0.259789101998062,0.271789848843494,2.39288760310827
4,19.7,157.750452276999,41.7871482404301,217.991854899298,6.69746115708046,3.47450588865302,17.5767350937162,113.276712237858,0.0937431934271977,-0.350392989561034,-0.259789101998062,0.271789848843494,2.37741241576596
4,19.8,156.278558938879,41.5174396905642,218.14633981419,6.69746115708046,3.47450588865302,17.5767350937162,113.276712237858,0.0937431934271977,-0.350392989561034,-0.259789101998062,0.271789848843494,2.36206778273668
4,19.9,154.820399127145,41.2500051995585,218.29505076137,6.69746115708046,3.47450588865302,17.5767350937162,113.276712237858,0.0937431934271977,-0.350392989561034,-0.259789101998062,0.271789848843494,2.34685252861925
4,20,153.37584470089,40.9848242835444,218.438050105407,6.69746115708046,3.47450588865302,17.5767350937162,113.276712237858,0.0937431934271977,-0.350392989561034,-0.259789101998062,0.271789848843494,2.33176548801699
4,20.1,151.94476871483,40.7218766337767,218.575399617306,6.69746115708046,3.47450588865302,17.5767350937162,113.276712237858,0.0937431934271977,-0.350392989561034,-0.259789101998062,0.271789848843494,2.31680550549658
4,20.2,150.527045408142,40.4611421158638,218.707160479777,6.69746115708046,3.47450588865302,17.5767350937162,113.276712237858,0.0937431934271977,-0.350392989561034,-0.259789101998062,0.271789848843494,2.3019714355443
4,20.3,149.122550193421,40.2026007689565,218.833393292467,6.69746115708046,3.47450588865302,17.5767350937162,113.276712237858,0.0937431934271977,-0.350392989561034,-0.259789101998062,0.271789848843494,2.28726214251982
4,20.4,147.731159645723,39.9462328048972,218.954158077167,6.69746115708046,3.47450588865302,17.5767350937162,113.276712237858,0.0937431934271977,-0.350392989561034,-0.259789101998062,0.271789848843494,2.2726765006078
4,20.5,146.352751491726,39.6920186073331,219.069514282976,6.69746115708046,3.47450588865302,17.5767350937162,113.276712237858,0.0937431934271977,-0.350392989561034,-0.259789101998062,0.271789848843494,2.2582133937675
4,20.6,144.987204598979,39.4399387307967,219.17952079144,6.69746115708046,3.47450588865302,17.5767350937162,113.276712237858,0.0937431934271977,-0.350392989561034,-0.259789101998062,0.271789848843494,2.24387171568039
4,20.7,143.634398965261,39.1899738997557,219.284235921656,6.69746115708046,3.47450588865302,17.5767350937162,113.276712237858,0.0937431934271977,-0.350392989561034,-0.259789101998062,0.271789848843494,2.22965036969616
4,20.8,142.294215708032,38.9421050076348,219.383717435332,6.69746115708046,3.47450588865302,17.5767350937162,113.276712237858,0.0937431934271977,-0.350392989561034,-0.259789101998062,0.271789848843494,2.215548268777
4,20.9,140.96653705399,38.6963131158121,219.478022541827,6.69746115708046,3.47450588865302,17.5767350937162,113.276712237858,0.0937431934271977,-0.350392989561034,-0.259789101998062,0.271789848843494,2.20156433544056
4,21,139.651246328716,38.4525794525922,219.567207903142,6.69746115708046,3.47450588865302,17.5767350937162,113.276712237858,0.0937431934271977,-0.350392989561034,-0.259789101998062,0.271789848843494,2.18769750170152
4,21.1,138.348227946426,38.2108854121581,219.651329638883,6.69746115708046,3.47450588865302,17.5767350937162,113.276712237858,0.0937431934271977,-0.350392989561034,-0.259789101998062,0.271789848843494,2.17394670901189
4,21.2,137.057367399811,37.9712125535032,219.730443331184,6.69746115708046,3.47450588865302,17.5767350937162,113.276712237858,0.0937431934271977,-0.350392989561034,-0.259789101998062,0.271789848843494,2.16031090820036
4,21.3,135.778551249973,37.7335425993472,219.804604029597,6.69746115708046,3.47450588865302,17.5767350937162,113.276712237858,0.0937431934271977,-0.350392989561034,-0.259789101998062,0.271789848843494,2.14678905941054
4,21.4,134.511667116458,37.497857435035,219.873866255944,6.69746115708046,3.47450588865302,17.5767350937162,113.276712237858,0.0937431934271977,-0.350392989561034,-0.259789101998062,0.271789848843494,2.13338013203833
4,21.5,133.256603667381,37.2641391074217,219.938284009129,6.69746115708046,3.47450588865302,17.5767350937162,113.276712237858,0.0937431934271977,-0.350392989561034,-0.259789101998062,0.271789848843494,2.12008310466851
4,21.6,132.013250609641,37.0323698237462,219.997910769919,6.69746115708046,3.47450588865302,17.5767350937162,113.276712237858,0.0937431934271977,-0.350392989561034,-0.259789101998062,0.271789848843494,2.10689696501062
4,21.7,130.781498679226,36.8025319504921,220.052799505686,6.69746115708046,3.47450588865302,17.5767350937162,113.276712237858,0.0937431934271977,-0.350392989561034,-0.259789101998062,0.271789848843494,2.09382070983418
4,21.8,129.561239631618,36.5746080122398,220.103002675108,6.69746115708046,3.47450588865302,17.5767350937162,113.276712237858,0.0937431934271977,-0.350392989561034,-0.259789101998062,0.271789848843494,2.08085334490337
4,21.9,128.352366232272,36.3485806905099,220.148572232837,6.69746115708046,3.47450588865302,17.5767350937162,113.276712237858,0.0937431934271977,-0.350392989561034,-0.259789101998062,0.271789848843494,2.06799388491125
4,22,127.1547722472,36.1244328225991,220.189559634129,6.69746115708046,3.47450588865302,17.5767350937162,113.276712237858,0.0937431934271977,-0.350392989561034,-0.259789101998062,0.271789848843494,2.05524135341346
4,22.1,125.968352433631,35.9021474004099,220.226015839438,6.69746115708046,3.47450588865302,17.5767350937162,113.276712237858,0.0937431934271977,-0.350392989561034,-0.259789101998062,0.271789848843494,2.04259478276174
4,22.2,124.793002530764,35.6817075692751,220.257991318969,6.69746115708046,3.47450588865302,17.5767350937162,113.276712237858,0.0937431934271977,-0.350392989561034,-0.259789101998062,0.271789848843494,2.03005321403698
4,22.3,123.628619250604,35.4630966267786,220.285536057197,6.69746115708046,3.47450588865302,17.5767350937162,113.276712237858,0.0937431934271977,-0.350392989561034,-0.259789101998062,0.271789848843494,2.01761569698214
4,22.4,122.475100268886,35.2462980215715,220.308699557348,6.69746115708046,3.47450588865302,17.5767350937162,113.276712237858,0.0937431934271977,-0.350392989561034,-0.259789101998062,0.271789848843494,2.00528128993492
4,22.5,121.332344216087,35.0312953521878,220.327530845841,6.69746115708046,3.47450588865302,17.5767350937162,113.276712237858,0.0937431934271977,-0.350392989561034,-0.259789101998062,0.271789848843494,1.99304905976035
4,22.6,120.20025066851,34.8180723658561,220.3420784767,6.69746115708046,3.47450588865302,17.5767350937162,113.276712237858,0.0937431934271977,-0.350392989561034,-0.259789101998062,0.271789848843494,1.98091808178322
4,22.7,119.078720139464,34.6066129573124,220.352390535918,6.69746115708046,3.47450588865302,17.5767350937162,113.276712237858,0.0937431934271977,-0.350392989561034,-0.259789101998062,0.271789848843494,1.96888743972051
4,22.8,117.967654070522,34.3969011676115,220.358514645793,6.69746115708046,3.47450588865302,17.5767350937162,113.276712237858,0.0937431934271977,-0.350392989561034,-0.259789101998062,0.271789848843494,1.95695622561375
4,22.9,116.866954822857,34.188921182939,220.360497969223,6.69746115708046,3.47450588865302,17.5767350937162,113.276712237858,0.0937431934271977,-0.350392989561034,-0.259789101998062,0.271789848843494,1.94512353976148
4,23,115.776525668663,33.9826573334247,220.358387213968,6.69746115708046,3.47450588865302,17.5767350937162,113.276712237858,0.0937431934271977,-0.350392989561034,-0.259789101998062,0.271789848843494,1.9333884906517
4,23.1,114.696270782654,33.7780940919573,220.352228636871,6.69746115708046,3.47450588865302,17.5767350937162,113.276712237858,0.0937431934271977,-0.350392989561034,-0.259789101998062,0.271789848843494,1.92175019489446
4,23.2,113.626095233643,33.5752160730011,220.342068048045,6.69746115708046,3.47450588865302,17.5767350937162,113.276712237858,0.0937431934271977,-0.350392989561034,-0.259789101998062,0.271789848843494,1.9102077771545
4,23.3,112.565904976201,33.3740080314156,220.327950815026,6.69746115708046,3.47450588865302,17.5767350937162,113.276712237858,0.0937431934271977,-0.350392989561034,-0.259789101998062,0.271789848843494,1.89876037008415
4,23.4,111.515606842393,33.1744548612782,220.309921866885,6.69746115708046,3.47450588865302,17.5767350937162,113.276712237858,0.0937431934271977,-0.350392989561034,-0.259789101998062,0.271789848843494,1.8874071142563
4,23.5,110.475108533586,32.97654159471,220.288025698309,6.69746115708046,3.47450588865302,17.5767350937162,113.276712237858,0.0937431934271977,-0.350392989561034,-0.259789101998062,0.271789848843494,1.8761471580976
4,23.6,109.444318612343,32.7802534007058,220.262306373644,6.69746115708046,3.47450588865302,17.5767350937162,113.276712237858,0.0937431934271977,-0.350392989561034,-0.259789101998062,0.271789848843494,1.86497965782195
4,23.7,108.423146494384,32.5855755839684,220.232807530902,6.69746115708046,3.47450588865302,17.5767350937162,113.276712237858,0.0937431934271977,-0.350392989561034,-0.259789101998062,0.271789848843494,1.85390377736409
4,23.8,107.411502440629,32.3924935837474,220.199572385736,6.69746115708046,3.47450588865302,17.5767350937162,113.276712237858,0.0937431934271977,-0.350392989561034,-0.259789101998062,0.271789848843494,1.84291868831362
4,23.9,106.40929754931,32.2009929726826,220.162643735374,6.69746115708046,3.47450588865302,17.5767350937162,113.276712237858,0.0937431934271977,-0.350392989561034,-0.259789101998062,0.271789848843494,1.83202356984914
4,24,1105.41644374816,32.0110594556534,220.122063962525,6.69746115708046,3.47450588865302,17.5767350937162,113.276712237858,0.0937431934271977,-0.350392989561034,-0.259789101998062,0.271789848843494,1.82121760867282
5,0,0,0,0,9.87660534893226,3.47450588865302,28.4164575726086,113.276712237858,0.0598180025064954,0.0380473521889576,0.220603209393223,-0.177462549017368,0
5,0,1000,0,0,9.87660534893226,3.47450588865302,28.4164575726086,113.276712237858,0.0598180025064954,0.0380473521889576,0.220603209393223,-0.177462549017368,0
5,0.1,994.036055096357,5.82590939110111,0.0358952171639615,9.87660534893226,3.47450588865302,28.4164575726086,113.276712237858,0.0598180025064954,0.0380473521889576,0.220603209393223,-0.177462549017368,0.205018847835448
5,0.2,988.107678831527,11.3498943279418,0.140946480181541,9.87660534893226,3.47450588865302,28.4164575726086,113.276712237858,0.0598180025064954,0.0380473521889576,0.220603209393223,-0.177462549017368,0.399412710009368
5,0.3,982.214659076109,16.5862208943917,0.311343814229518,9.87660534893226,3.47450588865302,28.4164575726086,113.276712237858,0.0598180025064954,0.0380473521889576,0.220603209393223,-0.177462549017368,0.583683622492748
5,0.4,976.356784965828,21.5484880275352,0.543458971335966,9.87660534893226,3.47450588865302,28.4164575726086,113.276712237858,0.0598180025064954,0.0380473521889576,0.220603209393223,-0.177462549017368,0.758310143777611
5,0.5,970.533846893993,26.249658676694,0.833836920875394,9.87660534893226,3.47450588865302,28.4164575726086,113.276712237858,0.0598180025064954,0.0380473521889576,0.220603209393223,-0.177462549017368,0.923748451390255
5,0.6,964.745636503996,30.702089507405,1.17918773756817,9.87660534893226,3.47450588865302,28.4164575726086,113.276712237858,0.0598180025064954,0.0380473521889576,0.220603209393223,-0.177462549017368,1.08043338720023
5,0.7,958.991946681856,34.9175592182985,1.57637886842142,9.87660534893226,3.47450588865302,28.4164575726086,113.276712237858,0.0598180025064954,0.0380473521889576,0.220603209393223,-0.177462549017368,1.22877945391605
5,0.8,953.272571548808,38.9072955356514,2.02242776091537,9.87660534893226,3.47450588865302,28.4164575726086,113.276712237858,0.0598180025064954,0.0380473521889576,0.220603209393223,-0.177462549017368,1.36918176504714
5,0.9,947.587306453936,42.6820009473602,2.51449483556551,9.87660534893226,3.47450588865302,28.4164575726086,113.276712237858,0.0598180025064954,0.0380473521889576,0.220603209393223,-0.177462549017368,1.50201695050486
5,1,941.935947966853,46.2518772352014,3.04987678677869,9.87660534893226,3.47450588865302,28.4164575726086,113.276712237858,0.0598180025064954,0.0380473521889576,0.220603209393223,-0.177462549017368,1.62764401991418
5,1.1,936.318293870418,49.6266488614924,3.6260001966721,9.87660534893226,3.47450588865302,28.4164575726086,113.276712237858,0.0598180025064954,0.0380473521889576,0.220603209393223,-0.177462549017368,1.74640518561078
5,1.2,930.734143153501,52.8155852636504,4.24041544724031,9.87660534893226,3.47450588865302,28.4164575726086,113.276712237858,0.0598180025064954,0.0380473521889576,0.220603209393223,-0.177462549017368,1.85862664720605
5,1.3,925.183296003794,55.8275221076452,4.8907909169376,9.87660534893226,3.47450588865302,28.4164575726086,113.276712237858,0.0598180025064954,0.0380473521889576,0.220603209393223,-0.177462549017368,1.96461933951468
5,1.4,919.665553800656,58.6708815489626,5.57490744839376,9.87660534893226,3.47450588865302,28.4164575726086,113.276712237858,0.0598180025064954,0.0380473521889576,0.220603209393223,-0.177462549017368,2.06467964555572
5,1.5,914.18071910801,61.3536915474238,6.29065307460154,9.87660534893226,3.47450588865302,28.4164575726086,113.276712237858,0.0598180025064954,0.0380473521889576,0.220603209393223,-0.177462549017368,2.15909007625793
5,1.6,908.728595667277,63.8836042800427,7.03601799150542,9.87660534893226,3.47450588865302,28.4164575726086,113.276712237858,0.0598180025064954,0.0380473521889576,0.220603209393223,-0.177462549017368,2.24811991842438
5,1.7,903.308988390352,66.2679136940393,7.80908976548468,9.87660534893226,3.47450588865302,28.4164575726086,113.276712237858,0.0598180025064954,0.0380473521889576,0.220603209393223,-0.177462549017368,2.3320258524383
5,1.8,897.921703352626,68.5135722401605,8.60804876476143,9.87660534893226,3.47450588865302,28.4164575726086,113.276712237858,0.0598180025064954,0.0380473521889576,0.220603209393223,-0.177462549017368,2.4110525411233
5,1.9,892.566547786046,70.6272068245865,9.43116380427631,9.87660534893226,3.47450588865302,28.4164575726086,113.276712237858,0.0598180025064954,0.0380473521889576,0.220603209393223,-0.177462549017368,2.48543319110493
5,2,887.243330072215,72.6151340159105,10.2767879940629,9.87660534893226,3.47450588865302,28.4164575726086,113.276712237858,0.0598180025064954,0.0380473521889576,0.220603209393223,-0.177462549017368,2.55539008795756
5,2.1,881.951859735539,74.4833745419779,11.1433547816174,9.87660534893226,3.47450588865302,28.4164575726086,113.276712237858,0.0598180025064954,0.0380473521889576,0.220603209393223,-0.177462549017368,2.62113510636085
5,2.2,876.69194743641,76.2376671097461,12.0293741792043,9.87660534893226,3.47450588865302,28.4164575726086,113.276712237858,0.0598180025064954,0.0380473521889576,0.220603209393223,-0.177462549017368,2.68287019643271
5,2.3,871.463404964432,77.883481579778,12.9334291674603,9.87660534893226,3.47450588865302,28.4164575726086,113.276712237858,0.0598180025064954,0.0380473521889576,0.220603209393223,-0.177462549017368,2.74078784735125
5,2.4,866.266045231682,79.4260315255041,13.8541722670654,9.87660534893226,3.47450588865302,28.4164575726086,113.276712237858,0.0598180025064954,0.0380473521889576,0.220603209393223,-0.177462549017368,2.7950715293262
5,2.5,861.099682266024,80.8702862059842,14.7903222706296,9.87660534893226,3.47450588865302,28.4164575726086,113.276712237858,0.0598180025064954,0.0380473521889576,0.220603209393223,-0.177462549017368,2.84589611493085
5,2.6,855.964131204444,82.2209819795547,15.7406611273153,9.87660534893226,3.47450588865302,28.4164575726086,113.276712237858,0.0598180025064954,0.0380473521889576,0.220603209393223,-0.177462549017368,2.89342828075833
5,2.7,850.859208286446,83.4826331844718,16.7040309730612,9.87660534893226,3.47450588865302,28.4164575726086,113.276712237858,0.0598180025064954,0.0380473521889576,0.220603209393223,-0.177462549017368,2.93782689032088
5,2.8,845.784730847468,84.6595425114384,17.6793312996076,9.87660534893226,3.47450588865302,28.4164575726086,113.276712237858,0.0598180025064954,0.0380473521889576,0.220603209393223,-0.177462549017368,2.97924335906824
5,2.9,840.740517312351,85.7558108917432,18.6655162558428,9.87660534893226,3.47450588865302,28.4164575726086,113.276712237858,0.0598180025064954,0.0380473521889576,0.220603209393223,-0.177462549017368,3.01782200235984
5,3,835.72638718884,86.775346923631,19.6615920752882,9.87660534893226,3.47450588865302,28.4164575726086,113.276712237858,0.0598180025064954,0.0380473521889576,0.220603209393223,-0.177462549017368,3.05370036718708
5,3.1,830.742161061124,87.7218758584672,20.6666146238333,9.87660534893226,3.47450588865302,28.4164575726086,113.276712237858,0.0598180025064954,0.0380473521889576,0.220603209393223,-0.177462549017368,3.08700954840426
5,3.2,825.787660583422,88.5989481672525,21.6796870621038,9.87660534893226,3.47450588865302,28.4164575726086,113.276712237858,0.0598180025064954,0.0380473521889576,0.220603209393223,-0.177462549017368,3.11787449019175
5,3.3,820.862708473594,89.4099477070841,22.6999576171093,9.87660534893226,3.47450588865302,28.4164575726086,113.276712237858,0.0598180025064954,0.0380473521889576,0.220603209393223,-0.177462549017368,3.14641427344093
5,3.4,815.967128506802,90.158099506245,23.7266174580663,9.87660534893226,3.47450588865302,28.4164575726086,113.276712237858,0.0598180025064954,0.0380473521889576,0.220603209393223,-0.177462549017368,3.17274238971824
5,3.5,811.100745509204,90.8464771857296,24.7588986715328,9.87660534893226,3.47450588865302,28.4164575726086,113.276712237858,0.0598180025064954,0.0380473521889576,0.220603209393223,-0.177462549017368,3.19696700243521
5,3.6,806.263385351683,91.4780100341834,25.7960723312141,9.87660534893226,3.47450588865302,28.4164575726086,113.276712237858,0.0598180025064954,0.0380473521889576,0.220603209393223,-0.177462549017368,3.21919119582174
5,3.7,801.45487494362,92.0554897524405,26.8374466580201,9.87660534893226,3.47450588865302,28.4164575726086,113.276712237858,0.0598180025064954,0.0380473521889576,0.220603209393223,-0.177462549017368,3.23951321227229
5,3.8,796.6750422267,92.5815768830888,27.8823652661585,9.87660534893226,3.47450588865302,28.4164575726086,113.276712237858,0.0598180025064954,0.0380473521889576,0.220603209393223,-0.177462549017368,3.25802667860792
5,3.9,791.923716168752,93.0588069397695,28.9302054912445,9.87660534893226,3.47450588865302,28.4164575726086,113.276712237858,0.0598180025064954,0.0380473521889576,0.220603209393223,-0.177462549017368,3.27482082177166
5,4,787.200726757633,93.4895962502344,29.9803767965988,9.87660534893226,3.47450588865302,28.4164575726086,113.276712237858,0.0598180025064954,0.0380473521889576,0.220603209393223,-0.177462549017368,3.28998067445084
5,4.1,782.505904995143,93.8762475265251,31.0323192540792,9.87660534893226,3.47450588865302,28.4164575726086,113.276712237858,0.0598180025064954,0.0380473521889576,0.220603209393223,-0.177462549017368,3.30358727109656
5,4.2,777.839082890976,94.2209551750191,32.0855020959678,9.87660534893226,3.47450588865302,28.4164575726086,113.276712237858,0.0598180025064954,0.0380473521889576,0.220603209393223,-0.177462549017368,3.31571783478886
5,4.3,773.200093456714,94.5258103584888,33.1394223345917,9.87660534893226,3.47450588865302,28.4164575726086,113.276712237858,0.0598180025064954,0.0380473521889576,0.220603209393223,-0.177462549017368,3.32644595537499
5,4.4,768.588770699846,94.7928058217536,34.1936034465167,9.87660534893226,3.47450588865302,28.4164575726086,113.276712237858,0.0598180025064954,0.0380473521889576,0.220603209393223,-0.177462549017368,3.33584175928836
5,4.5,764.004949617833,95.0238404919657,35.2475941182962,9.87660534893226,3.47450588865302,28.4164575726086,113.276712237858,0.0598180025064954,0.0380473521889576,0.220603209393223,-0.177462549017368,3.34397207143658
5,4.6,759.448466192202,95.2207238640516,36.3009670509009,9.87660534893226,3.47450588865302,28.4164575726086,113.276712237858,0.0598180025064954,0.0380473521889576,0.220603209393223,-0.177462549017368,3.35090056952903
5,4.7,754.919157382675,95.3851801813445,37.3533178200876,9.87660534893226,3.47450588865302,28.4164575726086,113.276712237858,0.0598180025064954,0.0380473521889576,0.220603209393223,-0.177462549017368,3.35668793119692
5,4.8,750.41686112134,95.518852420969,38.4042637900959,9.87660534893226,3.47450588865302,28.4164575726086,113.276712237858,0.0598180025064954,0.0380473521889576,0.220603209393223,-0.177462549017368,3.3613919742425
5,4.9,745.941416306847,95.6233060930973,39.4534430781801,9.87660534893226,3.47450588865302,28.4164575726086,113.276712237858,0.0598180025064954,0.0380473521889576,0.220603209393223,-0.177462549017368,3.36506779033821
5,5,741.492662798647,95.7000328627677,40.5005135676035,9.87660534893226,3.47450588865302,28.4164575726086,113.276712237858,0.0598180025064954,0.0380473521889576,0.220603209393223,-0.177462549017368,3.3677678724816
5,5.1,737.07044141126,95.750454002552,41.5451519668299,9.87660534893226,3.47450588865302,28.4164575726086,113.276712237858,0.0598180025064954,0.0380473521889576,0.220603209393223,-0.177462549017368,3.36954223649779
5,5.2,732.67459390858,95.7759236839695,42.5870529127556,9.87660534893226,3.47450588865302,28.4164575726086,113.276712237858,0.0598180025064954,0.0380473521889576,0.220603209393223,-0.177462549017368,3.37043853686712
5,5.3,728.30496299821,95.7777321151791,43.6259281159241,9.87660534893226,3.47450588865302,28.4164575726086,113.276712237858,0.0598180025064954,0.0380473521889576,0.220603209393223,-0.177462549017368,3.37050217714336
5,5.4,723.961392325838,95.757108532127,44.6615055457626,9.87660534893226,3.47450588865302,28.4164575726086,113.276712237858,0.0598180025064954,0.0380473521889576,0.220603209393223,-0.177462549017368,3.36977641521475
5,5.5,719.643726469642,95.7152240499929,45.6935286539708,9.87660534893226,3.47450588865302,28.4164575726086,113.276712237858,0.0598180025064954,0.0380473521889576,0.220603209393223,-0.177462549017368,3.36830246364894
5,5.6,715.351810934724,95.6531943814601,46.7217556342798,9.87660534893226,3.47450588865302,28.4164575726086,113.276712237858,0.0598180025064954,0.0380473521889576,0.220603209393223,-0.177462549017368,3.36611958535123
5,5.7,711.085492147588,95.5720824280258,47.7459587168819,9.87660534893226,3.47450588865302,28.4164575726086,113.276712237858,0.0598180025064954,0.0380473521889576,0.220603209393223,-0.177462549017368,3.36326518475513
5,5.8,706.84461745064,95.4729007502832,48.7659234959123,9.87660534893226,3.47450588865302,28.4164575726086,113.276712237858,0.0598180025064954,0.0380473521889576,0.220603209393223,-0.177462549017368,3.35977489475367
5,5.9,702.629035096727,95.3566139228246,49.7814482884378,9.87660534893226,3.47450588865302,28.4164575726086,113.276712237858,0.0598180025064954,0.0380473521889576,0.220603209393223,-0.177462549017368,3.35568265957054
5,6,698.43859424371,95.2241407791556,50.7923435234813,9.87660534893226,3.47450588865302,28.4164575726086,113.276712237858,0.0598180025064954,0.0380473521889576,0.220603209393223,-0.177462549017368,3.35102081376057
5,6.1,694.273144949063,95.0763565517544,51.7984311596786,9.87660534893226,3.47450588865302,28.4164575726086,113.276712237858,0.0598180025064954,0.0380473521889576,0.220603209393223,-0.177462549017368,3.34582015752031
5,6.2,690.132538164507,94.9140949121746,52.7995441302301,9.87660534893226,3.47450588865302,28.4164575726086,113.276712237858,0.0598180025064954,0.0380473521889576,0.220603209393223,-0.177462549017368,3.340110028481
5,6.3,686.016625730683,94.7381499158587,53.7955258138716,9.87660534893226,3.47450588865302,28.4164575726086,113.276712237858,0.0598180025064954,0.0380473521889576,0.220603209393223,-0.177462549017368,3.33391837014827
5,6.4,681.925260371842,94.5492778561108,54.7862295306499,9.87660534893226,3.47450588865302,28.4164575726086,113.276712237858,0.0598180025064954,0.0380473521889576,0.220603209393223,-0.177462549017368,3.3272717971451
5,6.5,677.858295690581,94.3481990314727,55.7715180613427,9.87660534893226,3.47450588865302,28.4164575726086,113.276712237858,0.0598180025064954,0.0380473521889576,0.220603209393223,-0.177462549017368,3.32019565740726
5,6.6,673.815586162605,94.1355994305459,56.7512631894195,9.87660534893226,3.47450588865302,28.4164575726086,113.276712237858,0.0598180025064954,0.0380473521889576,0.220603209393223,-0.177462549017368,3.31271409147373
5,6.7,669.796987131515,93.9121323381146,57.7253452644889,9.87660534893226,3.47450588865302,28.4164575726086,113.276712237858,0.0598180025064954,0.0380473521889576,0.220603209393223,-0.177462549017368,3.30485008900755
5,6.8,665.802354803636,93.6784198662455,58.6936527862302,9.87660534893226,3.47450588865302,28.4164575726086,113.276712237858,0.0598180025064954,0.0380473521889576,0.220603209393223,-0.177462549017368,3.29662554267654
5,6.9,661.831546242871,93.4350544138675,59.6560820078504,9.87660534893226,3.47450588865302,28.4164575726086,113.276712237858,0.0598180025064954,0.0380473521889576,0.220603209393223,-0.177462549017368,3.28806129951723
5,7,657.884419365586,93.1826000581709,60.6125365581553,9.87660534893226,3.47450588865302,28.4164575726086,113.276712237858,0.0598180025064954,0.0380473521889576,0.220603209393223,-0.177462549017368,3.27917720989939
5,7.1,653.960832935524,92.9215938810103,61.5629270813646,9.87660534893226,3.47450588865302,28.4164575726086,113.276712237858,0.0598180025064954,0.0380473521889576,0.220603209393223,-0.177462549017368,3.2699921742033
5,7.2,650.060646558756,92.6525472333465,62.5071708938418,9.87660534893226,3.47450588865302,28.4164575726086,113.276712237858,0.0598180025064954,0.0380473521889576,0.220603209393223,-0.177462549017368,3.26052418731661
5,7.3,646.183720678653,92.3759469406207,63.4451916569485,9.87660534893226,3.47450588865302,28.4164575726086,113.276712237858,0.0598180025064954,0.0380473521889576,0.220603209393223,-0.177462549017368,3.25079038105244
5,7.4,642.329916570894,92.0922564518195,64.3769190652698,9.87660534893226,3.47450588865302,28.4164575726086,113.276712237858,0.0598180025064954,0.0380473521889576,0.220603209393223,-0.177462549017368,3.24080706458604
5,7.5,638.499096338503,91.8019169348598,65.3022885494921,9.87660534893226,3.47450588865302,28.4164575726086,113.276712237858,0.0598180025064954,0.0380473521889576,0.220603209393223,-0.177462549017368,3.23058976300235
5,7.6,634.691122906915,91.5053483208016,66.2212409932489,9.87660534893226,3.47450588865302,28.4164575726086,113.276712237858,0.0598180025064954,0.0380473521889576,0.220603209393223,-0.177462549017368,3.22015325404269
5,7.7,630.905860019066,91.2029502992767,67.133722463281,9.87660534893226,3.47450588865302,28.4164575726086,113.276712237858,0.0598180025064954,0.0380473521889576,0.220603209393223,-0.177462549017368,3.20951160313486
5,7.8,627.143172230527,90.8951032674128,68.0396839522903,9.87660534893226,3.47450588865302,28.4164575726086,113.276712237858,0.0598180025064954,0.0380473521889576,0.220603209393223,-0.177462549017368,3.19867819678654
5,7.9,623.402924904648,90.5821692344245,68.9390811338924,9.87660534893226,3.47450588865302,28.4164575726086,113.276712237858,0.0598180025064954,0.0380473521889576,0.220603209393223,-0.177462549017368,3.18766577441867
5,8,619.684984207746,90.2644926839404,69.8318741291029,9.87660534893226,3.47450588865302,28.4164575726086,113.276712237858,0.0598180025064954,0.0380473521889576,0.220603209393223,-0.177462549017368,3.17648645871148
5,8.1,615.989217104316,89.9424013960424,70.7180272838193,9.87660534893226,3.47450588865302,28.4164575726086,113.276712237858,0.0598180025064954,0.0380473521889576,0.220603209393223,-0.177462549017368,3.16515178453279
5,8.2,612.315491352267,89.6162072308951,71.5975089567826,9.87660534893226,3.47450588865302,28.4164575726086,113.276712237858,0.0598180025064954,0.0380473521889576,0.220603209393223,-0.177462549017368,3.15367272651461
5,8.3,608.663675498195,89.2862068757632,72.4702913175306,9.87660534893226,3.47450588865302,28.4164575726086,113.276712237858,0.0598180025064954,0.0380473521889576,0.220603209393223,-0.177462549017368,3.1420597253413
5,8.4,605.033638872675,88.9526825571225,73.3363501538744,9.87660534893226,3.47450588865302,28.4164575726086,113.276712237858,0.0598180025064954,0.0380473521889576,0.220603209393223,-0.177462549017368,3.13032271280944
5,8.5,601.425251585587,88.6159027194983,74.1956646884538,9.87660534893226,3.47450588865302,28.4164575726086,113.276712237858,0.0598180025064954,0.0380473521889576,0.220603209393223,-0.177462549017368,3.11847113571671
5,8.6,597.838384521471,88.2761226725824,75.0482174039463,9.87660534893226,3.47450588865302,28.4164575726086,113.276712237858,0.0598180025064954,0.0380473521889576,0.220603209393223,-0.177462549017368,3.10651397863449
5,8.7,594.272909334902,87.933585208111,75.8939938765262,9.87660534893226,3.47450588865302,28.4164575726086,113.276712237858,0.0598180025064954,0.0380473521889576,0.220603209393223,-0.177462549017368,3.09445978561637
5,8.8,590.728698445901,87.5885211879165,76.7329826171861,9.87660534893226,3.47450588865302,28.4164575726086,113.276712237858,0.0598180025064954,0.0380473521889576,0.220603209393223,-0.177462549017368,3.08231668089219
5,8.9,587.205625035368,87.2411501044982,77.5651749205561,9.87660534893226,3.47450588865302,28.4164575726086,113.276712237858,0.0598180025064954,0.0380473521889576,0.220603209393223,-0.177462549017368,3.070092388595
5,9,583.703563040548,86.8916806153953,78.3905647208666,9.87660534893226,3.47450588865302,28.4164575726086,113.276712237858,0.0598180025064954,0.0380473521889576,0.220603209393223,-0.177462549017368,3.05779425156613
5,9.1,580.222387150514,86.5403110525871,79.2091484547237,9.87660534893226,3.47450588865302,28.4164575726086,113.276712237858,0.0598180025064954,0.0380473521889576,0.220603209393223,-0.177462549017368,3.04542924928144
5,9.2,576.761972801688,86.1872299080845,80.0209249303765,9.87660534893226,3.47450588865302,28.4164575726086,113.276712237858,0.0598180025064954,0.0380473521889576,0.220603209393223,-0.177462549017368,3.03300401493967
5,9.3,573.322196173382,85.8326162968269,80.8258952031731,9.87660534893226,3.47450588865302,28.4164575726086,113.276712237858,0.0598180025064954,0.0380473521889576,0.220603209393223,-0.177462549017368,3.02052485175222
5,9.4,569.902934183368,85.4766403979425,81.6240624569171,9.87660534893226,3.47450588865302,28.4164575726086,113.276712237858,0.0598180025064954,0.0380473521889576,0.220603209393223,-0.177462549017368,3.0079977484715
5,9.5,566.504064483473,85.1194638753838,82.4154318908466,9.87660534893226,3.47450588865302,28.4164575726086,113.276712237858,0.0598180025064954,0.0380473521889576,0.220603209393223,-0.177462549017368,2.9954283941934
5,9.6,563.125465455204,84.761240278901,83.2000106119737,9.87660534893226,3.47450588865302,28.4164575726086,113.276712237858,0.0598180025064954,0.0380473521889576,0.220603209393223,-0.177462549017368,2.98282219246796
5,9.7,559.767016205391,84.402115426271,83.977807532534,9.87660534893226,3.47450588865302,28.4164575726086,113.276712237858,0.0598180025064954,0.0380473521889576,0.220603209393223,-0.177462549017368,2.9701842747503
5,9.8,556.428596561865,84.0422277676587,84.748833272306,9.87660534893226,3.47450588865302,28.4164575726086,113.276712237858,0.0598180025064954,0.0380473521889576,0.220603209393223,-0.177462549017368,2.95751951322284
5,9.9,553.110087069158,83.6817087329441,85.513100065574,9.87660534893226,3.47450588865302,28.4164575726086,113.276712237858,0.0598180025064954,0.0380473521889576,0.220603209393223,-0.177462549017368,2.94483253301802
5,10,549.811368984228,83.3206830628109,86.2706216725144,9.87660534893226,3.47450588865302,28.4164575726086,113.276712237858,0.0598180025064954,0.0380473521889576,0.220603209393223,-0.177462549017368,2.93212772386964
5,10.1,546.53232427221,82.9592691243552,87.0214132948028,9.87660534893226,3.47450588865302,28.4164575726086,113.276712237858,0.0598180025064954,0.0380473521889576,0.220603209393223,-0.177462549017368,2.91940925121934
5,10.2,543.27283560219,82.5975792119371,87.7654914952388,9.87660534893226,3.47450588865302,28.4164575726086,113.276712237858,0.0598180025064954,0.0380473521889576,0.220603209393223,-0.177462549017368,2.90668106680388
5,10.3,540.032786343013,82.2357198339647,88.5028741212061,9.87660534893226,3.47450588865302,28.4164575726086,113.276712237858,0.0598180025064954,0.0380473521889576,0.220603209393223,-0.177462549017368,2.89394691874733
5,10.4,536.812060559102,81.8737919862671,89.2335802317834,9.87660534893226,3.47450588865302,28.4164575726086,113.276712237858,0.0598180025064954,0.0380473521889576,0.220603209393223,-0.177462549017368,2.88121036118125
5,10.5,533.610543006316,81.511891412683,89.9576300283388,9.87660534893226,3.47450588865302,28.4164575726086,113.276712237858,0.0598180025064954,0.0380473521889576,0.220603209393223,-0.177462549017368,2.86847476341508
5,10.6,530.428119127823,81.150108853462,90.6750447884417,9.87660534893226,3.47450588865302,28.4164575726086,113.276712237858,0.0598180025064954,0.0380473521889576,0.220603209393223,-0.177462549017368,2.85574331867758
5,10.7,527.264675050002,80.7885302820478,91.3858468029394,9.87660534893226,3.47450588865302,28.4164575726086,113.276712237858,0.0598180025064954,0.0380473521889576,0.220603209393223,-0.177462549017368,2.84301905244946
5,10.8,524.120097578366,80.427237130786,92.0900593160487,9.87660534893226,3.47450588865302,28.4164575726086,113.276712237858,0.0598180025064954,0.0380473521889576,0.220603209393223,-0.177462549017368,2.83030483040617
5,10.9,520.994274193516,80.0663065060733,92.7877064683204,9.87660534893226,3.47450588865302,28.4164575726086,113.276712237858,0.0598180025064954,0.0380473521889576,0.220603209393223,-0.177462549017368,2.81760336598927
5,11,517.887093047112,79.7058113934424,93.478813242345,9.87660534893226,3.47450588865302,28.4164575726086,113.276712237858,0.0598180025064954,0.0380473521889576,0.220603209393223,-0.177462549017368,2.80491722762351
5,11.1,514.798442957871,79.3458208530508,94.1634054110677,9.87660534893226,3.47450588865302,28.4164575726086,113.276712237858,0.0598180025064954,0.0380473521889576,0.220603209393223,-0.177462549017368,2.79224884559624
5,11.2,511.728213407589,78.9864002060243,94.8415094885924,9.87660534893226,3.47450588865302,28.4164575726086,113.276712237858,0.0598180025064954,0.0380473521889576,0.220603209393223,-0.177462549017368,2.77960051861501
5,11.3,508.676294537187,78.6276112120795,95.5131526833588,9.87660534893226,3.47450588865302,28.4164575726086,113.276712237858,0.0598180025064954,0.0380473521889576,0.220603209393223,-0.177462549017368,2.76697442005829
5,11.4,505.642577142777,78.269512238835,96.1783628535785,9.87660534893226,3.47450588865302,28.4164575726086,113.276712237858,0.0598180025064954,0.0380473521889576,0.220603209393223,-0.177462549017368,2.75437260393362
5,11.5,502.626952671762,77.9121584231982,96.8371684648268,9.87660534893226,3.47450588865302,28.4164575726086,113.276712237858,0.0598180025064954,0.0380473521889576,0.220603209393223,-0.177462549017368,2.74179701055701
5,11.6,499.629313218941,77.555601825198,97.4895985496882,9.87660534893226,3.47450588865302,28.4164575726086,113.276712237858,0.0598180025064954,0.0380473521889576,0.220603209393223,-0.177462549017368,2.72924947196642
5,11.7,496.649551522658,77.1998915746172,98.1356826693582,9.87660534893226,3.47450588865302,28.4164575726086,113.276712237858,0.0598180025064954,0.0380473521889576,0.220603209393223,-0.177462549017368,2.71673171708188
5,11.8,493.687560960958,76.8450740107592,98.7754508771123,9.87660534893226,3.47450588865302,28.4164575726086,113.276712237858,0.0598180025064954,0.0380473521889576,0.220603209393223,-0.177462549017368,2.70424537662401
5,11.9,490.743235547772,76.4911928156714,99.4089336835513,9.87660534893226,3.47450588865302,28.4164575726086,113.276712237858,0.0598180025064954,0.0380473521889576,0.220603209393223,-0.177462549017368,2.69179198780229
5,12,487.81646992913,76.13828914113,100.036162023542,9.87660534893226,3.47450588865302,28.4164575726086,113.276712237858,0.0598180025064954,0.0380473521889576,0.220603209393223,-0.177462549017368,2.6793729987837
5,12.1,484.907159379383,75.7864017296783,100.657167224771,9.87660534893226,3.47450588865302,28.4164575726086,113.276712237858,0.0598180025064954,0.0380473521889576,0.220603209393223,-0.177462549017368,2.66698977295224
5,12.2,482.015199797462,75.4355670299949,101.271980977844,9.87660534893226,3.47450588865302,28.4164575726086,113.276712237858,0.0598180025064954,0.0380473521889576,0.220603209393223,-0.177462549017368,2.65464359296879
5,12.3,479.140487703151,75.0858193068584,101.880635307838,9.87660534893226,3.47450588865302,28.4164575726086,113.276712237858,0.0598180025064954,0.0380473521889576,0.220603209393223,-0.177462549017368,2.64233566464089
5,12.4,476.282920233385,74.7371907459604,102.483162547272,9.87660534893226,3.47450588865302,28.4164575726086,113.276712237858,0.0598180025064954,0.0380473521889576,0.220603209393223,-0.177462549017368,2.63006712061118
5,12.5,473.442395138566,74.3897115538067,103.079595310387,9.87660534893226,3.47450588865302,28.4164575726086,113.276712237858,0.0598180025064954,0.0380473521889576,0.220603209393223,-0.177462549017368,2.61783902387302
5,12.6,470.618810778911,74.0434100529371,103.669966468715,9.87660534893226,3.47450588865302,28.4164575726086,113.276712237858,0.0598180025064954,0.0380473521889576,0.220603209393223,-0.177462549017368,2.60565237112136
5,12.7,467.812066120807,73.6983127726821,104.254309127843,9.87660534893226,3.47450588865302,28.4164575726086,113.276712237858,0.0598180025064954,0.0380473521889576,0.220603209393223,-0.177462549017368,2.59350809594655
5,12.8,465.022060733203,73.3544445356654,104.832656605345,9.87660534893226,3.47450588865302,28.4164575726086,113.276712237858,0.0598180025064954,0.0380473521889576,0.220603209393223,-0.177462549017368,2.58140707187844
5,12.9,462.248694784012,73.0118285402503,105.405042409794,9.87660534893226,3.47450588865302,28.4164575726086,113.276712237858,0.0598180025064954,0.0380473521889576,0.220603209393223,-0.177462549017368,2.56935011528772
5,13,459.491869036539,72.6704864391199,105.97150022084,9.87660534893226,3.47450588865302,28.4164575726086,113.276712237858,0.0598180025064954,0.0380473521889576,0.220603209393223,-0.177462549017368,2.55733798815124
5,13.1,456.751484845933,72.3304384141716,106.532063870272,9.87660534893226,3.47450588865302,28.4164575726086,113.276712237858,0.0598180025064954,0.0380473521889576,0.220603209393223,-0.177462549017368,2.54537140068764
5,13.2,454.027444155654,71.9917032478988,107.086767324037,9.87660534893226,3.47450588865302,28.4164575726086,113.276712237858,0.0598180025064954,0.0380473521889576,0.220603209393223,-0.177462549017368,2.53345101386929
5,13.3,451.319649493968,71.6542983914226,107.635644665163,9.87660534893226,3.47450588865302,28.4164575726086,113.276712237858,0.0598180025064954,0.0380473521889576,0.220603209393223,-0.177462549017368,2.5215774418164
5,13.4,448.628003970454,71.3182400293308,108.178730077549,9.87660534893226,3.47450588865302,28.4164575726086,113.276712237858,0.0598180025064954,0.0380473521889576,0.220603209393223,-0.177462549017368,2.50975125407878
5,13.5,445.952411272543,70.9835431414739,108.716057830568,9.87660534893226,3.47450588865302,28.4164575726086,113.276712237858,0.0598180025064954,0.0380473521889576,0.220603209393223,-0.177462549017368,2.49797297781047
5,13.6,443.292775662066,70.6502215618592,109.247662264464,9.87660534893226,3.47450588865302,28.4164575726086,113.276712237858,0.0598180025064954,0.0380473521889576,0.220603209393223,-0.177462549017368,2.48624309984229
5,13.7,440.649001971835,70.3182880347794,109.773577776494,9.87660534893226,3.47450588865302,28.4164575726086,113.276712237858,0.0598180025064954,0.0380473521889576,0.220603209393223,-0.177462549017368,2.47456206865704
5,13.8,438.020995602229,69.9877542683043,110.293838807772,9.87660534893226,3.47450588865302,28.4164575726086,113.276712237858,0.0598180025064954,0.0380473521889576,0.220603209393223,-0.177462549017368,2.46293029627196
5,13.9,435.408662517819,69.6586309852598,110.808479830806,9.87660534893226,3.47450588865302,28.4164575726086,113.276712237858,0.0598180025064954,0.0380473521889576,0.220603209393223,-0.177462549017368,2.45134816003265
5,14,432.811909243993,69.3309279718105,111.317535337665,9.87660534893226,3.47450588865302,28.4164575726086,113.276712237858,0.0598180025064954,0.0380473521889576,0.220603209393223,-0.177462549017368,2.43981600432281
5,14.1,430.230642863621,69.0046541237581,111.821039828776,9.87660534893226,3.47450588865302,28.4164575726086,113.276712237858,0.0598180025064954,0.0380473521889576,0.220603209393223,-0.177462549017368,2.42833414219349
5,14.2,427.664771013724,68.6798174906639,112.319027802294,9.87660534893226,3.47450588865302,28.4164575726086,113.276712237858,0.0598180025064954,0.0380473521889576,0.220603209393223,-0.177462549017368,2.41690285691579
5,14.3,425.114201882169,68.3564253178944,112.811533744043,9.87660534893226,3.47450588865302,28.4164575726086,113.276712237858,0.0598180025064954,0.0380473521889576,0.220603209393223,-0.177462549017368,2.40552240346049
5,14.4,422.578844204387,68.0344840866896,113.298592117976,9.87660534893226,3.47450588865302,28.4164575726086,113.276712237858,0.0598180025064954,0.0380473521889576,0.220603209393223,-0.177462549017368,2.3941930099081
5,14.5,420.058607260107,67.7139995523446,113.780237357153,9.87660534893226,3.47450588865302,28.4164575726086,113.276712237858,0.0598180025064954,0.0380473521889576,0.220603209393223,-0.177462549017368,2.38291487879249
5,14.6,417.553400870106,67.3949767805939,114.256503855195,9.87660534893226,3.47450588865302,28.4164575726086,113.276712237858,0.0598180025064954,0.0380473521889576,0.220603209393223,-0.177462549017368,2.37168818838129
5,14.7,415.063135392988,67.077420182282,114.727425958201,9.87660534893226,3.47450588865302,28.4164575726086,113.276712237858,0.0598180025064954,0.0380473521889576,0.220603209393223,-0.177462549017368,2.36051309389598
5,14.8,412.587721721971,66.7613335463998,115.1930379571,9.87660534893226,3.47450588865302,28.4164575726086,113.276712237858,0.0598180025064954,0.0380473521889576,0.220603209393223,-0.177462549017368,2.34938972867445
5,14.9,410.127071281701,66.4467200715645,115.653374080423,9.87660534893226,3.47450588865302,28.4164575726086,113.276712237858,0.0598180025064954,0.0380473521889576,0.220603209393223,-0.177462549017368,2.33831820527884
5,15,407.681096025084,66.1335823960145,116.108468487473,9.87660534893226,3.47450588865302,28.4164575726086,113.276712237858,0.0598180025064954,0.0380473521889576,0.220603209393223,-0.177462549017368,2.32729861655108
5,15.1,405.249708430134,65.8219226261895,116.558355261868,9.87660534893226,3.47450588865302,28.4164575726086,113.276712237858,0.0598180025064954,0.0380473521889576,0.220603209393223,-0.177462549017368,2.31633103661862
5,15.2,402.832821496839,65.5117423639616,117.00306840545,9.87660534893226,3.47450588865302,28.4164575726086,113.276712237858,0.0598180025064954,0.0380473521889576,0.220603209393223,-0.177462549017368,2.30541552185274
5,15.3,400.430348744053,65.2030427325808,117.442641832537,9.87660534893226,3.47450588865302,28.4164575726086,113.276712237858,0.0598180025064954,0.0380473521889576,0.220603209393223,-0.177462549017368,2.29455211178158
5,15.4,398.042204206396,64.8958244013944,117.877109364497,9.87660534893226,3.47450588865302,28.4164575726086,113.276712237858,0.0598180025064954,0.0380473521889576,0.220603209393223,-0.177462549017368,2.28374082996008
5,15.5,395.668302431185,64.5900876093988,118.306504724637,9.87660534893226,3.47450588865302,28.4164575726086,113.276712237858,0.0598180025064954,0.0380473521889576,0.220603209393223,-0.177462549017368,2.27298168479871
5,15.6,393.308558475367,64.2858321876763,118.73086153339,9.87660534893226,3.47450588865302,28.4164575726086,113.276712237858,0.0598180025064954,0.0380473521889576,0.220603209393223,-0.177462549017368,2.26227467035311
5,15.7,390.962887902488,63.9830575807719,119.150213303778,9.87660534893226,3.47450588865302,28.4164575726086,113.276712237858,0.0598180025064954,0.0380473521889576,0.220603209393223,-0.177462549017368,2.25161976707635
5,15.8,388.631206779669,63.6817628670567,119.56459343715,9.87660534893226,3.47450588865302,28.4164575726086,113.276712237858,0.0598180025064954,0.0380473521889576,0.220603209393223,-0.177462549017368,2.24101694253549
5,15.9,386.313431674598,63.3819467781274,119.974035219171,9.87660534893226,3.47450588865302,28.4164575726086,113.276712237858,0.0598180025064954,0.0380473521889576,0.220603209393223,-0.177462549017368,2.23046615209431
5,16,384.009479652554,63.0836077172862,120.378571816061,9.87660534893226,3.47450588865302,28.4164575726086,113.276712237858,0.0598180025064954,0.0380473521889576,0.220603209393223,-0.177462549017368,2.21996733956362
5,16.1,381.719268273429,62.786743777144,120.778236271054,9.87660534893226,3.47450588865302,28.4164575726086,113.276712237858,0.0598180025064954,0.0380473521889576,0.220603209393223,-0.177462549017368,2.20952043782072
5,16.2,379.442715588787,62.4913527563885,121.173061501091,9.87660534893226,3.47450588865302,28.4164575726086,113.276712237858,0.0598180025064954,0.0380473521889576,0.220603209393223,-0.177462549017368,2.19912536939951
5,16.3,377.179740138927,62.1974321757552,121.563080293715,9.87660534893226,3.47450588865302,28.4164575726086,113.276712237858,0.0598180025064954,0.0380473521889576,0.220603209393223,-0.177462549017368,2.18878204705252
5,16.4,374.930260949968,61.9049792932403,121.948325304166,9.87660534893226,3.47450588865302,28.4164575726086,113.276712237858,0.0598180025064954,0.0380473521889576,0.220603209393223,-0.177462549017368,2.17849037428621
5,16.5,372.694197530954,61.613991118589,122.328829052669,9.87660534893226,3.47450588865302,28.4164575726086,113.276712237858,0.0598180025064954,0.0380473521889576,0.220603209393223,-0.177462549017368,2.16825024587092
5,16.6,370.471469870971,61.3244644270949,122.704623921903,9.87660534893226,3.47450588865302,28.4164575726086,113.276712237858,0.0598180025064954,0.0380473521889576,0.220603209393223,-0.177462549017368,2.15806154832639
5,16.7,368.261998436289,61.0363957727411,123.075742154639,9.87660534893226,3.47450588865302,28.4164575726086,113.276712237858,0.0598180025064954,0.0380473521889576,0.220603209393223,-0.177462549017368,2.14792416038429
5,16.8,366.065704167509,60.7497815007156,123.442215851545,9.87660534893226,3.47450588865302,28.4164575726086,113.276712237858,0.0598180025064954,0.0380473521889576,0.220603209393223,-0.177462549017368,2.13783795342858
5,16.9,363.882508476741,60.4646177593286,123.804076969142,9.87660534893226,3.47450588865302,28.4164575726086,113.276712237858,0.0598180025064954,0.0380473521889576,0.220603209393223,-0.177462549017368,2.12780279191493
5,17,361.712333244786,60.180900511361,124.161357317919,9.87660534893226,3.47450588865302,28.4164575726086,113.276712237858,0.0598180025064954,0.0380473521889576,0.220603209393223,-0.177462549017368,2.11781853377006
5,17.1,359.555100818346,59.8986255448697,124.514088560574,9.87660534893226,3.47450588865302,28.4164575726086,113.276712237858,0.0598180025064954,0.0380473521889576,0.220603209393223,-0.177462549017368,2.10788503077202
5,17.2,357.410734007241,59.6177884834759,124.862302210402,9.87660534893226,3.47450588865302,28.4164575726086,113.276712237858,0.0598180025064954,0.0380473521889576,0.220603209393223,-0.177462549017368,2.0980021289122
5,17.3,355.279156081651,59.3383847961606,125.206029629803,9.87660534893226,3.47450588865302,28.4164575726086,113.276712237858,0.0598180025064954,0.0380473521889576,0.220603209393223,-0.177462549017368,2.08816966874008
5,17.4,353.160290769368,59.0604098065897,125.545302028915,9.87660534893226,3.47450588865302,28.4164575726086,113.276712237858,0.0598180025064954,0.0380473521889576,0.220603209393223,-0.177462549017368,2.07838748569138
5,17.5,351.054062253064,58.7838587019914,125.880150464358,9.87660534893226,3.47450588865302,28.4164575726086,113.276712237858,0.0598180025064954,0.0380473521889576,0.220603209393223,-0.177462549017368,2.06865541040045
5,17.6,348.960395167587,58.5087265416067,126.210605838097,9.87660534893226,3.47450588865302,28.4164575726086,113.276712237858,0.0598180025064954,0.0380473521889576,0.220603209393223,-0.177462549017368,2.05897326899764
5,17.7,346.879214597254,58.2350082647329,126.536698896393,9.87660534893226,3.47450588865302,28.4164575726086,113.276712237858,0.0598180025064954,0.0380473521889576,0.220603209393223,-0.177462549017368,2.04934088339242
5,17.8,344.810446073177,57.9626986983791,126.858460228874,9.87660534893226,3.47450588865302,28.4164575726086,113.276712237858,0.0598180025064954,0.0380473521889576,0.220603209393223,-0.177462549017368,2.0397580715427
5,17.9,342.754015570595,57.6917925645526,127.175920267677,9.87660534893226,3.47450588865302,28.4164575726086,113.276712237858,0.0598180025064954,0.0380473521889576,0.220603209393223,-0.177462549017368,2.03022464771131
5,18,340.70984950623,57.4222844871922,127.4891092867,9.87660534893226,3.47450588865302,28.4164575726086,113.276712237858,0.0598180025064954,0.0380473521889576,0.220603209393223,-0.177462549017368,2.02074042270994
5,18.1,338.677874735646,57.1541689987663,127.798057400928,9.87660534893226,3.47450588865302,28.4164575726086,113.276712237858,0.0598180025064954,0.0380473521889576,0.220603209393223,-0.177462549017368,2.01130520413138
5,18.2,336.65801855064,56.8874405465506,128.102794565838,9.87660534893226,3.47450588865302,28.4164575726086,113.276712237858,0.0598180025064954,0.0380473521889576,0.220603209393223,-0.177462549017368,2.00191879657041
5,18.3,334.650208676634,56.622093498601,128.403350576887,9.87660534893226,3.47450588865302,28.4164575726086,113.276712237858,0.0598180025064954,0.0380473521889576,0.220603209393223,-0.177462549017368,1.99258100183397
5,18.4,332.654373270094,56.3581221494355,128.699755069072,9.87660534893226,3.47450588865302,28.4164575726086,113.276712237858,0.0598180025064954,0.0380473521889576,0.220603209393223,-0.177462549017368,1.98329161914118
5,18.5,330.670440915955,56.0955207254393,128.992037516552,9.87660534893226,3.47450588865302,28.4164575726086,113.276712237858,0.0598180025064954,0.0380473521889576,0.220603209393223,-0.177462549017368,1.97405044531347
5,18.6,328.698340625069,55.8342833900057,129.280227232345,9.87660534893226,3.47450588865302,28.4164575726086,113.276712237858,0.0598180025064954,0.0380473521889576,0.220603209393223,-0.177462549017368,1.96485727495555
5,18.7,326.738001831662,55.5744042484254,129.564353368078,9.87660534893226,3.47450588865302,28.4164575726086,113.276712237858,0.0598180025064954,0.0380473521889576,0.220603209393223,-0.177462549017368,1.95571190062744
5,18.8,324.789354390811,55.3158773525357,129.844444913807,9.87660534893226,3.47450588865302,28.4164575726086,113.276712237858,0.0598180025064954,0.0380473521889576,0.220603209393223,-0.177462549017368,1.9466141130081
5,18.9,322.852328575934,55.0586967051416,130.12053069788,9.87660534893226,3.47450588865302,28.4164575726086,113.276712237858,0.0598180025064954,0.0380473521889576,0.220603209393223,-0.177462549017368,1.93756370105098
5,19,320.926855076295,54.8028562642186,130.392639386862,9.87660534893226,3.47450588865302,28.4164575726086,113.276712237858,0.0598180025064954,0.0380473521889576,0.220603209393223,-0.177462549017368,1.92856045213196
5,19.1,319.01286499452,54.5483499469084,130.660799485509,9.87660534893226,3.47450588865302,28.4164575726086,113.276712237858,0.0598180025064954,0.0380473521889576,0.220603209393223,-0.177462549017368,1.91960415218993
5,19.2,317.110289844139,54.2951716333157,130.925039336789,9.87660534893226,3.47450588865302,28.4164575726086,113.276712237858,0.0598180025064954,0.0380473521889576,0.220603209393223,-0.177462549017368,1.91069458586043
5,19.3,315.21906154713,54.0433151701183,131.185387121942,9.87660534893226,3.47450588865302,28.4164575726086,113.276712237858,0.0598180025064954,0.0380473521889576,0.220603209393223,-0.177462549017368,1.90183153660266
5,19.4,313.339112431485,53.7927743739956,131.441870860595,9.87660534893226,3.47450588865302,28.4164575726086,113.276712237858,0.0598180025064954,0.0380473521889576,0.220603209393223,-0.177462549017368,1.89301478682016
5,19.5,311.470375228787,53.5435430348873,131.694518410909,9.87660534893226,3.47450588865302,28.4164575726086,113.276712237858,0.0598180025064954,0.0380473521889576,0.220603209393223,-0.177462549017368,1.88424411797547
5,19.6,309.612783071806,53.2956149190878,131.943357469763,9.87660534893226,3.47450588865302,28.4164575726086,113.276712237858,0.0598180025064954,0.0380473521889576,0.220603209393223,-0.177462549017368,1.87551931069906
5,19.7,307.766269492102,53.0489837721868,132.18841557298,9.87660534893226,3.47450588865302,28.4164575726086,113.276712237858,0.0598180025064954,0.0380473521889576,0.220603209393223,-0.177462549017368,1.86684014489273
5,19.8,305.930768417651,52.8036433218595,132.429720095586,9.87660534893226,3.47450588865302,28.4164575726086,113.276712237858,0.0598180025064954,0.0380473521889576,0.220603209393223,-0.177462549017368,1.85820639982791
5,19.9,304.106214170479,52.559587280518,132.667298252095,9.87660534893226,3.47450588865302,28.4164575726086,113.276712237858,0.0598180025064954,0.0380473521889576,0.220603209393223,-0.177462549017368,1.84961785423887
5,20,302.29254146431,52.3168093478263,132.901177096838,9.87660534893226,3.47450588865302,28.4164575726086,113.276712237858,0.0598180025064954,0.0380473521889576,0.220603209393223,-0.177462549017368,1.84107428641126
5,20.1,300.489685402235,52.0753032130881,133.131383524302,9.87660534893226,3.47450588865302,28.4164575726086,113.276712237858,0.0598180025064954,0.0380473521889576,0.220603209393223,-0.177462549017368,1.83257547426619
5,20.2,298.697581474383,51.8350625575127,133.357944269517,9.87660534893226,3.47450588865302,28.4164575726086,113.276712237858,0.0598180025064954,0.0380473521889576,0.220603209393223,-0.177462549017368,1.82412119543986
5,20.3,296.916165555618,51.5960810563637,133.580885908454,9.87660534893226,3.47450588865302,28.4164575726086,113.276712237858,0.0598180025064954,0.0380473521889576,0.220603209393223,-0.177462549017368,1.81571122735927
5,20.4,295.145373903243,51.3583523809975,133.80023485845,9.87660534893226,3.47450588865302,28.4164575726086,113.276712237858,0.0598180025064954,0.0380473521889576,0.220603209393223,-0.177462549017368,1.80734534731392
5,20.5,293.385143154719,51.1218702007962,134.016017378663,9.87660534893226,3.47450588865302,28.4164575726086,113.276712237858,0.0598180025064954,0.0380473521889576,0.220603209393223,-0.177462549017368,1.79902333252383
5,20.6,291.635410325397,50.8866281849995,134.228259570541,9.87660534893226,3.47450588865302,28.4164575726086,113.276712237858,0.0598180025064954,0.0380473521889576,0.220603209393223,-0.177462549017368,1.790744960204
5,20.7,289.896112806265,50.6526200044411,134.436987378314,9.87660534893226,3.47450588865302,28.4164575726086,113.276712237858,0.0598180025064954,0.0380473521889576,0.220603209393223,-0.177462549017368,1.78251000762553
5,20.8,288.167188361708,50.4198393331934,134.642226589505,9.87660534893226,3.47450588865302,28.4164575726086,113.276712237858,0.0598180025064954,0.0380473521889576,0.220603209393223,-0.177462549017368,1.77431825217351
5,20.9,286.448575127281,50.188279850126,134.844002835459,9.87660534893226,3.47450588865302,28.4164575726086,113.276712237858,0.0598180025064954,0.0380473521889576,0.220603209393223,-0.177462549017368,1.76616947140181
5,21,284.740211607494,49.95793524038,135.04234159189,9.87660534893226,3.47450588865302,28.4164575726086,113.276712237858,0.0598180025064954,0.0380473521889576,0.220603209393223,-0.177462549017368,1.75806344308503
5,21.1,283.042036673616,49.7287991967648,135.237268179443,9.87660534893226,3.47450588865302,28.4164575726086,113.276712237858,0.0598180025064954,0.0380473521889576,0.220603209393223,-0.177462549017368,1.74999994526763
5,21.2,281.353989561479,49.500865421079,135.428807764268,9.87660534893226,3.47450588865302,28.4164575726086,113.276712237858,0.0598180025064954,0.0380473521889576,0.220603209393223,-0.177462549017368,1.74197875631037
5,21.3,279.676009869314,49.2741276253591,135.616985358613,9.87660534893226,3.47450588865302,28.4164575726086,113.276712237858,0.0598180025064954,0.0380473521889576,0.220603209393223,-0.177462549017368,1.73399965493432
5,21.4,278.008037555583,49.0485795330615,135.801825821428,9.87660534893226,3.47450588865302,28.4164575726086,113.276712237858,0.0598180025064954,0.0380473521889576,0.220603209393223,-0.177462549017368,1.72606242026244
5,21.5,276.350012936831,48.8242148801782,135.983353858979,9.87660534893226,3.47450588865302,28.4164575726086,113.276712237858,0.0598180025064954,0.0380473521889576,0.220603209393223,-0.177462549017368,1.71816683185878
5,21.6,274.701876685555,48.6010274162908,136.161594025476,9.87660534893226,3.47450588865302,28.4164575726086,113.276712237858,0.0598180025064954,0.0380473521889576,0.220603209393223,-0.177462549017368,1.71031266976566
5,21.7,273.063569828075,48.3790109055663,136.336570723711,9.87660534893226,3.47450588865302,28.4164575726086,113.276712237858,0.0598180025064954,0.0380473521889576,0.220603209393223,-0.177462549017368,1.70249971453867
5,21.8,271.435033742428,48.1581591276962,136.508308205705,9.87660534893226,3.47450588865302,28.4164575726086,113.276712237858,0.0598180025064954,0.0380473521889576,0.220603209393223,-0.177462549017368,1.6947277472797
5,21.9,269.81621015627,47.9384658787819,136.676830573364,9.87660534893226,3.47450588865302,28.4164575726086,113.276712237858,0.0598180025064954,0.0380473521889576,0.220603209393223,-0.177462549017368,1.68699654966815
5,22,268.207041144788,47.7199249721702,136.842161779146,9.87660534893226,3.47450588865302,28.4164575726086,113.276712237858,0.0598180025064954,0.0380473521889576,0.220603209393223,-0.177462549017368,1.67930590399026
5,22.1,266.607469128631,47.502530239239,137.004325626736,9.87660534893226,3.47450588865302,28.4164575726086,113.276712237858,0.0598180025064954,0.0380473521889576,0.220603209393223,-0.177462549017368,1.67165559316683
5,22.2,265.017436871848,47.2862755301381,137.163345771718,9.87660534893226,3.47450588865302,28.4164575726086,113.276712237858,0.0598180025064954,0.0380473521889576,0.220603209393223,-0.177462549017368,1.66404540077925
5,22.3,263.43688747984,47.0711547144853,137.319245722273,9.87660534893226,3.47450588865302,28.4164575726086,113.276712237858,0.0598180025064954,0.0380473521889576,0.220603209393223,-0.177462549017368,1.65647511109402
5,22.4,261.865764397322,46.8571616820208,137.472048839864,9.87660534893226,3.47450588865302,28.4164575726086,113.276712237858,0.0598180025064954,0.0380473521889576,0.220603209393223,-0.177462549017368,1.64894450908574
5,22.5,260.304011406306,46.6442903432221,137.621778339938,9.87660534893226,3.47450588865302,28.4164575726086,113.276712237858,0.0598180025064954,0.0380473521889576,0.220603209393223,-0.177462549017368,1.64145338045879
5,22.6,258.751572624082,46.432534629881,137.768457292631,9.87660534893226,3.47450588865302,28.4164575726086,113.276712237858,0.0598180025064954,0.0380473521889576,0.220603209393223,-0.177462549017368,1.63400151166761
5,22.7,257.208392501221,46.2218884956436,137.912108623472,9.87660534893226,3.47450588865302,28.4164575726086,113.276712237858,0.0598180025064954,0.0380473521889576,0.220603209393223,-0.177462549017368,1.62658868993573
5,22.8,255.674415819589,46.0123459165174,138.052755114101,9.87660534893226,3.47450588865302,28.4164575726086,113.276712237858,0.0598180025064954,0.0380473521889576,0.220603209393223,-0.177462549017368,1.61921470327357
5,22.9,254.149587690369,45.8039008913447,138.190419402985,9.87660534893226,3.47450588865302,28.4164575726086,113.276712237858,0.0598180025064954,0.0380473521889576,0.220603209393223,-0.177462549017368,1.61187934049515
5,23,252.6338535521,45.5965474422451,138.325123986132,9.87660534893226,3.47450588865302,28.4164575726086,113.276712237858,0.0598180025064954,0.0380473521889576,0.220603209393223,-0.177462549017368,1.60458239123363
5,23.1,251.127159168721,45.3902796150288,138.456891217824,9.87660534893226,3.47450588865302,28.4164575726086,113.276712237858,0.0598180025064954,0.0380473521889576,0.220603209393223,-0.177462549017368,1.59732364595585
5,23.2,249.62945062763,45.1850914795811,138.585743311333,9.87660534893226,3.47450588865302,28.4164575726086,113.276712237858,0.0598180025064954,0.0380473521889576,0.220603209393223,-0.177462549017368,1.5901028959759
5,23.3,248.14067433776,44.9809771302208,138.711702339655,9.87660534893226,3.47450588865302,28.4164575726086,113.276712237858,0.0598180025064954,0.0380473521889576,0.220603209393223,-0.177462549017368,1.58291993346768
5,23.4,246.660777027657,44.7779306860326,138.834790236236,9.87660534893226,3.47450588865302,28.4164575726086,113.276712237858,0.0598180025064954,0.0380473521889576,0.220603209393223,-0.177462549017368,1.57577455147665
5,23.5,245.189705743574,44.5759462911751,138.95502879571,9.87660534893226,3.47450588865302,28.4164575726086,113.276712237858,0.0598180025064954,0.0380473521889576,0.220603209393223,-0.177462549017368,1.56866654393063
5,23.6,243.727407847579,44.3750181151669,139.072439674623,9.87660534893226,3.47450588865302,28.4164575726086,113.276712237858,0.0598180025064954,0.0380473521889576,0.220603209393223,-0.177462549017368,1.56159570564986
5,23.7,242.273831015668,44.175140353149,139.187044392174,9.87660534893226,3.47450588865302,28.4164575726086,113.276712237858,0.0598180025064954,0.0380473521889576,0.220603209393223,-0.177462549017368,1.55456183235628
5,23.8,240.828923235896,43.9763072261278,139.298864330948,9.87660534893226,3.47450588865302,28.4164575726086,113.276712237858,0.0598180025064954,0.0380473521889576,0.220603209393223,-0.177462549017368,1.54756472068207
5,23.9,239.392632806513,43.7785129811977,139.407920737652,9.87660534893226,3.47450588865302,28.4164575726086,113.276712237858,0.0598180025064954,0.0380473521889576,0.220603209393223,-0.177462549017368,1.54060416817742
5,24,1237.96490833412,43.5817518917447,139.514234723849,9.87660534893226,3.47450588865302,28.4164575726086,113.276712237858,0.0598180025064954,0.0380473521889576,0.220603209393223,-0.177462549017368,1.5336799733178
6,0,0,0,0,18.5017055986525,3.47450588865302,41.532210348227,113.276712237858,0.0528403845879708,0.66574140999025,0.600104019228475,-0.301493451951224,0
6,0,1000,0,0,18.5017055986525,3.47450588865302,41.532210348227,113.276712237858,0.0528403845879708,0.66574140999025,0.600104019228475,-0.301493451951224,0
6,0.1,994.72989751554,5.13300171857581,0.021657311006229,18.5017055986525,3.47450588865302,41.532210348227,113.276712237858,0.0528403845879708,0.66574140999025,0.600104019228475,-0.301493451951224,0.123590862984131
6,0.2,989.487569011278,9.97453496067578,0.08489535808365,18.5017055986525,3.47450588865302,41.532210348227,113.276712237858,0.0528403845879708,0.66574140999025,0.600104019228475,-0.301493451951224,0.240163836141738
6,0.3,984.272868115489,14.5398844471204,0.187216600998518,18.5017055986525,3.47450588865302,41.532210348227,113.276712237858,0.0528403845879708,0.66574140999025,0.600104019228475,-0.301493451951224,0.350086940358115
6,0.4,979.085649227848,18.8435391410975,0.326255466816179,18.5017055986525,3.47450588865302,41.532210348227,113.276712237858,0.0528403845879708,0.66574140999025,0.600104019228475,-0.301493451951224,0.453709036506937
6,0.5,973.925767515353,22.8992336477594,0.499771473316542,18.5017055986525,3.47450588865302,41.532210348227,113.276712237858,0.0528403845879708,0.66574140999025,0.600104019228475,-0.301493451951224,0.551360822257247
6,0.6,968.793078908291,26.7199874601435,0.705642710200643,18.5017055986525,3.47450588865302,41.532210348227,113.276712237858,0.0528403845879708,0.66574140999025,0.600104019228475,-0.301493451951224,0.64335577702486
6,0.7,963.68744009621,30.3181421634517,0.941859659475213,18.5017055986525,3.47450588865302,41.532210348227,113.276712237858,0.0528403845879708,0.66574140999025,0.600104019228475,-0.301493451951224,0.729991057765747
6,0.8,958.608708523916,33.7053967038988,1.20651933737045,18.5017055986525,3.47450588865302,41.532210348227,113.276712237858,0.0528403845879708,0.66574140999025,0.600104019228475,-0.301493451951224,0.811548348168706
6,0.9,953.5567423875,36.8928408228129,1.4978197410641,18.5017055986525,3.47450588865302,41.532210348227,113.276712237858,0.0528403845879708,0.66574140999025,0.600104019228475,-0.301493451951224,0.888294663671516
6,1,948.53140063037,39.8909867514342,1.81405458435503,18.5017055986525,3.47450588865302,41.532210348227,113.276712237858,0.0528403845879708,0.66574140999025,0.600104019228475,-0.301493451951224,0.960483114598719
6,1.1,943.53254293932,42.7097992568928,2.1536083072546,18.5017055986525,3.47450588865302,41.532210348227,113.276712237858,0.0528403845879708,0.66574140999025,0.600104019228475,-0.301493451951224,1.02835362959959
6,1.2,938.560029740607,45.3587241251396,2.51495134524578,18.5017055986525,3.47450588865302,41.532210348227,113.276712237858,0.0528403845879708,0.66574140999025,0.600104019228475,-0.301493451951224,1.09213364145152
6,1.3,933.613722196057,47.8467151621419,2.89663564470151,18.5017055986525,3.47450588865302,41.532210348227,113.276712237858,0.0528403845879708,0.66574140999025,0.600104019228475,-0.301493451951224,1.15203873718666
6,1.4,928.693482199186,50.1822597904254,3.29729041165654,18.5017055986525,3.47450588865302,41.532210348227,113.276712237858,0.0528403845879708,0.66574140999025,0.600104019228475,-0.301493451951224,1.20827327439768
6,1.5,923.799172371346,52.3734033140352,3.7156180817929,18.5017055986525,3.47450588865302,41.532210348227,113.276712237858,0.0528403845879708,0.66574140999025,0.600104019228475,-0.301493451951224,1.26103096548222
6,1.6,918.93065605789,54.4277719211857,4.15039050013108,18.5017055986525,3.47450588865302,41.532210348227,113.276712237858,0.0528403845879708,0.66574140999025,0.600104019228475,-0.301493451951224,1.31049543149367
6,1.7,914.087797324353,56.3525944902673,4.60044529951723,18.5017055986525,3.47450588865302,41.532210348227,113.276712237858,0.0528403845879708,0.66574140999025,0.600104019228475,-0.301493451951224,1.35684072717967
6,1.8,909.27046095266,58.1547232614599,5.06468246756461,18.5017055986525,3.47450588865302,41.532210348227,113.276712237858,0.0528403845879708,0.66574140999025,0.600104019228475,-0.301493451951224,1.40023183870691
6,1.9,904.478512437348,59.840653432967,5.54206109224529,18.5017055986525,3.47450588865302,41.532210348227,113.276712237858,0.0528403845879708,0.66574140999025,0.600104019228475,-0.301493451951224,1.44082515549336
6,2,899.711817981811,61.4165417378126,6.03159627683807,18.5017055986525,3.47450588865302,41.532210348227,113.276712237858,0.0528403845879708,0.66574140999025,0.600104019228475,-0.301493451951224,1.47876891749477
6,2.1,894.970244494568,62.8882240542328,6.53235621542242,18.5017055986525,3.47450588865302,41.532210348227,113.276712237858,0.0528403845879708,0.66574140999025,0.600104019228475,-0.301493451951224,1.51420363922234
6,2.2,890.25365958554,64.2612320999371,7.043459420566,18.5017055986525,3.47450588865302,41.532210348227,113.276712237858,0.0528403845879708,0.66574140999025,0.600104019228475,-0.301493451951224,1.54726251170209
6,2.3,885.561931562359,65.5408092578967,7.56407209528849,18.5017055986525,3.47450588865302,41.532210348227,113.276712237858,0.0528403845879708,0.66574140999025,0.600104019228475,-0.301493451951224,1.57807178352343
6,2.4,880.894929426689,66.7319255788397,8.0934056417957,18.5017055986525,3.47450588865302,41.532210348227,113.276712237858,0.0528403845879708,0.66574140999025,0.600104019228475,-0.301493451951224,1.60675112206467
6,2.5,876.25252287057,67.8392920032812,8.63071429986887,18.5017055986525,3.47450588865302,41.532210348227,113.276712237858,0.0528403845879708,0.66574140999025,0.600104019228475,-0.301493451951224,1.6334139559268
6,2.6,871.634582272775,68.8673738436905,9.17529290816396,18.5017055986525,3.47450588865302,41.532210348227,113.276712237858,0.0528403845879708,0.66574140999025,0.600104019228475,-0.301493451951224,1.65816779955297
6,2.7,867.040978695199,69.8204035652823,9.72647478202667,18.5017055986525,3.47450588865302,41.532210348227,113.276712237858,0.0528403845879708,0.66574140999025,0.600104019228475,-0.301493451951224,1.68111456096059
6,2.8,862.471583879249,70.7023929019202,10.2836297017617,18.5017055986525,3.47450588865302,41.532210348227,113.276712237858,0.0528403845879708,0.66574140999025,0.600104019228475,-0.301493451951224,1.70235083346433
6,2.9,857.926270242271,71.51714434172,10.8461620056097,18.5017055986525,3.47450588865302,41.532210348227,113.276712237858,0.0528403845879708,0.66574140999025,0.600104019228475,-0.301493451951224,1.72196817222306
6,3,853.404910873984,72.268262015142,11.4135087819854,18.5017055986525,3.47450588865302,41.532210348227,113.276712237858,0.0528403845879708,0.66574140999025,0.600104019228475,-0.301493451951224,1.74005335639997
6,3.1,848.907379532937,72.9591620166556,11.9851381558113,18.5017055986525,3.47450588865302,41.532210348227,113.276712237858,0.0528403845879708,0.66574140999025,0.600104019228475,-0.301493451951224,1.75668863768456
6,3.2,844.433550642985,73.5930821894429,12.5605476640536,18.5017055986525,3.47450588865302,41.532210348227,113.276712237858,0.0528403845879708,0.66574140999025,0.600104019228475,-0.301493451951224,1.77195197588574
6,3.3,839.98329928978,74.1730914010747,13.1392627158184,18.5017055986525,3.47450588865302,41.532210348227,113.276712237858,0.0528403845879708,0.66574140999025,0.600104019228475,-0.301493451951224,1.78591726226873
6,3.4,835.556501217288,74.7020983366388,13.7208351326094,18.5017055986525,3.47450588865302,41.532210348227,113.276712237858,0.0528403845879708,0.66574140999025,0.600104019228475,-0.301493451951224,1.79865453127341
6,3.5,831.153032824317,75.1828598344242,14.3048417645762,18.5017055986525,3.47450588865302,41.532210348227,113.276712237858,0.0528403845879708,0.66574140999025,0.600104019228475,-0.301493451951224,1.81023016121832
6,3.6,826.772771161063,75.6179887879573,14.8908831788009,18.5017055986525,3.47450588865302,41.532210348227,113.276712237858,0.0528403845879708,0.66574140999025,0.600104019228475,-0.301493451951224,1.82070706456358
6,3.7,822.415593925684,76.0099616369498,15.4785824158738,18.5017055986525,3.47450588865302,41.532210348227,113.276712237858,0.0528403845879708,0.66574140999025,0.600104019228475,-0.301493451951224,1.83014486827559
6,3.8,818.081379460878,76.361125468543,16.0675838112066,18.5017055986525,3.47450588865302,41.532210348227,113.276712237858,0.0528403845879708,0.66574140999025,0.600104019228475,-0.301493451951224,1.8386000848087
6,3.9,813.770006750491,76.6737047491227,16.6575518777141,18.5017055986525,3.47450588865302,41.532210348227,113.276712237858,0.0528403845879708,0.66574140999025,0.600104019228475,-0.301493451951224,1.84612627419181
6,4,809.481355416136,76.9498077059209,17.248170246673,18.5017055986525,3.47450588865302,41.532210348227,113.276712237858,0.0528403845879708,0.66574140999025,0.600104019228475,-0.301493451951224,1.85277419768259
6,4.1,805.215305713834,77.1914323766255,17.839140663729,18.5017055986525,3.47450588865302,41.532210348227,113.276712237858,0.0528403845879708,0.66574140999025,0.600104019228475,-0.301493451951224,1.85859196342823
6,4.2,800.971738530667,77.4004723442661,18.4301820371858,18.5017055986525,3.47450588865302,41.532210348227,113.276712237858,0.0528403845879708,0.66574140999025,0.600104019228475,-0.301493451951224,1.86362516454823
6,4.3,796.750535381454,77.5787221737509,19.0210295358525,18.5017055986525,3.47450588865302,41.532210348227,113.276712237858,0.0528403845879708,0.66574140999025,0.600104019228475,-0.301493451951224,1.8679170100337
6,4.4,792.551578405446,77.7278825655727,19.6114337338751,18.5017055986525,3.47450588865302,41.532210348227,113.276712237858,0.0528403845879708,0.66574140999025,0.600104019228475,-0.301493451951224,1.87150844883677
6,4.5,788.374750363029,77.8495652413996,20.2011598001038,18.5017055986525,3.47450588865302,41.532210348227,113.276712237858,0.0528403845879708,0.66574140999025,0.600104019228475,-0.301493451951224,1.87443828750432
6,4.6,784.219934632456,77.9452975754964,20.7899867296815,18.5017055986525,3.47450588865302,41.532210348227,113.276712237858,0.0528403845879708,0.66574140999025,0.600104019228475,-0.301493451951224,1.87674330169196
6,4.7,780.087015206587,78.0165269852003,21.377706615656,18.5017055986525,3.47450588865302,41.532210348227,113.276712237858,0.0528403845879708,0.66574140999025,0.600104019228475,-0.301493451951224,1.87845834187659
6,4.8,775.975876689652,78.0646250929844,21.9641239585335,18.5017055986525,3.47450588865302,41.532210348227,113.276712237858,0.0528403845879708,0.66574140999025,0.600104019228475,-0.301493451951224,1.8796164335693
6,4.9,771.886404294029,78.0908916719918,22.5490550117995,18.5017055986525,3.47450588865302,41.532210348227,113.276712237858,0.0528403845879708,0.66574140999025,0.600104019228475,-0.301493451951224,1.88024887231473
6,5,767.818483837038,78.096558386304,23.1323271615358,18.5017055986525,3.47450588865302,41.532210348227,113.276712237858,0.0528403845879708,0.66574140999025,0.600104019228475,-0.301493451951224,1.88038531374813
6,5.1,763.772001737755,78.0827923366231,23.7137783383595,18.5017055986525,3.47450588865302,41.532210348227,113.276712237858,0.0528403845879708,0.66574140999025,0.600104019228475,-0.301493451951224,1.88005385896724
6,5.2,759.746845013836,78.0506994214889,24.2932564600025,18.5017055986525,3.47450588865302,41.532210348227,113.276712237858,0.0528403845879708,0.66574140999025,0.600104019228475,-0.301493451951224,1.87928113546263
6,5.3,755.742901278368,78.0013275236279,24.8706189029369,18.5017055986525,3.47450588865302,41.532210348227,113.276712237858,0.0528403845879708,0.66574140999025,0.600104019228475,-0.301493451951224,1.87809237383769
6,5.4,751.760058736728,77.9356695305315,25.4457320015355,18.5017055986525,3.47450588865302,41.532210348227,113.276712237858,0.0528403845879708,0.66574140999025,0.600104019228475,-0.301493451951224,1.87651148053715
6,5.5,747.798206183463,77.8546661978864,26.0184705733344,18.5017055986525,3.47450588865302,41.532210348227,113.276712237858,0.0528403845879708,0.66574140999025,0.600104019228475,-0.301493451951224,1.8745611067919
6,5.6,743.857232999181,77.759208864032,26.58871746904,18.5017055986525,3.47450588865302,41.532210348227,113.276712237858,0.0528403845879708,0.66574140999025,0.600104019228475,-0.301493451951224,1.87226271397693
6,5.7,739.937029147468,77.6501420231965,27.1563631459918,18.5017055986525,3.47450588865302,41.532210348227,113.276712237858,0.0528403845879708,0.66574140999025,0.600104019228475,-0.301493451951224,1.86963663556884
6,5.8,736.037485171815,77.5282657648553,27.7213052638627,18.5017055986525,3.47450588865302,41.532210348227,113.276712237858,0.0528403845879708,0.66574140999025,0.600104019228475,-0.301493451951224,1.86670213588006
6,5.9,732.158492192555,77.3943380861796,28.2834483014368,18.5017055986525,3.47450588865302,41.532210348227,113.276712237858,0.0528403845879708,0.66574140999025,0.600104019228475,-0.301493451951224,1.86347746573723
6,6,728.299941903833,77.249077084174,28.8427031933708,18.5017055986525,3.47450588865302,41.532210348227,113.276712237858,0.0528403845879708,0.66574140999025,0.600104019228475,-0.301493451951224,1.85997991526285
6,6.1,724.461726570574,77.0931630337647,29.3989869858971,18.5017055986525,3.47450588865302,41.532210348227,113.276712237858,0.0528403845879708,0.66574140999025,0.600104019228475,-0.301493451951224,1.85622586391085
6,6.2,720.643739025478,76.92724035777,29.9522225104845,18.5017055986525,3.47450588865302,41.532210348227,113.276712237858,0.0528403845879708,0.66574140999025,0.600104019228475,-0.301493451951224,1.85223082789896
6,6.3,716.84587266603,76.7519194943767,30.5023380745208,18.5017055986525,3.47450588865302,41.532210348227,113.276712237858,0.0528403845879708,0.66574140999025,0.600104019228475,-0.301493451951224,1.84800950517321
6,6.4,713.068021451518,76.5677786674568,31.0492671681322,18.5017055986525,3.47450588865302,41.532210348227,113.276712237858,0.0528403845879708,0.66574140999025,0.600104019228475,-0.301493451951224,1.84357581803314
6,6.5,709.310079900078,76.375365564777,31.5929481863002,18.5017055986525,3.47450588865302,41.532210348227,113.276712237858,0.0528403845879708,0.66574140999025,0.600104019228475,-0.301493451951224,1.83894295353913
6,6.6,705.571943085744,76.1751989288924,32.1333241654789,18.5017055986525,3.47450588865302,41.532210348227,113.276712237858,0.0528403845879708,0.66574140999025,0.600104019228475,-0.301493451951224,1.83412340181756
6,6.7,701.853506635523,75.9677700652689,32.6703425339592,18.5017055986525,3.47450588865302,41.532210348227,113.276712237858,0.0528403845879708,0.66574140999025,0.600104019228475,-0.301493451951224,1.82912899237283
6,6.8,698.154666726476,75.7535442719375,33.2039548752636,18.5017055986525,3.47450588865302,41.532210348227,113.276712237858,0.0528403845879708,0.66574140999025,0.600104019228475,-0.301493451951224,1.82397092851023
6,6.9,694.475320082824,75.5329621947647,33.7341167038942,18.5017055986525,3.47450588865302,41.532210348227,113.276712237858,0.0528403845879708,0.66574140999025,0.600104019228475,-0.301493451951224,1.81865981996764
6,7,690.81536397306,75.3064411122073,34.2607872527907,18.5017055986525,3.47450588865302,41.532210348227,113.276712237858,0.0528403845879708,0.66574140999025,0.600104019228475,-0.301493451951224,1.81320571384957
6,7.1,687.174696207083,75.0743761532212,34.7839292718895,18.5017055986525,3.47450588865302,41.532210348227,113.276712237858,0.0528403845879708,0.66574140999025,0.600104019228475,-0.301493451951224,1.8076181239515
6,7.2,683.553215133344,74.8371414517999,35.3035088372046,18.5017055986525,3.47450588865302,41.532210348227,113.276712237858,0.0528403845879708,0.66574140999025,0.600104019228475,-0.301493451951224,1.80190605855859
6,7.3,679.950819636009,74.5950912414415,35.819495169885,18.5017055986525,3.47450588865302,41.532210348227,113.276712237858,0.0528403845879708,0.66574140999025,0.600104019228475,-0.301493451951224,1.79607804679786
6,7.4,676.367409132135,74.3485608926672,36.331860464728,18.5017055986525,3.47450588865302,41.532210348227,113.276712237858,0.0528403845879708,0.66574140999025,0.600104019228475,-0.301493451951224,1.79014216361931
6,7.5,672.802883568861,74.0978678965559,36.8405797276558,18.5017055986525,3.47450588865302,41.532210348227,113.276712237858,0.0528403845879708,0.66574140999025,0.600104019228475,-0.301493451951224,1.7841060534771
6,7.6,669.257143420613,73.8433127971012,37.3456306216901,18.5017055986525,3.47450588865302,41.532210348227,113.276712237858,0.0528403845879708,0.66574140999025,0.600104019228475,-0.301493451951224,1.77797695277862
6,7.7,665.73008968633,73.5851800750552,37.846993320982,18.5017055986525,3.47450588865302,41.532210348227,113.276712237858,0.0528403845879708,0.66574140999025,0.600104019228475,-0.301493451951224,1.77176171116538
6,7.8,662.221623886694,73.3237389857814,38.3446503724777,18.5017055986525,3.47450588865302,41.532210348227,113.276712237858,0.0528403845879708,0.66574140999025,0.600104019228475,-0.301493451951224,1.7654668116866
6,7.9,658.731648061386,73.0592443535095,38.838586564822,18.5017055986525,3.47450588865302,41.532210348227,113.276712237858,0.0528403845879708,0.66574140999025,0.600104019228475,-0.301493451951224,1.759098389923
6,8,655.260064766346,72.7919373242615,39.3287888041242,18.5017055986525,3.47450588865302,41.532210348227,113.276712237858,0.0528403845879708,0.66574140999025,0.600104019228475,-0.301493451951224,1.75266225211558
6,8.1,651.806777071053,72.522046079597,39.8152459962287,18.5017055986525,3.47450588865302,41.532210348227,113.276712237858,0.0528403845879708,0.66574140999025,0.600104019228475,-0.301493451951224,1.74616389235092
6,8.2,648.371688555823,72.2497865132177,40.2979489351504,18.5017055986525,3.47450588865302,41.532210348227,113.276712237858,0.0528403845879708,0.66574140999025,0.600104019228475,-0.301493451951224,1.73960850885227
6,8.3,644.954703309112,71.9753628723628,40.7768901973559,18.5017055986525,3.47450588865302,41.532210348227,113.276712237858,0.0528403845879708,0.66574140999025,0.600104019228475,-0.301493451951224,1.73300101942288
6,8.4,641.555725924839,71.6989683658263,41.2520640415852,18.5017055986525,3.47450588865302,41.532210348227,113.276712237858,0.0528403845879708,0.66574140999025,0.600104019228475,-0.301493451951224,1.72634607608567
6,8.5,638.174661499723,71.4207857403339,41.7234663139255,18.5017055986525,3.47450588865302,41.532210348227,113.276712237858,0.0528403845879708,0.66574140999025,0.600104019228475,-0.301493451951224,1.71964807896103
6,8.6,634.811415630634,71.140987826924,42.1910943578634,18.5017055986525,3.47450588865302,41.532210348227,113.276712237858,0.0528403845879708,0.66574140999025,0.600104019228475,-0.301493451951224,1.71291118942243
6,8.7,631.465894411956,70.8597380588951,42.6549469290572,18.5017055986525,3.47450588865302,41.532210348227,113.276712237858,0.0528403845879708,0.66574140999025,0.600104019228475,-0.301493451951224,1.7061393425674
6,8.8,628.138004432964,70.577190962797,43.1150241145825,18.5017055986525,3.47450588865302,41.532210348227,113.276712237858,0.0528403845879708,0.66574140999025,0.600104019228475,-0.301493451951224,1.69933625903949
6,8.9,624.827652775218,70.2934926238694,43.571327256419,18.5017055986525,3.47450588865302,41.532210348227,113.276712237858,0.0528403845879708,0.66574140999025,0.600104019228475,-0.301493451951224,1.69250545623489
6,9,621.534747009969,70.0087811272565,44.023858878957,18.5017055986525,3.47450588865302,41.532210348227,113.276712237858,0.0528403845879708,0.66574140999025,0.600104019228475,-0.301493451951224,1.68565025892597
6,9.1,618.259195195573,69.7231869762589,44.472622620315,18.5017055986525,3.47450588865302,41.532210348227,113.276712237858,0.0528403845879708,0.66574140999025,0.600104019228475,-0.301493451951224,1.67877380933171
6,9.2,615.000905874933,69.4368334888152,44.9176231672688,18.5017055986525,3.47450588865302,41.532210348227,113.276712237858,0.0528403845879708,0.66574140999025,0.600104019228475,-0.301493451951224,1.67187907666416
6,9.3,611.759788072937,69.1498371733492,45.3588661936055,18.5017055986525,3.47450588865302,41.532210348227,113.276712237858,0.0528403845879708,0.66574140999025,0.600104019228475,-0.301493451951224,1.66496886617789
6,9.4,608.535751293921,68.8623080850524,45.7963583017226,18.5017055986525,3.47450588865302,41.532210348227,113.276712237858,0.0528403845879708,0.66574140999025,0.600104019228475,-0.301493451951224,1.65804582774854
6,9.5,605.328705519145,68.5743501636233,46.2301069673047,18.5017055986525,3.47450588865302,41.532210348227,113.276712237858,0.0528403845879708,0.66574140999025,0.600104019228475,-0.301493451951224,1.65111246400472
6,9.6,602.138561204273,68.2860615534249,46.6601204869152,18.5017055986525,3.47450588865302,41.532210348227,113.276712237858,0.0528403845879708,0.66574140999025,0.600104019228475,-0.301493451951224,1.64417113803672
6,9.7,598.965229276882,67.9975349069777,47.086407928354,18.5017055986525,3.47450588865302,41.532210348227,113.276712237858,0.0528403845879708,0.66574140999025,0.600104019228475,-0.301493451951224,1.63722408070392
6,9.8,595.808621133965,67.7088576726537,47.5089790836349,18.5017055986525,3.47450588865302,41.532210348227,113.276712237858,0.0528403845879708,0.66574140999025,0.600104019228475,-0.301493451951224,1.63027339756176
6,9.9,592.668648639464,67.4201123673937,47.9278444244473,18.5017055986525,3.47450588865302,41.532210348227,113.276712237858,0.0528403845879708,0.66574140999025,0.600104019228475,-0.301493451951224,1.62332107542819
6,10,589.545224121808,67.1313768352269,48.3430150599719,18.5017055986525,3.47450588865302,41.532210348227,113.276712237858,0.0528403845879708,0.66574140999025,0.600104019228475,-0.301493451951224,1.61636898860821
6,10.1,586.438260371462,66.8427244923324,48.7545026969291,18.5017055986525,3.47450588865302,41.532210348227,113.276712237858,0.0528403845879708,0.66574140999025,0.600104019228475,-0.301493451951224,1.60941890479436
6,10.2,583.347670638497,66.5542245593407,49.1623196017425,18.5017055986525,3.47450588865302,41.532210348227,113.276712237858,0.0528403845879708,0.66574140999025,0.600104019228475,-0.301493451951224,1.60247249066006
6,10.3,580.273368630161,66.2659422815419,49.5664785647075,18.5017055986525,3.47450588865302,41.532210348227,113.276712237858,0.0528403845879708,0.66574140999025,0.600104019228475,-0.301493451951224,1.59553131716166
6,10.4,577.215268508477,65.9779391376266,49.9669928660609,18.5017055986525,3.47450588865302,41.532210348227,113.276712237858,0.0528403845879708,0.66574140999025,0.600104019228475,-0.301493451951224,1.5885968645645
6,10.5,574.173284887843,65.6902730375592,50.3638762438529,18.5017055986525,3.47450588865302,41.532210348227,113.276712237858,0.0528403845879708,0.66574140999025,0.600104019228475,-0.301493451951224,1.58167052720717
6,10.6,571.147332832645,65.4029985101461,50.7571428635252,18.5017055986525,3.47450588865302,41.532210348227,113.276712237858,0.0528403845879708,0.66574140999025,0.600104019228475,-0.301493451951224,1.57475361801779
6,10.7,568.137327854892,65.1161668808375,51.1468072891097,18.5017055986525,3.47450588865302,41.532210348227,113.276712237858,0.0528403845879708,0.66574140999025,0.600104019228475,-0.301493451951224,1.56784737279501
6,10.8,565.143185911849,64.8298264402691,51.5328844559605,18.5017055986525,3.47450588865302,41.532210348227,113.276712237858,0.0528403845879708,0.66574140999025,0.600104019228475,-0.301493451951224,1.56095295426618
6,10.9,562.1648234037,64.544022604026,51.9153896449401,18.5017055986525,3.47450588865302,41.532210348227,113.276712237858,0.0528403845879708,0.66574140999025,0.600104019228475,-0.301493451951224,1.554071455934
6,11,559.202157171204,64.2587980640864,52.2943384579851,18.5017055986525,3.47450588865302,41.532210348227,113.276712237858,0.0528403845879708,0.66574140999025,0.600104019228475,-0.301493451951224,1.54720390572301
6,11.1,556.255104493381,63.9741929323761,52.6697467949772,18.5017055986525,3.47450588865302,41.532210348227,113.276712237858,0.0528403845879708,0.66574140999025,0.600104019228475,-0.301493451951224,1.54035126943604
6,11.2,553.323583085197,63.6902448768463,53.0416308318537,18.5017055986525,3.47450588865302,41.532210348227,113.276712237858,0.0528403845879708,0.66574140999025,0.600104019228475,-0.301493451951224,1.53351445403062
6,11.3,550.40751109527,63.4069892504621,53.4100069998909,18.5017055986525,3.47450588865302,41.532210348227,113.276712237858,0.0528403845879708,0.66574140999025,0.600104019228475,-0.301493451951224,1.52669431072476
6,11.4,547.506807103581,63.1244592134717,53.774891966101,18.5017055986525,3.47450588865302,41.532210348227,113.276712237858,0.0528403845879708,0.66574140999025,0.600104019228475,-0.301493451951224,1.51989163794088
6,11.5,544.621390119206,62.8426858493047,54.1363026146829,18.5017055986525,3.47450588865302,41.532210348227,113.276712237858,0.0528403845879708,0.66574140999025,0.600104019228475,-0.301493451951224,1.51310718409639
6,11.6,541.751179578049,62.5616982744324,54.494256029472,18.5017055986525,3.47450588865302,41.532210348227,113.276712237858,0.0528403845879708,0.66574140999025,0.600104019228475,-0.301493451951224,1.5063416502489
6,11.7,538.896095340596,62.2815237425031,54.8487694773388,18.5017055986525,3.47450588865302,41.532210348227,113.276712237858,0.0528403845879708,0.66574140999025,0.600104019228475,-0.301493451951224,1.49959569260349
6,11.8,536.056057689676,62.0021877430507,55.1998603924833,18.5017055986525,3.47450588865302,41.532210348227,113.276712237858,0.0528403845879708,0.66574140999025,0.600104019228475,-0.301493451951224,1.49286992488946
6,11.9,533.230987328236,61.723714095059,55.5475463615822,18.5017055986525,3.47450588865302,41.532210348227,113.276712237858,0.0528403845879708,0.66574140999025,0.600104019228475,-0.301493451951224,1.48616492061309
6,12,530.420805377126,61.4461250356494,55.8918451097415,18.5017055986525,3.47450588865302,41.532210348227,113.276712237858,0.0528403845879708,0.66574140999025,0.600104019228475,-0.301493451951224,1.47948121519308
6,12.1,527.625433372899,61.1694413041453,56.2327744872132,18.5017055986525,3.47450588865302,41.532210348227,113.276712237858,0.0528403845879708,0.66574140999025,0.600104019228475,-0.301493451951224,1.47281930798457
6,12.2,524.844793265617,60.8936822217545,56.5703524568374,18.5017055986525,3.47450588865302,41.532210348227,113.276712237858,0.0528403845879708,0.66574140999025,0.600104019228475,-0.301493451951224,1.46617966419777
6,12.3,522.078807416672,60.6188657670973,56.9045970821705,18.5017055986525,3.47450588865302,41.532210348227,113.276712237858,0.0528403845879708,0.66574140999025,0.600104019228475,-0.301493451951224,1.45956271671645
6,12.4,519.327398596622,60.3450086477954,57.2355265162632,18.5017055986525,3.47450588865302,41.532210348227,113.276712237858,0.0528403845879708,0.66574140999025,0.600104019228475,-0.301493451951224,1.45296886782168
6,12.5,516.59048998303,60.0721263683288,57.5631589910568,18.5017055986525,3.47450588865302,41.532210348227,113.276712237858,0.0528403845879708,0.66574140999025,0.600104019228475,-0.301493451951224,1.44639849082565
6,12.6,513.868005158322,59.8002332943528,57.8875128073622,18.5017055986525,3.47450588865302,41.532210348227,113.276712237858,0.0528403845879708,0.66574140999025,0.600104019228475,-0.301493451951224,1.43985193162024
6,12.7,511.159868107653,59.5293427136604,58.2086063253936,18.5017055986525,3.47450588865302,41.532210348227,113.276712237858,0.0528403845879708,0.66574140999025,0.600104019228475,-0.301493451951224,1.43332951014493
6,12.8,508.466003216783,59.2594668939645,58.526457955827,18.5017055986525,3.47450588865302,41.532210348227,113.276712237858,0.0528403845879708,0.66574140999025,0.600104019228475,-0.301493451951224,1.426831521778
6,12.9,505.786335269967,58.9906171376647,58.8410861513556,18.5017055986525,3.47450588865302,41.532210348227,113.276712237858,0.0528403845879708,0.66574140999025,0.600104019228475,-0.301493451951224,1.4203582386552
6,13,503.120789447855,58.722803833757,59.1525093987167,18.5017055986525,3.47450588865302,41.532210348227,113.276712237858,0.0528403845879708,0.66574140999025,0.600104019228475,-0.301493451951224,1.41390991091963
6,13.1,500.469291325402,58.4560365070335,59.4607462111656,18.5017055986525,3.47450588865302,41.532210348227,113.276712237858,0.0528403845879708,0.66574140999025,0.600104019228475,-0.301493451951224,1.40748676790637
6,13.2,497.831766869793,58.1903238647145,59.7658151213716,18.5017055986525,3.47450588865302,41.532210348227,113.276712237858,0.0528403845879708,0.66574140999025,0.600104019228475,-0.301493451951224,1.40108901926523
6,13.3,495.208142438369,57.9256738406455,60.0677346747162,18.5017055986525,3.47450588865302,41.532210348227,113.276712237858,0.0528403845879708,0.66574140999025,0.600104019228475,-0.301493451951224,1.39471685602494
6,13.4,492.59834477658,57.6620936371865,60.3665234229709,18.5017055986525,3.47450588865302,41.532210348227,113.276712237858,0.0528403845879708,0.66574140999025,0.600104019228475,-0.301493451951224,1.38837045160175
6,13.5,490.002301015932,57.3995897649138,60.6621999183345,18.5017055986525,3.47450588865302,41.532210348227,113.276712237858,0.0528403845879708,0.66574140999025,0.600104019228475,-0.301493451951224,1.38204996275533
6,13.6,487.419938671957,57.138168080247,60.9547827078121,18.5017055986525,3.47450588865302,41.532210348227,113.276712237858,0.0528403845879708,0.66574140999025,0.600104019228475,-0.301493451951224,1.37575553049481
6,13.7,484.851185642187,56.8778338211113,61.2442903279174,18.5017055986525,3.47450588865302,41.532210348227,113.276712237858,0.0528403845879708,0.66574140999025,0.600104019228475,-0.301493451951224,1.36948728093735
6,13.8,482.295970204141,56.6185916407348,61.5307412996808,18.5017055986525,3.47450588865302,41.532210348227,113.276712237858,0.0528403845879708,0.66574140999025,0.600104019228475,-0.301493451951224,1.36324532612197
6,13.9,479.754221013323,56.3604456396802,61.8141541239479,18.5017055986525,3.47450588865302,41.532210348227,113.276712237858,0.0528403845879708,0.66574140999025,0.600104019228475,-0.301493451951224,1.35702976478078
6,14,477.225867101231,56.1033993962008,62.0945472769532,18.5017055986525,3.47450588865302,41.532210348227,113.276712237858,0.0528403845879708,0.66574140999025,0.600104019228475,-0.301493451951224,1.35084068306988
6,14.1,474.710837873372,55.84745599501,62.3719392061534,18.5017055986525,3.47450588865302,41.532210348227,113.276712237858,0.0528403845879708,0.66574140999025,0.600104019228475,-0.301493451951224,1.34467815526207
6,14.2,472.209063107296,55.5926180545446,62.6463483263083,18.5017055986525,3.47450588865302,41.532210348227,113.276712237858,0.0528403845879708,0.66574140999025,0.600104019228475,-0.301493451951224,1.33854224440327
6,14.3,469.72047295063,55.3388877528027,62.9177930157952,18.5017055986525,3.47450588865302,41.532210348227,113.276712237858,0.0528403845879708,0.66574140999025,0.600104019228475,-0.301493451951224,1.33243300293468
6,14.4,467.244997919131,55.0862668518286,63.1862916131441,18.5017055986525,3.47450588865302,41.532210348227,113.276712237858,0.0528403845879708,0.66574140999025,0.600104019228475,-0.301493451951224,1.32635047328225
6,14.5,464.782568894746,54.8347567209158,63.4518624137835,18.5017055986525,3.47450588865302,41.532210348227,113.276712237858,0.0528403845879708,0.66574140999025,0.600104019228475,-0.301493451951224,1.32029468841541
6,14.6,462.333117123681,54.5843583585946,63.7145236669844,18.5017055986525,3.47450588865302,41.532210348227,113.276712237858,0.0528403845879708,0.66574140999025,0.600104019228475,-0.301493451951224,1.3142656723765
6,14.7,459.896574214479,54.3350724134687,63.9742935729923,18.5017055986525,3.47450588865302,41.532210348227,113.276712237858,0.0528403845879708,0.66574140999025,0.600104019228475,-0.301493451951224,1.30826344078237
6,14.8,457.472872136117,54.0868992039583,64.2311902803377,18.5017055986525,3.47450588865302,41.532210348227,113.276712237858,0.0528403845879708,0.66574140999025,0.600104019228475,-0.301493451951224,1.30228800129987
6,14.9,455.0619432161,53.8398387370093,64.4852318833157,18.5017055986525,3.47450588865302,41.532210348227,113.276712237858,0.0528403845879708,0.66574140999025,0.600104019228475,-0.301493451951224,1.29633935409623
6,15,452.663720138573,53.5938907258207,64.7364364196248,18.5017055986525,3.47450588865302,41.532210348227,113.276712237858,0.0528403845879708,0.66574140999025,0.600104019228475,-0.301493451951224,1.29041749226594
6,15.1,450.278135942446,53.3490546066421,64.9848218681573,18.5017055986525,3.47450588865302,41.532210348227,113.276712237858,0.0528403845879708,0.66574140999025,0.600104019228475,-0.301493451951224,1.2845224022352
6,15.2,447.905124019518,53.1053295546888,65.2304061469333,18.5017055986525,3.47450588865302,41.532210348227,113.276712237858,0.0528403845879708,0.66574140999025,0.600104019228475,-0.301493451951224,1.27865406414508
6,15.3,445.544618112621,52.8627144992222,65.4732071111702,18.5017055986525,3.47450588865302,41.532210348227,113.276712237858,0.0528403845879708,0.66574140999025,0.600104019228475,-0.301493451951224,1.27281245221467
6,15.4,443.196552313768,52.6212081378369,65.7132425514811,18.5017055986525,3.47450588865302,41.532210348227,113.276712237858,0.0528403845879708,0.66574140999025,0.600104019228475,-0.301493451951224,1.26699753508504
6,15.5,440.860861062315,52.3808089499972,65.9505301921941,18.5017055986525,3.47450588865302,41.532210348227,113.276712237858,0.0528403845879708,0.66574140999025,0.600104019228475,-0.301493451951224,1.26120927614519
6,15.6,438.53747914313,52.1415152098618,66.185087689788,18.5017055986525,3.47450588865302,41.532210348227,113.276712237858,0.0528403845879708,0.66574140999025,0.600104019228475,-0.301493451951224,1.25544763384085
6,15.7,436.226341684769,51.9033249984331,66.4169326314356,18.5017055986525,3.47450588865302,41.532210348227,113.276712237858,0.0528403845879708,0.66574140999025,0.600104019228475,-0.301493451951224,1.24971256196695
6,15.8,433.927384157669,51.6662362150675,66.6460825336518,18.5017055986525,3.47450588865302,41.532210348227,113.276712237858,0.0528403845879708,0.66574140999025,0.600104019228475,-0.301493451951224,1.24400400994485
6,15.9,431.640542372345,51.4302465883785,66.8725548410384,18.5017055986525,3.47450588865302,41.532210348227,113.276712237858,0.0528403845879708,0.66574140999025,0.600104019228475,-0.301493451951224,1.23832192308479
6,16,429.365752477595,51.195353686566,67.0963669251213,18.5017055986525,3.47450588865302,41.532210348227,113.276712237858,0.0528403845879708,0.66574140999025,0.600104019228475,-0.301493451951224,1.23266624283462
6,16.1,427.102950958721,50.9615549271998,67.3175360832763,18.5017055986525,3.47450588865302,41.532210348227,113.276712237858,0.0528403845879708,0.66574140999025,0.600104019228475,-0.301493451951224,1.22703690701536
6,16.2,424.852074635753,50.7288475864871,67.5360795377365,18.5017055986525,3.47450588865302,41.532210348227,113.276712237858,0.0528403845879708,0.66574140999025,0.600104019228475,-0.301493451951224,1.22143385004436
6,16.3,422.613060661687,50.4972288080503,67.752014434679,18.5017055986525,3.47450588865302,41.532210348227,113.276712237858,0.0528403845879708,0.66574140999025,0.600104019228475,-0.301493451951224,1.21585700314662
6,16.4,420.385846520729,50.2666956112408,67.9653578433852,18.5017055986525,3.47450588865302,41.532210348227,113.276712237858,0.0528403845879708,0.66574140999025,0.600104019228475,-0.301493451951224,1.21030629455499
6,16.5,418.170370026549,50.0372448990129,68.1761267554715,18.5017055986525,3.47450588865302,41.532210348227,113.276712237858,0.0528403845879708,0.66574140999025,0.600104019228475,-0.301493451951224,1.20478164969973
6,16.6,415.966569320544,49.8088734653808,68.3843380841864,18.5017055986525,3.47450588865302,41.532210348227,113.276712237858,0.0528403845879708,0.66574140999025,0.600104019228475,-0.301493451951224,1.19928299138808
6,16.7,413.774382870116,49.58157800248,68.59000866377,18.5017055986525,3.47450588865302,41.532210348227,113.276712237858,0.0528403845879708,0.66574140999025,0.600104019228475,-0.301493451951224,1.1938102399743
6,16.8,411.593749466946,49.3553551072546,68.7931552488739,18.5017055986525,3.47450588865302,41.532210348227,113.276712237858,0.0528403845879708,0.66574140999025,0.600104019228475,-0.301493451951224,1.18836331352062
6,16.9,409.424608225293,49.1302012877892,68.9937945140357,18.5017055986525,3.47450588865302,41.532210348227,113.276712237858,0.0528403845879708,0.66574140999025,0.600104019228475,-0.301493451951224,1.18294212794977
6,17,407.266898580286,48.9061129693042,69.1919430532079,18.5017055986525,3.47450588865302,41.532210348227,113.276712237858,0.0528403845879708,0.66574140999025,0.600104019228475,-0.301493451951224,1.17754659718928
6,17.1,405.12056028624,48.6830864998323,69.3876173793361,18.5017055986525,3.47450588865302,41.532210348227,113.276712237858,0.0528403845879708,0.66574140999025,0.600104019228475,-0.301493451951224,1.17217663330819
6,17.2,402.985533414969,48.461118155592,69.5808339239854,18.5017055986525,3.47450588865302,41.532210348227,113.276712237858,0.0528403845879708,0.66574140999025,0.600104019228475,-0.301493451951224,1.16683214664641
6,17.3,400.861758354118,48.2402041460753,69.771609037011,18.5017055986525,3.47450588865302,41.532210348227,113.276712237858,0.0528403845879708,0.66574140999025,0.600104019228475,-0.301493451951224,1.16151304593724
6,17.4,398.749175805491,48.0203406188627,69.9599589862713,18.5017055986525,3.47450588865302,41.532210348227,113.276712237858,0.0528403845879708,0.66574140999025,0.600104019228475,-0.301493451951224,1.15621923842329
6,17.5,396.647726783402,47.8015236641819,70.1458999573815,18.5017055986525,3.47450588865302,41.532210348227,113.276712237858,0.0528403845879708,0.66574140999025,0.600104019228475,-0.301493451951224,1.15095062996623
6,17.6,394.557352613026,47.5837493192212,70.3294480535039,18.5017055986525,3.47450588865302,41.532210348227,113.276712237858,0.0528403845879708,0.66574140999025,0.600104019228475,-0.301493451951224,1.1457071251507
6,17.7,392.477994928758,47.3670135722123,70.5106192951753,18.5017055986525,3.47450588865302,41.532210348227,113.276712237858,0.0528403845879708,0.66574140999025,0.600104019228475,-0.301493451951224,1.14048862738254
6,17.8,390.409595672588,47.1513123662937,70.6894296201669,18.5017055986525,3.47450588865302,41.532210348227,113.276712237858,0.0528403845879708,0.66574140999025,0.600104019228475,-0.301493451951224,1.13529503898187
6,17.9,388.352097092477,46.9366416031658,70.865894883377,18.5017055986525,3.47450588865302,41.532210348227,113.276712237858,0.0528403845879708,0.66574140999025,0.600104019228475,-0.301493451951224,1.13012626127108
6,18,386.305441740745,46.7229971465499,71.0400308567528,18.5017055986525,3.47450588865302,41.532210348227,113.276712237858,0.0528403845879708,0.66574140999025,0.600104019228475,-0.301493451951224,1.12498219465809
6,18.1,384.269572472467,46.5103748254592,71.2118532292413,18.5017055986525,3.47450588865302,41.532210348227,113.276712237858,0.0528403845879708,0.66574140999025,0.600104019228475,-0.301493451951224,1.11986273871515
6,18.2,382.244432443878,46.2987704372945,71.3813776067664,18.5017055986525,3.47450588865302,41.532210348227,113.276712237858,0.0528403845879708,0.66574140999025,0.600104019228475,-0.301493451951224,1.11476779225335
6,18.3,380.229965110784,46.0881797507706,71.5486195122316,18.5017055986525,3.47450588865302,41.532210348227,113.276712237858,0.0528403845879708,0.66574140999025,0.600104019228475,-0.301493451951224,1.10969725339307
6,18.4,378.226114226988,45.8785985086846,71.7135943855464,18.5017055986525,3.47450588865302,41.532210348227,113.276712237858,0.0528403845879708,0.66574140999025,0.600104019228475,-0.301493451951224,1.10465101963068
6,18.5,376.232823842713,45.6700224305336,71.876317583675,18.5017055986525,3.47450588865302,41.532210348227,113.276712237858,0.0528403845879708,0.66574140999025,0.600104019228475,-0.301493451951224,1.09962898790152
6,18.6,374.250038303044,45.462447214989,72.0368043807057,18.5017055986525,3.47450588865302,41.532210348227,113.276712237858,0.0528403845879708,0.66574140999025,0.600104019228475,-0.301493451951224,1.09463105463949
6,18.7,372.277702246374,45.255868542236,72.1950699679414,18.5017055986525,3.47450588865302,41.532210348227,113.276712237858,0.0528403845879708,0.66574140999025,0.600104019228475,-0.301493451951224,1.08965711583342
6,18.8,370.315760602857,45.050282076185,72.3511294540074,18.5017055986525,3.47450588865302,41.532210348227,113.276712237858,0.0528403845879708,0.66574140999025,0.600104019228475,-0.301493451951224,1.08470706708024
6,18.9,368.364158592869,44.8456834665607,72.5049978649776,18.5017055986525,3.47450588865302,41.532210348227,113.276712237858,0.0528403845879708,0.66574140999025,0.600104019228475,-0.301493451951224,1.07978080363534
6,19,366.422841725483,44.6420683508767,72.6566901445176,18.5017055986525,3.47450588865302,41.532210348227,113.276712237858,0.0528403845879708,0.66574140999025,0.600104019228475,-0.301493451951224,1.0748782204601
6,19.1,364.491755796943,44.4394323563011,72.8062211540422,18.5017055986525,3.47450588865302,41.532210348227,113.276712237858,0.0528403845879708,0.66574140999025,0.600104019228475,-0.301493451951224,1.06999921226678
6,19.2,362.570846889152,44.2377711014175,72.9536056728892,18.5017055986525,3.47450588865302,41.532210348227,113.276712237858,0.0528403845879708,0.66574140999025,0.600104019228475,-0.301493451951224,1.06514367356097
6,19.3,360.660061368169,44.0370801978894,73.0988583985051,18.5017055986525,3.47450588865302,41.532210348227,113.276712237858,0.0528403845879708,0.66574140999025,0.600104019228475,-0.301493451951224,1.06031149868163
6,19.4,358.759345882707,43.837355252031,73.2419939466456,18.5017055986525,3.47450588865302,41.532210348227,113.276712237858,0.0528403845879708,0.66574140999025,0.600104019228475,-0.301493451951224,1.05550258183893
6,19.5,356.868647362648,43.6385918662896,73.383026851587,18.5017055986525,3.47450588865302,41.532210348227,113.276712237858,0.0528403845879708,0.66574140999025,0.600104019228475,-0.301493451951224,1.05071681714991
6,19.6,354.987913017556,43.4407856406456,73.5219715663489,18.5017055986525,3.47450588865302,41.532210348227,113.276712237858,0.0528403845879708,0.66574140999025,0.600104019228475,-0.301493451951224,1.04595409867224
6,19.7,353.117090335209,43.2439321739323,73.6588424629289,18.5017055986525,3.47450588865302,41.532210348227,113.276712237858,0.0528403845879708,0.66574140999025,0.600104019228475,-0.301493451951224,1.04121432043596
6,19.8,351.256127080128,43.0480270650819,73.7936538325458,18.5017055986525,3.47450588865302,41.532210348227,113.276712237858,0.0528403845879708,0.66574140999025,0.600104019228475,-0.301493451951224,1.03649737647348
6,19.9,349.404971292122,42.8530659142994,73.9264198858928,18.5017055986525,3.47450588865302,41.532210348227,113.276712237858,0.0528403845879708,0.66574140999025,0.600104019228475,-0.301493451951224,1.03180316084788
6,20,347.563571284833,42.6590443241706,74.0571547533998,18.5017055986525,3.47450588865302,41.532210348227,113.276712237858,0.0528403845879708,0.66574140999025,0.600104019228475,-0.301493451951224,1.02713156767954
6,20.1,345.731875644297,42.4659579007047,74.185872485503,18.5017055986525,3.47450588865302,41.532210348227,113.276712237858,0.0528403845879708,0.66574140999025,0.600104019228475,-0.301493451951224,1.02248249117128
6,20.2,343.909833227507,42.2738022543184,74.3125870529231,18.5017055986525,3.47450588865302,41.532210348227,113.276712237858,0.0528403845879708,0.66574140999025,0.600104019228475,-0.301493451951224,1.01785582563205
6,20.3,342.097393160984,42.0825730007611,74.4373123469498,18.5017055986525,3.47450588865302,41.532210348227,113.276712237858,0.0528403845879708,0.66574140999025,0.600104019228475,-0.301493451951224,1.01325146549918
6,20.4,340.29450483936,41.8922657619872,74.5600621797333,18.5017055986525,3.47450588865302,41.532210348227,113.276712237858,0.0528403845879708,0.66574140999025,0.600104019228475,-0.301493451951224,1.00866930535941
6,20.5,338.501117923958,41.7028761669761,74.6808502845825,18.5017055986525,3.47450588865302,41.532210348227,113.276712237858,0.0528403845879708,0.66574140999025,0.600104019228475,-0.301493451951224,1.00410923996865
6,20.6,336.717182341394,41.5143998525045,74.7996903162675,18.5017055986525,3.47450588865302,41.532210348227,113.276712237858,0.0528403845879708,0.66574140999025,0.600104019228475,-0.301493451951224,0.999571164270499
6,20.7,334.942648282177,41.3268324638715,74.9165958513292,18.5017055986525,3.47450588865302,41.532210348227,113.276712237858,0.0528403845879708,0.66574140999025,0.600104019228475,-0.301493451951224,0.995054973413804
6,20.8,333.177466199313,41.1401696555811,75.0315803883924,18.5017055986525,3.47450588865302,41.532210348227,113.276712237858,0.0528403845879708,0.66574140999025,0.600104019228475,-0.301493451951224,0.990560562769023
6,20.9,331.42158680693,40.9544070919829,75.144657348484,18.5017055986525,3.47450588865302,41.532210348227,113.276712237858,0.0528403845879708,0.66574140999025,0.600104019228475,-0.301493451951224,0.986087827943674
6,21,329.674961078896,40.7695404478734,75.255840075356,18.5017055986525,3.47450588865302,41.532210348227,113.276712237858,0.0528403845879708,0.66574140999025,0.600104019228475,-0.301493451951224,0.981636664796818
6,21.1,327.93754024745,40.5855654090606,75.3651418358111,18.5017055986525,3.47450588865302,41.532210348227,113.276712237858,0.0528403845879708,0.66574140999025,0.600104019228475,-0.301493451951224,0.977206969452645
6,21.2,326.209275801844,40.4024776728935,75.4725758200331,18.5017055986525,3.47450588865302,41.532210348227,113.276712237858,0.0528403845879708,0.66574140999025,0.600104019228475,-0.301493451951224,0.972798638313223
6,21.3,324.490119486987,40.2202729487578,75.5781551419196,18.5017055986525,3.47450588865302,41.532210348227,113.276712237858,0.0528403845879708,0.66574140999025,0.600104019228475,-0.301493451951224,0.968411568070441
6,21.4,322.780023302096,40.0389469585407,75.6818928394185,18.5017055986525,3.47450588865302,41.532210348227,113.276712237858,0.0528403845879708,0.66574140999025,0.600104019228475,-0.301493451951224,0.964045655717189
6,21.5,321.078939499358,39.8584954370652,75.7838018748669,18.5017055986525,3.47450588865302,41.532210348227,113.276712237858,0.0528403845879708,0.66574140999025,0.600104019228475,-0.301493451951224,0.959700798557832
6,21.6,319.386820582594,39.6789141324972,75.883895135332,18.5017055986525,3.47450588865302,41.532210348227,113.276712237858,0.0528403845879708,0.66574140999025,0.600104019228475,-0.301493451951224,0.955376894217986
6,21.7,317.703619305938,39.5001988067243,75.9821854329551,18.5017055986525,3.47450588865302,41.532210348227,113.276712237858,0.0528403845879708,0.66574140999025,0.600104019228475,-0.301493451951224,0.951073840653669
6,21.8,316.029288672512,39.3223452357107,76.078685505297,18.5017055986525,3.47450588865302,41.532210348227,113.276712237858,0.0528403845879708,0.66574140999025,0.600104019228475,-0.301493451951224,0.946791536159823
6,21.9,314.363781933117,39.1453492098273,76.1734080156855,18.5017055986525,3.47450588865302,41.532210348227,113.276712237858,0.0528403845879708,0.66574140999025,0.600104019228475,-0.301493451951224,0.942529879378271
6,22,312.707052584927,38.9692065341594,76.2663655535642,18.5017055986525,3.47450588865302,41.532210348227,113.276712237858,0.0528403845879708,0.66574140999025,0.600104019228475,-0.301493451951224,0.938288769305124
6,22.1,311.059054370192,38.7939130287924,76.357570634843,18.5017055986525,3.47450588865302,41.532210348227,113.276712237858,0.0528403845879708,0.66574140999025,0.600104019228475,-0.301493451951224,0.934068105297666
6,22.2,309.419741274942,38.6194645290781,76.4470357022497,18.5017055986525,3.47450588865302,41.532210348227,113.276712237858,0.0528403845879708,0.66574140999025,0.600104019228475,-0.301493451951224,0.929867787080753
6,22.3,307.789067527708,38.4458568858807,76.5347731256828,18.5017055986525,3.47450588865302,41.532210348227,113.276712237858,0.0528403845879708,0.66574140999025,0.600104019228475,-0.301493451951224,0.925687714752749
6,22.4,306.16698759824,38.273085965805,76.620795202565,18.5017055986525,3.47450588865302,41.532210348227,113.276712237858,0.0528403845879708,0.66574140999025,0.600104019228475,-0.301493451951224,0.921527788791017
6,22.5,304.553456196239,38.1011476514077,76.7051141581975,18.5017055986525,3.47450588865302,41.532210348227,113.276712237858,0.0528403845879708,0.66574140999025,0.600104019228475,-0.301493451951224,0.917387910057002
6,22.6,302.948428270089,37.9300378413917,76.7877421461149,18.5017055986525,3.47450588865302,41.532210348227,113.276712237858,0.0528403845879708,0.66574140999025,0.600104019228475,-0.301493451951224,0.913267979800912
6,22.7,301.3518590056,37.7597524507854,76.8686912484407,18.5017055986525,3.47450588865302,41.532210348227,113.276712237858,0.0528403845879708,0.66574140999025,0.600104019228475,-0.301493451951224,0.909167899666035
6,22.8,299.763703824758,37.5902874111071,76.9479734762431,18.5017055986525,3.47450588865302,41.532210348227,113.276712237858,0.0528403845879708,0.66574140999025,0.600104019228475,-0.301493451951224,0.905087571692699
6,22.9,298.18391838448,37.4216386705157,77.0256007698911,18.5017055986525,3.47450588865302,41.532210348227,113.276712237858,0.0528403845879708,0.66574140999025,0.600104019228475,-0.301493451951224,0.901026898321901
6,23,296.612458575376,37.2538021939483,77.1015849994103,18.5017055986525,3.47450588865302,41.532210348227,113.276712237858,0.0528403845879708,0.66574140999025,0.600104019228475,-0.301493451951224,0.896985782398616
6,23.1,295.049280520516,37.0867739632454,77.1759379648392,18.5017055986525,3.47450588865302,41.532210348227,113.276712237858,0.0528403845879708,0.66574140999025,0.600104019228475,-0.301493451951224,0.892964127174818
6,23.2,293.494340574207,36.9205499772646,77.2486713965851,18.5017055986525,3.47450588865302,41.532210348227,113.276712237858,0.0528403845879708,0.66574140999025,0.600104019228475,-0.301493451951224,0.888961836312206
6,23.3,291.947595320772,36.7551262519827,77.3197969557803,18.5017055986525,3.47450588865302,41.532210348227,113.276712237858,0.0528403845879708,0.66574140999025,0.600104019228475,-0.301493451951224,0.884978813884676
6,23.4,290.40900157334,36.5904988205878,77.3893262346369,18.5017055986525,3.47450588865302,41.532210348227,113.276712237858,0.0528403845879708,0.66574140999025,0.600104019228475,-0.301493451951224,0.88101496438053
6,23.5,288.878516372639,36.4266637335613,77.4572707568029,18.5017055986525,3.47450588865302,41.532210348227,113.276712237858,0.0528403845879708,0.66574140999025,0.600104019228475,-0.301493451951224,0.877070192704454
6,23.6,287.356096985796,36.2636170587507,77.5236419777163,18.5017055986525,3.47450588865302,41.532210348227,113.276712237858,0.0528403845879708,0.66574140999025,0.600104019228475,-0.301493451951224,0.87314440417927
6,23.7,285.841700905147,36.1013548814333,77.5884512849595,18.5017055986525,3.47450588865302,41.532210348227,113.276712237858,0.0528403845879708,0.66574140999025,0.600104019228475,-0.301493451951224,0.869237504547468
6,23.8,284.335285847045,35.9398733043719,77.6517099986131,18.5017055986525,3.47450588865302,41.532210348227,113.276712237858,0.0528403845879708,0.66574140999025,0.600104019228475,-0.301493451951224,0.865349399972549
6,23.9,282.836809750683,35.779168447862,77.7134293716085,18.5017055986525,3.47450588865302,41.532210348227,113.276712237858,0.0528403845879708,0.66574140999025,0.600104019228475,-0.301493451951224,0.861479997040165
6,24,1281.34623077692,35.6192364497726,77.7736205900808,18.5017055986525,3.47450588865302,41.532210348227,113.276712237858,0.0528403845879708,0.66574140999025,0.600104019228475,-0.301493451951224,0.857629202759088
7,0,0,0,0,20.4963369899176,3.47450588865302,46.5252034484252,113.276712237858,0.0586332567256554,0.768124674393796,0.713628915476141,-0.197467153408547,0
7,0,1000,0,0,20.4963369899176,3.47450588865302,46.5252034484252,113.276712237858,0.0586332567256554,0.768124674393796,0.713628915476141,-0.197467153408547,0
7,0.1,994.153830075117,5.69799778035518,0.0214582795262652,20.4963369899176,3.47450588865302,46.5252034484252,113.276712237858,0.0586332567256554,0.768124674393796,0.713628915476141,-0.197467153408547,0.122471206099541
7,0.2,988.341837853025,11.0766719097136,0.084136777148437,20.4963369899176,3.47450588865302,46.5252034484252,113.276712237858,0.0586332567256554,0.768124674393796,0.713628915476141,-0.197467153408547,0.238078956967754
7,0.3,982.563823525065,16.1523722813124,0.185589711895963,20.4963369899176,3.47450588865302,46.5252034484252,113.276712237858,0.0586332567256554,0.768124674393796,0.713628915476141,-0.197467153408547,0.347174672738784
7,0.4,976.819588450695,20.9406194791556,0.323497586973418,20.4963369899176,3.47450588865302,46.5252034484252,113.276712237858,0.0586332567256554,0.768124674393796,0.713628915476141,-0.197467153408547,0.450091948600912
7,0.5,971.108935150658,25.4561467982998,0.495660777307605,20.4963369899176,3.47450588865302,46.5252034484252,113.276712237858,0.0586332567256554,0.768124674393796,0.713628915476141,-0.197467153408547,0.547147457969074
7,0.6,965.431667300195,29.7129401362697,0.699993442050451,20.4963369899176,3.47450588865302,46.5252034484252,113.276712237858,0.0586332567256554,0.768124674393796,0.713628915476141,-0.197467153408547,0.638641809900037
7,0.7,959.787589722295,33.7242758634576,0.934517745574247,20.4963369899176,3.47450588865302,46.5252034484252,113.276712237858,0.0586332567256554,0.768124674393796,0.713628915476141,-0.197467153408547,0.724860363068421
7,0.8,954.176508380985,37.5027567748964,1.19735837132984,20.4963369899176,3.47450588865302,46.5252034484252,113.276712237858,0.0586332567256554,0.768124674393796,0.713628915476141,-0.197467153408547,0.806073998504263
7,0.9,948.598230374658,41.0603462206067,1.48673731373023,20.4963369899176,3.47450588865302,46.5252034484252,113.276712237858,0.0586332567256554,0.768124674393796,0.713628915476141,-0.197467153408547,0.882539853181373
7,1,943.052563929445,44.4084005067967,1.80096893397367,20.4963369899176,3.47450588865302,46.5252034484252,113.276712237858,0.0586332567256554,0.768124674393796,0.713628915476141,-0.197467153408547,0.954502016439862
7,1.1,937.539318392617,47.5576996555164,2.13845526643413,20.4963369899176,3.47450588865302,46.5252034484252,113.276712237858,0.0586332567256554,0.768124674393796,0.713628915476141,-0.197467153408547,1.02219219112574
7,1.2,932.058304226035,50.5184766059313,2.49768156292423,20.4963369899176,3.47450588865302,46.5252034484252,113.276712237858,0.0586332567256554,0.768124674393796,0.713628915476141,-0.197467153408547,1.08583032123509
7,1.3,926.609332999631,53.3004449361654,2.87721206277909,20.4963369899176,3.47450588865302,46.5252034484252,113.276712237858,0.0586332567256554,0.768124674393796,0.713628915476141,-0.197467153408547,1.14562518775981
7,1.4,921.192217384933,55.9128251806664,3.27568597732008,20.4963369899176,3.47450588865302,46.5252034484252,113.276712237858,0.0586332567256554,0.768124674393796,0.713628915476141,-0.197467153408547,1.20177497434584
7,1.5,915.806771148621,58.3643698142453,3.691813677837,20.4963369899176,3.47450588865302,46.5252034484252,113.276712237858,0.0586332567256554,0.768124674393796,0.713628915476141,-0.197467153408547,1.25446780429331
7,1.6,910.452809146128,60.6633869703414,4.12437307677741,20.4963369899176,3.47450588865302,46.5252034484252,113.276712237858,0.0586332567256554,0.768124674393796,0.713628915476141,-0.197467153408547,1.30388225035037
7,1.7,905.130147315273,62.8177629576379,4.57220619235466,20.4963369899176,3.47450588865302,46.5252034484252,113.276712237858,0.0586332567256554,0.768124674393796,0.713628915476141,-0.197467153408547,1.35018781867926
7,1.8,899.838602669933,64.8349836359084,5.03421588728134,20.4963369899176,3.47450588865302,46.5252034484252,113.276712237858,0.0586332567256554,0.768124674393796,0.713628915476141,-0.197467153408547,1.39354540830284
7,1.9,894.577993293756,66.7221547088859,5.5093627728065,20.4963369899176,3.47450588865302,46.5252034484252,113.276712237858,0.0586332567256554,0.768124674393796,0.713628915476141,-0.197467153408547,1.43410774727401
7,2,889.3481383339,68.4860209890226,5.99666226968128,20.4963369899176,3.47450588865302,46.5252034484252,113.276712237858,0.0586332567256554,0.768124674393796,0.713628915476141,-0.197467153408547,1.47201980674715
7,2.1,884.148857994822,70.1329846862257,6.49518181810219,20.4963369899176,3.47450588865302,46.5252034484252,113.276712237858,0.0586332567256554,0.768124674393796,0.713628915476141,-0.197467153408547,1.50741919407124
7,2.2,878.979973532093,71.6691227700162,7.00403822908418,20.4963369899176,3.47450588865302,46.5252034484252,113.276712237858,0.0586332567256554,0.768124674393796,0.713628915476141,-0.197467153408547,1.54043652596735
7,2.3,873.841307246255,73.1002034520554,7.5223951700977,20.4963369899176,3.47450588865302,46.5252034484252,113.276712237858,0.0586332567256554,0.768124674393796,0.713628915476141,-0.197467153408547,1.57119578279952
7,2.4,868.732682476712,74.4317018336006,8.04946077816734,20.4963369899176,3.47450588865302,46.5252034484252,113.276712237858,0.0586332567256554,0.768124674393796,0.713628915476141,-0.197467153408547,1.59981464489695
7,2.5,863.653923595654,75.6688147601986,8.58448539397409,20.4963369899176,3.47450588865302,46.5252034484252,113.276712237858,0.0586332567256554,0.768124674393796,0.713628915476141,-0.197467153408547,1.62640481183667
7,2.6,858.604856002022,76.8164749237794,9.12675941083033,20.4963369899176,3.47450588865302,46.5252034484252,113.276712237858,0.0586332567256554,0.768124674393796,0.713628915476141,-0.197467153408547,1.65107230555011
7,2.7,853.585306115504,77.8793642502785,9.67561123270765,20.4963369899176,3.47450588865302,46.5252034484252,113.276712237858,0.0586332567256554,0.768124674393796,0.713628915476141,-0.197467153408547,1.67391775807301
7,2.8,848.59510137057,78.8619266089849,10.2304053357919,20.4963369899176,3.47450588865302,46.5252034484252,113.276712237858,0.0586332567256554,0.768124674393796,0.713628915476141,-0.197467153408547,1.69503668471662
7,2.9,843.634070210534,79.7683798779775,10.7905404283203,20.4963369899176,3.47450588865302,46.5252034484252,113.276712237858,0.0586332567256554,0.768124674393796,0.713628915476141,-0.197467153408547,1.71451974339894
7,3,838.702042081663,80.6027273982721,11.3554477037211,20.4963369899176,3.47450588865302,46.5252034484252,113.276712237858,0.0586332567256554,0.768124674393796,0.713628915476141,-0.197467153408547,1.732452980837
7,3.1,833.798847427307,81.3687688476486,11.924589182328,20.4963369899176,3.47450588865302,46.5252034484252,113.276712237858,0.0586332567256554,0.768124674393796,0.713628915476141,-0.197467153408547,1.74891806626593
7,3.2,828.924317682076,82.0701105635584,12.4974561371821,20.4963369899176,3.47450588865302,46.5252034484252,113.276712237858,0.0586332567256554,0.768124674393796,0.713628915476141,-0.197467153408547,1.7639925133167
7,3.3,824.078285266039,82.7101753430229,13.07356759966,20.4963369899176,3.47450588865302,46.5252034484252,113.276712237858,0.0586332567256554,0.768124674393796,0.713628915476141,-0.197467153408547,1.77774989065249
7,3.4,819.260583578967,83.2922117460203,13.652468940885,20.4963369899176,3.47450588865302,46.5252034484252,113.276712237858,0.0586332567256554,0.768124674393796,0.713628915476141,-0.197467153408547,1.79026002193311
7,3.5,814.471046994606,83.8193029275155,14.2337305250795,20.4963369899176,3.47450588865302,46.5252034484252,113.276712237858,0.0586332567256554,0.768124674393796,0.713628915476141,-0.197467153408547,1.80158917564825
7,3.6,809.709510854978,84.2943750220124,14.8169464312157,20.4963369899176,3.47450588865302,46.5252034484252,113.276712237858,0.0586332567256554,0.768124674393796,0.713628915476141,-0.197467153408547,1.81180024533274
7,3.7,804.975811464726,84.7202051032989,15.4017332395018,20.4963369899176,3.47450588865302,46.5252034484252,113.276712237858,0.0586332567256554,0.768124674393796,0.713628915476141,-0.197467153408547,1.82095292065115
7,3.8,800.269786085483,85.0994287409076,15.987728879421,20.4963369899176,3.47450588865302,46.5252034484252,113.276712237858,0.0586332567256554,0.768124674393796,0.713628915476141,-0.197467153408547,1.82910384981429
7,3.9,795.591272930278,85.4345471737221,16.574591536202,20.4963369899176,3.47450588865302,46.5252034484252,113.276712237858,0.0586332567256554,0.768124674393796,0.713628915476141,-0.197467153408547,1.83630679376672
7,4,790.940111157973,85.7279341201265,17.1619986127624,20.4963369899176,3.47450588865302,46.5252034484252,113.276712237858,0.0586332567256554,0.768124674393796,0.713628915476141,-0.197467153408547,1.84261277256227
7,4.1,786.316140867738,85.9818422431107,17.7496457443129,20.4963369899176,3.47450588865302,46.5252034484252,113.276712237858,0.0586332567256554,0.768124674393796,0.713628915476141,-0.197467153408547,1.84807020432322
7,4.2,781.719203093547,86.198409287813,18.3372458629544,20.4963369899176,3.47450588865302,46.5252034484252,113.276712237858,0.0586332567256554,0.768124674393796,0.713628915476141,-0.197467153408547,1.85272503715899
7,4.3,777.149139798718,86.3796639080954,18.9245283097346,20.4963369899176,3.47450588865302,46.5252034484252,113.276712237858,0.0586332567256554,0.768124674393796,0.713628915476141,-0.197467153408547,1.85662087440091
7,4.4,772.605793870479,86.5275311979044,19.5112379917604,20.4963369899176,3.47450588865302,46.5252034484252,113.276712237858,0.0586332567256554,0.768124674393796,0.713628915476141,-0.197467153408547,1.85979909349183
7,4.5,768.089009114563,86.6438379423765,20.0971345820811,20.4963369899176,3.47450588865302,46.5252034484252,113.276712237858,0.0586332567256554,0.768124674393796,0.713628915476141,-0.197467153408547,1.86229895885193
7,4.6,763.598630249844,86.730317602884,20.6819917601768,20.4963369899176,3.47450588865302,46.5252034484252,113.276712237858,0.0586332567256554,0.768124674393796,0.713628915476141,-0.197467153408547,1.86415772902589
7,4.7,759.134502902996,86.7886150495018,21.2655964909936,20.4963369899176,3.47450588865302,46.5252034484252,113.276712237858,0.0586332567256554,0.768124674393796,0.713628915476141,-0.197467153408547,1.8654107584013
7,4.8,754.696473603183,86.8202910536919,21.847748340573,20.4963369899176,3.47450588865302,46.5252034484252,113.276712237858,0.0586332567256554,0.768124674393796,0.713628915476141,-0.197467153408547,1.86609159377315
7,4.9,750.284389776789,86.8268265533524,22.42825882642,20.4963369899176,3.47450588865302,46.5252034484252,113.276712237858,0.0586332567256554,0.768124674393796,0.713628915476141,-0.197467153408547,1.86623206601564
7,5,745.898099742167,86.8096267017651,23.0069508008512,20.4963369899176,3.47450588865302,46.5252034484252,113.276712237858,0.0586332567256554,0.768124674393796,0.713628915476141,-0.197467153408547,1.86586237710914
7,5.1,741.537452704427,86.7700247113881,23.5836578656502,20.4963369899176,3.47450588865302,46.5252034484252,113.276712237858,0.0586332567256554,0.768124674393796,0.713628915476141,-0.197467153408547,1.86501118275766
7,5.2,737.202298750252,86.7092855028896,24.1582238164442,20.4963369899176,3.47450588865302,46.5252034484252,113.276712237858,0.0586332567256554,0.768124674393796,0.713628915476141,-0.197467153408547,1.86370567082011
7,5.3,732.892488842744,86.6286091692874,24.7305021152967,20.4963369899176,3.47450588865302,46.5252034484252,113.276712237858,0.0586332567256554,0.768124674393796,0.713628915476141,-0.197467153408547,1.86197163576766
7,5.4,728.607874816299,86.5291342645635,25.3003553900847,20.4963369899176,3.47450588865302,46.5252034484252,113.276712237858,0.0586332567256554,0.768124674393796,0.713628915476141,-0.197467153408547,1.85983354936823
7,5.5,724.348309371515,86.4119409256449,25.8676549593041,20.4963369899176,3.47450588865302,46.5252034484252,113.276712237858,0.0586332567256554,0.768124674393796,0.713628915476141,-0.197467153408547,1.85731462778955
7,5.6,720.113646070128,86.2780538361937,26.4322803810153,20.4963369899176,3.47450588865302,46.5252034484252,113.276712237858,0.0586332567256554,0.768124674393796,0.713628915476141,-0.197467153408547,1.85443689530205
7,5.7,715.903739329975,86.1284450402203,26.9941190247033,20.4963369899176,3.47450588865302,46.5252034484252,113.276712237858,0.0586332567256554,0.768124674393796,0.713628915476141,-0.197467153408547,1.85122124475386
7,5.8,711.718444419993,85.9640366131283,27.5530656648943,20.4963369899176,3.47450588865302,46.5252034484252,113.276712237858,0.0586332567256554,0.768124674393796,0.713628915476141,-0.197467153408547,1.84768749498156
7,5.9,707.55761745524,85.7857031974151,28.1090220954228,20.4963369899176,3.47450588865302,46.5252034484252,113.276712237858,0.0586332567256554,0.768124674393796,0.713628915476141,-0.197467153408547,1.84385444531181
7,6,703.421115391952,85.5942744098827,28.6618967633053,20.4963369899176,3.47450588865302,46.5252034484252,113.276712237858,0.0586332567256554,0.768124674393796,0.713628915476141,-0.197467153408547,1.83973992730127
7,6.1,699.30879602262,85.390537126871,29.2116044212256,20.4963369899176,3.47450588865302,46.5252034484252,113.276712237858,0.0586332567256554,0.768124674393796,0.713628915476141,-0.197467153408547,1.83536085385482
7,6.2,695.220517971106,85.1752376536922,29.7580657976886,20.4963369899176,3.47450588865302,46.5252034484252,113.276712237858,0.0586332567256554,0.768124674393796,0.713628915476141,-0.197467153408547,1.83073326585475
7,6.3,691.156140687782,84.9490837841328,30.3012072839469,20.4963369899176,3.47450588865302,46.5252034484252,113.276712237858,0.0586332567256554,0.768124674393796,0.713628915476141,-0.197467153408547,1.82587237642715
7,6.4,687.115524444695,84.7127467555931,30.8409606368513,20.4963369899176,3.47450588865302,46.5252034484252,113.276712237858,0.0586332567256554,0.768124674393796,0.713628915476141,-0.197467153408547,1.82079261296515
7,6.5,683.098530330766,84.4668631051521,31.3772626968159,20.4963369899176,3.47450588865302,46.5252034484252,113.276712237858,0.0586332567256554,0.768124674393796,0.713628915476141,-0.197467153408547,1.81550765702264
7,6.6,679.105020247015,84.212036431576,31.9100551201343,20.4963369899176,3.47450588865302,46.5252034484252,113.276712237858,0.0586332567256554,0.768124674393796,0.713628915476141,-0.197467153408547,1.81003048218645
7,6.7,675.13485690181,83.9488390680369,32.4392841249168,20.4963369899176,3.47450588865302,46.5252034484252,113.276712237858,0.0586332567256554,0.768124674393796,0.713628915476141,-0.197467153408547,1.80437339002928
7,6.8,671.18790380615,83.6778136700644,32.9649002499608,20.4963369899176,3.47450588865302,46.5252034484252,113.276712237858,0.0586332567256554,0.768124674393796,0.713628915476141,-0.197467153408547,1.79854804424067
7,6.9,667.264025268974,83.3994747230253,33.4868581258966,20.4963369899176,3.47450588865302,46.5252034484252,113.276712237858,0.0586332567256554,0.768124674393796,0.713628915476141,-0.197467153408547,1.79256550302841
7,7,663.36308639249,83.1143099732082,34.0051162579879,20.4963369899176,3.47450588865302,46.5252034484252,113.276712237858,0.0586332567256554,0.768124674393796,0.713628915476141,-0.197467153408547,1.78643624987784
7,7.1,659.484953067545,82.8227817863834,34.519636819995,20.4963369899176,3.47450588865302,46.5252034484252,113.276712237858,0.0586332567256554,0.768124674393796,0.713628915476141,-0.197467153408547,1.78017022275239
7,7.2,655.629491969008,82.5253284375128,35.030385458541,20.4963369899176,3.47450588865302,46.5252034484252,113.276712237858,0.0586332567256554,0.768124674393796,0.713628915476141,-0.197467153408547,1.77377684181424
7,7.3,651.796570551193,82.2223653350976,35.5373311074478,20.4963369899176,3.47450588865302,46.5252034484252,113.276712237858,0.0586332567256554,0.768124674393796,0.713628915476141,-0.197467153408547,1.76726503574012
7,7.4,647.986057043295,81.9142861834757,36.0404458115367,20.4963369899176,3.47450588865302,46.5252034484252,113.276712237858,0.0586332567256554,0.768124674393796,0.713628915476141,-0.197467153408547,1.7606432667034
7,7.5,644.197820444865,81.6014640862123,36.5397045594134,20.4963369899176,3.47450588865302,46.5252034484252,113.276712237858,0.0586332567256554,0.768124674393796,0.713628915476141,-0.197467153408547,1.75391955409008
7,7.6,640.431730521305,81.284252593568,37.035085124783,20.4963369899176,3.47450588865302,46.5252034484252,113.276712237858,0.0586332567256554,0.768124674393796,0.713628915476141,-0.197467153408547,1.74710149701278
7,7.7,636.687657799391,80.9629866968784,37.526567915861,20.4963369899176,3.47450588865302,46.5252034484252,113.276712237858,0.0586332567256554,0.768124674393796,0.713628915476141,-0.197467153408547,1.74019629568367
7,7.8,632.96547356282,80.6379837725339,38.0141358324707,20.4963369899176,3.47450588865302,46.5252034484252,113.276712237858,0.0586332567256554,0.768124674393796,0.713628915476141,-0.197467153408547,1.73321077170407
7,7.9,629.265049847788,80.3095444781141,38.4977741304374,20.4963369899176,3.47450588865302,46.5252034484252,113.276712237858,0.0586332567256554,0.768124674393796,0.713628915476141,-0.197467153408547,1.7261513873258
7,8,625.586259438587,79.9779536031,38.9774702929088,20.4963369899176,3.47450588865302,46.5252034484252,113.276712237858,0.0586332567256554,0.768124674393796,0.713628915476141,-0.197467153408547,1.71902426373607
7,8.1,621.928975863238,79.6434808764665,39.4532139082507,20.4963369899176,3.47450588865302,46.5252034484252,113.276712237858,0.0586332567256554,0.768124674393796,0.713628915476141,-0.197467153408547,1.71183519841571
7,8.2,618.293073389133,79.3063817333385,39.9249965541843,20.4963369899176,3.47450588865302,46.5252034484252,113.276712237858,0.0586332567256554,0.768124674393796,0.713628915476141,-0.197467153408547,1.70458968161746
7,8.3,614.678427018722,78.9668980427856,40.3928116878493,20.4963369899176,3.47450588865302,46.5252034484252,113.276712237858,0.0586332567256554,0.768124674393796,0.713628915476141,-0.197467153408547,1.69729291200893
7,8.4,611.084912485211,78.6252587987239,40.8566545414911,20.4963369899176,3.47450588865302,46.5252034484252,113.276712237858,0.0586332567256554,0.768124674393796,0.713628915476141,-0.197467153408547,1.68994981152275
7,8.5,607.51240624829,78.2816807757943,41.3165220234878,20.4963369899176,3.47450588865302,46.5252034484252,113.276712237858,0.0586332567256554,0.768124674393796,0.713628915476141,-0.197467153408547,1.68256503945377
7,8.6,603.960785489888,77.9363691519916,41.7724126244459,20.4963369899176,3.47450588865302,46.5252034484252,113.276712237858,0.0586332567256554,0.768124674393796,0.713628915476141,-0.197467153408547,1.6751430058417
7,8.7,600.429928109948,77.5895180997294,42.2243263281069,20.4963369899176,3.47450588865302,46.5252034484252,113.276712237858,0.0586332567256554,0.768124674393796,0.713628915476141,-0.197467153408547,1.6676878841753
7,8.8,596.919712722232,77.2413113469393,42.6722645268224,20.4963369899176,3.47450588865302,46.5252034484252,113.276712237858,0.0586332567256554,0.768124674393796,0.713628915476141,-0.197467153408547,1.66020362345248
7,8.9,593.430018650146,76.8919227097232,43.1162299413636,20.4963369899176,3.47450588865302,46.5252034484252,113.276712237858,0.0586332567256554,0.768124674393796,0.713628915476141,-0.197467153408547,1.65269395962901
7,9,589.960725922591,76.5415165980003,43.5562265448479,20.4963369899176,3.47450588865302,46.5252034484252,113.276712237858,0.0586332567256554,0.768124674393796,0.713628915476141,-0.197467153408547,1.64516242648674
7,9.1,586.51171526984,76.1902484955159,43.9922594905709,20.4963369899176,3.47450588865302,46.5252034484252,113.276712237858,0.0586332567256554,0.768124674393796,0.713628915476141,-0.197467153408547,1.63761236595076
7,9.2,583.082868119438,75.8382654155124,44.4243350435487,20.4963369899176,3.47450588865302,46.5252034484252,113.276712237858,0.0586332567256554,0.768124674393796,0.713628915476141,-0.197467153408547,1.6300469378835
7,9.3,579.674066592124,75.4857063332945,44.8524605155793,20.4963369899176,3.47450588865302,46.5252034484252,113.276712237858,0.0586332567256554,0.768124674393796,0.713628915476141,-0.197467153408547,1.62246912938216
7,9.4,576.285193497778,75.1327025968603,45.2766442036464,20.4963369899176,3.47450588865302,46.5252034484252,113.276712237858,0.0586332567256554,0.768124674393796,0.713628915476141,-0.197467153408547,1.6148817636047
7,9.5,572.916132331396,74.7793783167083,45.6968953314957,20.4963369899176,3.47450588865302,46.5252034484252,113.276712237858,0.0586332567256554,0.768124674393796,0.713628915476141,-0.197467153408547,1.60728750814822
7,9.6,569.56676726908,74.4258507358772,46.1132239942215,20.4963369899176,3.47450588865302,46.5252034484252,113.276712237858,0.0586332567256554,0.768124674393796,0.713628915476141,-0.197467153408547,1.59968888300254
7,9.7,566.236983164059,74.0722305812182,46.5256411057127,20.4963369899176,3.47450588865302,46.5252034484252,113.276712237858,0.0586332567256554,0.768124674393796,0.713628915476141,-0.197467153408547,1.59208826810032
7,9.8,562.926665542729,73.7186223968523,46.9341583488109,20.4963369899176,3.47450588865302,46.5252034484252,113.276712237858,0.0586332567256554,0.768124674393796,0.713628915476141,-0.197467153408547,1.5844879104843
7,9.9,559.635700600718,73.365124860714,47.3387881280446,20.4963369899176,3.47450588865302,46.5252034484252,113.276712237858,0.0586332567256554,0.768124674393796,0.713628915476141,-0.197467153408547,1.57688993111103
7,10,556.363975198976,73.0118310850394,47.7395435248086,20.4963369899176,3.47450588865302,46.5252034484252,113.276712237858,0.0586332567256554,0.768124674393796,0.713628915476141,-0.197467153408547,1.56929633130945
7,10.1,553.111376859879,72.6588289016115,48.1364382548622,20.4963369899176,3.47450588865302,46.5252034484252,113.276712237858,0.0586332567256554,0.768124674393796,0.713628915476141,-0.197467153408547,1.56170899891188
7,10.2,549.87779376337,72.3062011325354,48.5294866280321,20.4963369899176,3.47450588865302,46.5252034484252,113.276712237858,0.0586332567256554,0.768124674393796,0.713628915476141,-0.197467153408547,1.55412971407399
7,10.3,546.66311474311,71.9540258472767,48.9187035100047,20.4963369899176,3.47450588865302,46.5252034484252,113.276712237858,0.0586332567256554,0.768124674393796,0.713628915476141,-0.197467153408547,1.54656015479954
7,10.4,543.467229282656,71.6023766066584,49.3041042861036,20.4963369899176,3.47450588865302,46.5252034484252,113.276712237858,0.0586332567256554,0.768124674393796,0.713628915476141,-0.197467153408547,1.53900190218474
7,10.5,540.290027511664,71.2513226944784,49.6857048269504,20.4963369899176,3.47450588865302,46.5252034484252,113.276712237858,0.0586332567256554,0.768124674393796,0.713628915476141,-0.197467153408547,1.53145644539659
7,10.6,537.131400202111,70.9009293373736,50.0635214559141,20.4963369899176,3.47450588865302,46.5252034484252,113.276712237858,0.0586332567256554,0.768124674393796,0.713628915476141,-0.197467153408547,1.52392518639859
7,10.7,533.99123876454,70.5512579135272,50.437570918257,20.4963369899176,3.47450588865302,46.5252034484252,113.276712237858,0.0586332567256554,0.768124674393796,0.713628915476141,-0.197467153408547,1.51640944443662
7,10.8,530.869435244323,70.2023661507836,50.8078703518919,20.4963369899176,3.47450588865302,46.5252034484252,113.276712237858,0.0586332567256554,0.768124674393796,0.713628915476141,-0.197467153408547,1.50891046029719
7,10.9,527.765882317958,69.8543083147083,51.1744372596685,20.4963369899176,3.47450588865302,46.5252034484252,113.276712237858,0.0586332567256554,0.768124674393796,0.713628915476141,-0.197467153408547,1.50142940034952
7,11,524.680473289372,69.507135387102,51.53728948311,20.4963369899176,3.47450588865302,46.5252034484252,113.276712237858,0.0586332567256554,0.768124674393796,0.713628915476141,-0.197467153408547,1.49396736038249
7,11.1,521.613102086254,69.1608952354529,51.8964451775286,20.4963369899176,3.47450588865302,46.5252034484252,113.276712237858,0.0586332567256554,0.768124674393796,0.713628915476141,-0.197467153408547,1.4865253692468
7,11.2,518.563663256413,68.8156327737865,52.251922788447,20.4963369899176,3.47450588865302,46.5252034484252,113.276712237858,0.0586332567256554,0.768124674393796,0.713628915476141,-0.197467153408547,1.47910439231224
7,11.3,515.532051964146,68.4713901153475,52.6037410292619,20.4963369899176,3.47450588865302,46.5252034484252,113.276712237858,0.0586332567256554,0.768124674393796,0.713628915476141,-0.197467153408547,1.47170533474938
7,11.4,512.51816398664,68.1282067175298,52.9519188600845,20.4963369899176,3.47450588865302,46.5252034484252,113.276712237858,0.0586332567256554,0.768124674393796,0.713628915476141,-0.197467153408547,1.46432904464464
7,11.5,509.521895710385,67.786119519446,53.2964754676988,20.4963369899176,3.47450588865302,46.5252034484252,113.276712237858,0.0586332567256554,0.768124674393796,0.713628915476141,-0.197467153408547,1.45697631595721
7,11.6,506.543144127614,67.4451630725099,53.6374302465813,20.4963369899176,3.47450588865302,46.5252034484252,113.276712237858,0.0586332567256554,0.768124674393796,0.713628915476141,-0.197467153408547,1.44964789132572
7,11.7,503.581806832759,67.1053696643855,53.9748027809274,20.4963369899176,3.47450588865302,46.5252034484252,113.276712237858,0.0586332567256554,0.768124674393796,0.713628915476141,-0.197467153408547,1.44234446473241
7,11.8,500.637782018936,66.7667694366399,54.3086128276326,20.4963369899176,3.47450588865302,46.5252034484252,113.276712237858,0.0586332567256554,0.768124674393796,0.713628915476141,-0.197467153408547,1.43506668403187
7,11.9,497.710968474436,66.4293904964177,54.638880300182,20.4963369899176,3.47450588865302,46.5252034484252,113.276712237858,0.0586332567256554,0.768124674393796,0.713628915476141,-0.197467153408547,1.42781515335139
7,12,494.801265579257,66.0932590224408,54.9656252533992,20.4963369899176,3.47450588865302,46.5252034484252,113.276712237858,0.0586332567256554,0.768124674393796,0.713628915476141,-0.197467153408547,1.42059043536924
7,12.1,491.908573301633,65.7583993656218,55.288867869013,20.4963369899176,3.47450588865302,46.5252034484252,113.276712237858,0.0586332567256554,0.768124674393796,0.713628915476141,-0.197467153408547,1.41339305347729
7,12.2,489.032792194605,65.4248341445612,55.6086284419986,20.4963369899176,3.47450588865302,46.5252034484252,113.276712237858,0.0586332567256554,0.768124674393796,0.713628915476141,-0.197467153408547,1.40622349383355
7,12.3,486.173823392596,65.0925843361922,55.924927367655,20.4963369899176,3.47450588865302,46.5252034484252,113.276712237858,0.0586332567256554,0.768124674393796,0.713628915476141,-0.197467153408547,1.39908220731049
7,12.4,483.331568608013,64.761669361814,56.23778512938,20.4963369899176,3.47450588865302,46.5252034484252,113.276712237858,0.0586332567256554,0.768124674393796,0.713628915476141,-0.197467153408547,1.39196961134419
7,12.5,480.50593012787,64.4321071687519,56.547222287108,20.4963369899176,3.47450588865302,46.5252034484252,113.276712237858,0.0586332567256554,0.768124674393796,0.713628915476141,-0.197467153408547,1.38488609168957
7,12.6,477.696810810428,64.1039143078622,56.8532594663766,20.4963369899176,3.47450588865302,46.5252034484252,113.276712237858,0.0586332567256554,0.768124674393796,0.713628915476141,-0.197467153408547,1.37783200408621
7,12.7,474.904114081856,63.7771060070954,57.1559173479895,20.4963369899176,3.47450588865302,46.5252034484252,113.276712237858,0.0586332567256554,0.768124674393796,0.713628915476141,-0.197467153408547,1.37080767583949
7,12.8,472.127743932908,63.4516962413148,57.4552166582456,20.4963369899176,3.47450588865302,46.5252034484252,113.276712237858,0.0586332567256554,0.768124674393796,0.713628915476141,-0.197467153408547,1.36381340732133
7,12.9,469.367604915624,63.1276977985628,57.7511781597054,20.4963369899176,3.47450588865302,46.5252034484252,113.276712237858,0.0586332567256554,0.768124674393796,0.713628915476141,-0.197467153408547,1.35684947339439
7,13,466.623602140052,62.8051223429534,58.0438226424668,20.4963369899176,3.47450588865302,46.5252034484252,113.276712237858,0.0586332567256554,0.768124674393796,0.713628915476141,-0.197467153408547,1.34991612476397
7,13.1,463.89564127098,62.4839804743622,58.3331709159248,20.4963369899176,3.47450588865302,46.5252034484252,113.276712237858,0.0586332567256554,0.768124674393796,0.713628915476141,-0.197467153408547,1.34301358926088
7,13.2,461.183628524698,62.1642817850768,58.6192438009899,20.4963369899176,3.47450588865302,46.5252034484252,113.276712237858,0.0586332567256554,0.768124674393796,0.713628915476141,-0.197467153408547,1.33614207305913
7,13.3,458.487470665768,61.8460349135606,58.9020621227424,20.4963369899176,3.47450588865302,46.5252034484252,113.276712237858,0.0586332567256554,0.768124674393796,0.713628915476141,-0.197467153408547,1.3293017618315
7,13.4,455.807075003827,61.5292475954781,59.1816467034987,20.4963369899176,3.47450588865302,46.5252034484252,113.276712237858,0.0586332567256554,0.768124674393796,0.713628915476141,-0.197467153408547,1.32249282184624
7,13.5,453.14234939039,61.2139267121181,59.4580183562707,20.4963369899176,3.47450588865302,46.5252034484252,113.276712237858,0.0586332567256554,0.768124674393796,0.713628915476141,-0.197467153408547,1.31571540100788
7,13.6,450.493202215693,60.9000783363493,59.7311978785962,20.4963369899176,3.47450588865302,46.5252034484252,113.276712237858,0.0586332567256554,0.768124674393796,0.713628915476141,-0.197467153408547,1.30896962984502
7,13.7,447.859542405536,60.5877077762311,60.0012060467226,20.4963369899176,3.47450588865302,46.5252034484252,113.276712237858,0.0586332567256554,0.768124674393796,0.713628915476141,-0.197467153408547,1.30225562244762
7,13.8,445.241279418153,60.2768196164006,60.2680636101248,20.4963369899176,3.47450588865302,46.5252034484252,113.276712237858,0.0586332567256554,0.768124674393796,0.713628915476141,-0.197467153408547,1.29557347735662
7,13.9,442.638323241102,59.9674177573466,60.5317912863409,20.4963369899176,3.47450588865302,46.5252034484252,113.276712237858,0.0586332567256554,0.768124674393796,0.713628915476141,-0.197467153408547,1.28892327840807
7,14,440.050584388169,59.659505452679,60.7924097561086,20.4963369899176,3.47450588865302,46.5252034484252,113.276712237858,0.0586332567256554,0.768124674393796,0.713628915476141,-0.197467153408547,1.28230509553416
7,14.1,437.477973896292,59.3530853444953,61.0499396587876,20.4963369899176,3.47450588865302,46.5252034484252,113.276712237858,0.0586332567256554,0.768124674393796,0.713628915476141,-0.197467153408547,1.27571898552341
7,14.2,434.920403322501,59.0481594969394,61.3044015880529,20.4963369899176,3.47450588865302,46.5252034484252,113.276712237858,0.0586332567256554,0.768124674393796,0.713628915476141,-0.197467153408547,1.26916499274197
7,14.3,432.377784740879,58.7447294280457,61.555816087845,20.4963369899176,3.47450588865302,46.5252034484252,113.276712237858,0.0586332567256554,0.768124674393796,0.713628915476141,-0.197467153408547,1.26264314981806
7,14.4,429.850030739539,58.4427961399555,61.8042036485635,20.4963369899176,3.47450588865302,46.5252034484252,113.276712237858,0.0586332567256554,0.768124674393796,0.713628915476141,-0.197467153408547,1.25615347829142
7,14.5,427.33705441762,58.142360147587,62.0495847034926,20.4963369899176,3.47450588865302,46.5252034484252,113.276712237858,0.0586332567256554,0.768124674393796,0.713628915476141,-0.197467153408547,1.24969598922957
7,14.6,424.838769382296,57.8434215058381,62.2919796254452,20.4963369899176,3.47450588865302,46.5252034484252,113.276712237858,0.0586332567256554,0.768124674393796,0.713628915476141,-0.197467153408547,1.24327068381247
7,14.7,422.355089745809,57.5459798353972,62.5314087236146,20.4963369899176,3.47450588865302,46.5252034484252,113.276712237858,0.0586332567256554,0.768124674393796,0.713628915476141,-0.197467153408547,1.2368775538873
7,14.8,419.885930122515,57.250034347231,62.7678922406247,20.4963369899176,3.47450588865302,46.5252034484252,113.276712237858,0.0586332567256554,0.768124674393796,0.713628915476141,-0.197467153408547,1.23051658249479
7,14.9,417.431205625952,56.9555838658175,63.0014503497654,20.4963369899176,3.47450588865302,46.5252034484252,113.276712237858,0.0586332567256554,0.768124674393796,0.713628915476141,-0.197467153408547,1.22418774436859
7,15,414.990831865914,56.6626268511876,63.2321031524063,20.4963369899176,3.47450588865302,46.5252034484252,113.276712237858,0.0586332567256554,0.768124674393796,0.713628915476141,-0.197467153408547,1.21789100640903
7,15.1,412.564724945557,56.3711614198357,63.459870675578,20.4963369899176,3.47450588865302,46.5252034484252,113.276712237858,0.0586332567256554,0.768124674393796,0.713628915476141,-0.197467153408547,1.21162632813256
7,15.2,410.152801458513,56.081185364557,63.684772869713,20.4963369899176,3.47450588865302,46.5252034484252,113.276712237858,0.0586332567256554,0.768124674393796,0.713628915476141,-0.197467153408547,1.20539366209811
7,15.3,407.75497848602,55.7926961732648,63.9068296065373,20.4963369899176,3.47450588865302,46.5252034484252,113.276712237858,0.0586332567256554,0.768124674393796,0.713628915476141,-0.197467153408547,1.19919295431159
7,15.4,405.371173594073,55.5056910468414,64.1260606771052,20.4963369899176,3.47450588865302,46.5252034484252,113.276712237858,0.0586332567256554,0.768124674393796,0.713628915476141,-0.197467153408547,1.19302414460952
7,15.5,403.001304830593,55.2201669160702,64.34248578997,20.4963369899176,3.47450588865302,46.5252034484252,113.276712237858,0.0586332567256554,0.768124674393796,0.713628915476141,-0.197467153408547,1.186887167023
7,15.6,400.645290722604,54.9361204576961,64.5561245694828,20.4963369899176,3.47450588865302,46.5252034484252,113.276712237858,0.0586332567256554,0.768124674393796,0.713628915476141,-0.197467153408547,1.1807819501229
7,15.7,398.303050273435,54.6535481096585,64.7669965542137,20.4963369899176,3.47450588865302,46.5252034484252,113.276712237858,0.0586332567256554,0.768124674393796,0.713628915476141,-0.197467153408547,1.17470841734725
7,15.8,395.974502959938,54.3724460855385,64.975121195488,20.4963369899176,3.47450588865302,46.5252034484252,113.276712237858,0.0586332567256554,0.768124674393796,0.713628915476141,-0.197467153408547,1.16866648731181
7,15.9,393.659568729713,54.0928103882615,65.1805178560322,20.4963369899176,3.47450588865302,46.5252034484252,113.276712237858,0.0586332567256554,0.768124674393796,0.713628915476141,-0.197467153408547,1.16265607410455
7,16,391.358167998363,53.8146368230906,65.3832058087235,20.4963369899176,3.47450588865302,46.5252034484252,113.276712237858,0.0586332567256554,0.768124674393796,0.713628915476141,-0.197467153408547,1.15667708756494
7,16.1,389.070221646754,53.5379210099495,65.5832042354371,20.4963369899176,3.47450588865302,46.5252034484252,113.276712237858,0.0586332567256554,0.768124674393796,0.713628915476141,-0.197467153408547,1.15072943354881
7,16.2,386.795651018295,53.2626583951069,65.7805322259874,20.4963369899176,3.47450588865302,46.5252034484252,113.276712237858,0.0586332567256554,0.768124674393796,0.713628915476141,-0.197467153408547,1.14481301417952
7,16.3,384.534377916236,52.9888442622562,65.9752087771563,20.4963369899176,3.47450588865302,46.5252034484252,113.276712237858,0.0586332567256554,0.768124674393796,0.713628915476141,-0.197467153408547,1.13892772808605
7,16.4,382.286324600979,52.7164737430198,66.1672527918057,20.4963369899176,3.47450588865302,46.5252034484252,113.276712237858,0.0586332567256554,0.768124674393796,0.713628915476141,-0.197467153408547,1.13307347062884
7,16.5,380.051413787403,52.445541826909,66.3566830780685,20.4963369899176,3.47450588865302,46.5252034484252,113.276712237858,0.0586332567256554,0.768124674393796,0.713628915476141,-0.197467153408547,1.1272501341138
7,16.6,377.829568642209,52.1760433707654,66.5435183486148,20.4963369899176,3.47450588865302,46.5252034484252,113.276712237858,0.0586332567256554,0.768124674393796,0.713628915476141,-0.197467153408547,1.12145760799529
7,16.7,375.620712781282,51.9079731077115,66.7277772199884,20.4963369899176,3.47450588865302,46.5252034484252,113.276712237858,0.0586332567256554,0.768124674393796,0.713628915476141,-0.197467153408547,1.11569577906851
7,16.8,373.424770267057,51.6413256556348,66.9094782120109,20.4963369899176,3.47450588865302,46.5252034484252,113.276712237858,0.0586332567256554,0.768124674393796,0.713628915476141,-0.197467153408547,1.10996453165177
7,16.9,371.241665605915,51.3760955252287,67.0886397472488,20.4963369899176,3.47450588865302,46.5252034484252,113.276712237858,0.0586332567256554,0.768124674393796,0.713628915476141,-0.197467153408547,1.10426374775945
7,17,369.071323745587,51.1122771276141,67.2652801505405,20.4963369899176,3.47450588865302,46.5252034484252,113.276712237858,0.0586332567256554,0.768124674393796,0.713628915476141,-0.197467153408547,1.09859330726568
7,17.1,366.913670072568,50.8498647815613,67.4394176485809,20.4963369899176,3.47450588865302,46.5252034484252,113.276712237858,0.0586332567256554,0.768124674393796,0.713628915476141,-0.197467153408547,1.09295308805968
7,17.2,364.768630409562,50.5888527203339,67.6110703695583,20.4963369899176,3.47450588865302,46.5252034484252,113.276712237858,0.0586332567256554,0.768124674393796,0.713628915476141,-0.197467153408547,1.08734296619279
7,17.3,362.636131012921,50.3292350981731,67.7802563428437,20.4963369899176,3.47450588865302,46.5252034484252,113.276712237858,0.0586332567256554,0.768124674393796,0.713628915476141,-0.197467153408547,1.08176281601788
7,17.4,360.516098570117,50.0710059964414,67.9469934987269,20.4963369899176,3.47450588865302,46.5252034484252,113.276712237858,0.0586332567256554,0.768124674393796,0.713628915476141,-0.197467153408547,1.07621251032135
7,17.5,358.40846019722,49.8141594294421,68.1112996681983,20.4963369899176,3.47450588865302,46.5252034484252,113.276712237858,0.0586332567256554,0.768124674393796,0.713628915476141,-0.197467153408547,1.0706919204483
7,17.6,356.313143436392,49.5586893499318,68.2731925827741,20.4963369899176,3.47450588865302,46.5252034484252,113.276712237858,0.0586332567256554,0.768124674393796,0.713628915476141,-0.197467153408547,1.06520091642091
7,17.7,354.230076253393,49.3045896543416,68.4326898743615,20.4963369899176,3.47450588865302,46.5252034484252,113.276712237858,0.0586332567256554,0.768124674393796,0.713628915476141,-0.197467153408547,1.05973936705075
7,17.8,352.159187035112,49.0518541877211,68.5898090751623,20.4963369899176,3.47450588865302,46.5252034484252,113.276712237858,0.0586332567256554,0.768124674393796,0.713628915476141,-0.197467153408547,1.054307140045
7,17.9,350.100404587096,48.8004767484203,68.7445676176128,20.4963369899176,3.47450588865302,46.5252034484252,113.276712237858,0.0586332567256554,0.768124674393796,0.713628915476141,-0.197467153408547,1.04890410210709
7,18,348.05365813111,48.5504510925218,68.8969828343578,20.4963369899176,3.47450588865302,46.5252034484252,113.276712237858,0.0586332567256554,0.768124674393796,0.713628915476141,-0.197467153408547,1.04353011903197
7,18.1,346.018877302698,48.3017709380365,69.0470719582571,20.4963369899176,3.47450588865302,46.5252034484252,113.276712237858,0.0586332567256554,0.768124674393796,0.713628915476141,-0.197467153408547,1.03818505579628
7,18.2,343.995992148769,48.0544299688752,69.1948521224216,20.4963369899176,3.47450588865302,46.5252034484252,113.276712237858,0.0586332567256554,0.768124674393796,0.713628915476141,-0.197467153408547,1.03286877664372
7,18.3,341.984933125189,47.8084218386067,69.3403403602791,20.4963369899176,3.47450588865302,46.5252034484252,113.276712237858,0.0586332567256554,0.768124674393796,0.713628915476141,-0.197467153408547,1.02758114516584
7,18.4,339.985631094389,47.5637401740136,69.4835536056668,20.4963369899176,3.47450588865302,46.5252034484252,113.276712237858,0.0586332567256554,0.768124674393796,0.713628915476141,-0.197467153408547,1.02232202437846
7,18.5,337.998017322993,47.3203785784569,69.6245086929489,20.4963369899176,3.47450588865302,46.5252034484252,113.276712237858,0.0586332567256554,0.768124674393796,0.713628915476141,-0.197467153408547,1.01709127679395
7,18.6,336.022023479449,47.0783306350579,69.7632223571587,20.4963369899176,3.47450588865302,46.5252034484252,113.276712237858,0.0586332567256554,0.768124674393796,0.713628915476141,-0.197467153408547,1.01188876448968
7,18.7,334.057581631685,46.8375899097074,69.8997112341632,20.4963369899176,3.47450588865302,46.5252034484252,113.276712237858,0.0586332567256554,0.768124674393796,0.713628915476141,-0.197467153408547,1.00671434917267
7,18.8,332.104624244771,46.5981499539111,70.0339918608495,20.4963369899176,3.47450588865302,46.5252034484252,113.276712237858,0.0586332567256554,0.768124674393796,0.713628915476141,-0.197467153408547,1.00156789224074
7,18.9,330.163084178597,46.360004307479,70.1660806753298,20.4963369899176,3.47450588865302,46.5252034484252,113.276712237858,0.0586332567256554,0.768124674393796,0.713628915476141,-0.197467153408547,0.99644925484035
7,19,328.232894685565,46.123146501068,70.2959940171673,20.4963369899176,3.47450588865302,46.5252034484252,113.276712237858,0.0586332567256554,0.768124674393796,0.713628915476141,-0.197467153408547,0.991358297921192
7,19.1,326.313989408297,45.8875700585833,70.4237481276182,20.4963369899176,3.47450588865302,46.5252034484252,113.276712237858,0.0586332567256554,0.768124674393796,0.713628915476141,-0.197467153408547,0.98629488228786
7,19.2,324.40630237735,45.6532684994476,70.5493591498911,20.4963369899176,3.47450588865302,46.5252034484252,113.276712237858,0.0586332567256554,0.768124674393796,0.713628915476141,-0.197467153408547,0.981258868648599
7,19.3,322.509768008949,45.420235340744,70.6728431294221,20.4963369899176,3.47450588865302,46.5252034484252,113.276712237858,0.0586332567256554,0.768124674393796,0.713628915476141,-0.197467153408547,0.976250117661364
7,19.4,320.624321102734,45.1884640992391,70.794216014164,20.4963369899176,3.47450588865302,46.5252034484252,113.276712237858,0.0586332567256554,0.768124674393796,0.713628915476141,-0.197467153408547,0.971268489977309
7,19.5,318.749896839517,44.9579482932923,70.9134936548903,20.4963369899176,3.47450588865302,46.5252034484252,113.276712237858,0.0586332567256554,0.768124674393796,0.713628915476141,-0.197467153408547,0.966313846281828
7,19.6,316.886430779055,44.7286814446583,71.030691805511,20.4963369899176,3.47450588865302,46.5252034484252,113.276712237858,0.0586332567256554,0.768124674393796,0.713628915476141,-0.197467153408547,0.961386047333283
7,19.7,315.033858857831,44.5006570801863,71.1458261234008,20.4963369899176,3.47450588865302,46.5252034484252,113.276712237858,0.0586332567256554,0.768124674393796,0.713628915476141,-0.197467153408547,0.956484953999541
7,19.8,313.192117386856,44.2738687334224,71.2589121697396,20.4963369899176,3.47450588865302,46.5252034484252,113.276712237858,0.0586332567256554,0.768124674393796,0.713628915476141,-0.197467153408547,0.951610427292414
7,19.9,311.361143049479,44.048309946121,71.3699654098618,20.4963369899176,3.47450588865302,46.5252034484252,113.276712237858,0.0586332567256554,0.768124674393796,0.713628915476141,-0.197467153408547,0.946762328400134
7,20,309.540872899206,43.8239742696676,71.4790012136169,20.4963369899176,3.47450588865302,46.5252034484252,113.276712237858,0.0586332567256554,0.768124674393796,0.713628915476141,-0.197467153408547,0.941940518717947
7,20.1,307.731244357541,43.6008552664197,71.5860348557388,20.4963369899176,3.47450588865302,46.5252034484252,113.276712237858,0.0586332567256554,0.768124674393796,0.713628915476141,-0.197467153408547,0.937144859876921
7,20.2,305.932195211831,43.3789465109685,71.6910815162236,20.4963369899176,3.47450588865302,46.5252034484252,113.276712237858,0.0586332567256554,0.768124674393796,0.713628915476141,-0.197467153408547,0.932375213771081
7,20.3,304.14366361313,43.1582415913269,71.7941562807152,20.4963369899176,3.47450588865302,46.5252034484252,113.276712237858,0.0586332567256554,0.768124674393796,0.713628915476141,-0.197467153408547,0.927631442582929
7,20.4,302.365588074071,42.9387341100463,71.895274140899,20.4963369899176,3.47450588865302,46.5252034484252,113.276712237858,0.0586332567256554,0.768124674393796,0.713628915476141,-0.197467153408547,0.922913408807451
7,20.5,300.597907466753,42.7204176852662,71.9944499949015,20.4963369899176,3.47450588865302,46.5252034484252,113.276712237858,0.0586332567256554,0.768124674393796,0.713628915476141,-0.197467153408547,0.918220975274685
7,20.6,298.840561020638,42.5032859517007,72.0916986476972,20.4963369899176,3.47450588865302,46.5252034484252,113.276712237858,0.0586332567256554,0.768124674393796,0.713628915476141,-0.197467153408547,0.91355400517092
7,20.7,297.093488320464,42.287332561565,72.187034811521,20.4963369899176,3.47450588865302,46.5252034484252,113.276712237858,0.0586332567256554,0.768124674393796,0.713628915476141,-0.197467153408547,0.908912362058598
7,20.8,295.356629304166,42.0725511854434,72.2804731062855,20.4963369899176,3.47450588865302,46.5252034484252,113.276712237858,0.0586332567256554,0.768124674393796,0.713628915476141,-0.197467153408547,0.904295909894993
7,20.9,293.629924260814,41.8589355131046,72.3720280600043,20.4963369899176,3.47450588865302,46.5252034484252,113.276712237858,0.0586332567256554,0.768124674393796,0.713628915476141,-0.197467153408547,0.89970451304972
7,21,291.913313828554,41.6464792542649,72.4617141092191,20.4963369899176,3.47450588865302,46.5252034484252,113.276712237858,0.0586332567256554,0.768124674393796,0.713628915476141,-0.197467153408547,0.89513803632114
7,21.1,290.206738992577,41.4351761393025,72.5495455994314,20.4963369899176,3.47450588865302,46.5252034484252,113.276712237858,0.0586332567256554,0.768124674393796,0.713628915476141,-0.197467153408547,0.890596344951716
7,21.2,288.51014108308,41.225019919926,72.6355367855379,20.4963369899176,3.47450588865302,46.5252034484252,113.276712237858,0.0586332567256554,0.768124674393796,0.713628915476141,-0.197467153408547,0.886079304642382
7,21.3,286.823461773257,41.0160043697988,72.7197018322692,20.4963369899176,3.47450588865302,46.5252034484252,113.276712237858,0.0586332567256554,0.768124674393796,0.713628915476141,-0.197467153408547,0.881586781565962
7,21.4,285.146643077287,40.8081232851221,72.8020548146321,20.4963369899176,3.47450588865302,46.5252034484252,113.276712237858,0.0586332567256554,0.768124674393796,0.713628915476141,-0.197467153408547,0.877118642379701
7,21.5,283.479627348347,40.6013704851785,72.8826097183544,20.4963369899176,3.47450588865302,46.5252034484252,113.276712237858,0.0586332567256554,0.768124674393796,0.713628915476141,-0.197467153408547,0.872674754236949
7,21.6,281.822357276626,40.3957398128382,72.9613804403323,20.4963369899176,3.47450588865302,46.5252034484252,113.276712237858,0.0586332567256554,0.768124674393796,0.713628915476141,-0.197467153408547,0.868254984798041
7,21.7,280.174775887356,40.1912251350299,73.0383807890801,20.4963369899176,3.47450588865302,46.5252034484252,113.276712237858,0.0586332567256554,0.768124674393796,0.713628915476141,-0.197467153408547,0.86385920224042
7,21.8,278.536826538853,39.9878203431782,73.1136244851822,20.4963369899176,3.47450588865302,46.5252034484252,113.276712237858,0.0586332567256554,0.768124674393796,0.713628915476141,-0.197467153408547,0.859487275268039
7,21.9,276.908452920569,39.7855193536091,73.187125161746,20.4963369899176,3.47450588865302,46.5252034484252,113.276712237858,0.0586332567256554,0.768124674393796,0.713628915476141,-0.197467153408547,0.855139073120072
7,22,275.289599051159,39.5843161079259,73.2588963648574,20.4963369899176,3.47450588865302,46.5252034484252,113.276712237858,0.0586332567256554,0.768124674393796,0.713628915476141,-0.197467153408547,0.850814465578994
7,22.1,273.680209276553,39.3842045733553,73.3289515540371,20.4963369899176,3.47450588865302,46.5252034484252,113.276712237858,0.0586332567256554,0.768124674393796,0.713628915476141,-0.197467153408547,0.846513322978029
7,22.2,272.080228268045,39.1851787430683,73.3973041026977,20.4963369899176,3.47450588865302,46.5252034484252,113.276712237858,0.0586332567256554,0.768124674393796,0.713628915476141,-0.197467153408547,0.842235516208035
7,22.3,270.489601020389,38.9872326364738,73.463967298602,20.4963369899176,3.47450588865302,46.5252034484252,113.276712237858,0.0586332567256554,0.768124674393796,0.713628915476141,-0.197467153408547,0.837980916723824
7,22.4,268.90827284991,38.7903602994892,73.5289543443224,20.4963369899176,3.47450588865302,46.5252034484252,113.276712237858,0.0586332567256554,0.768124674393796,0.713628915476141,-0.197467153408547,0.833749396549971
7,22.5,267.336189392623,38.5945558047872,73.5922783576997,20.4963369899176,3.47450588865302,46.5252034484252,113.276712237858,0.0586332567256554,0.768124674393796,0.713628915476141,-0.197467153408547,0.829540828286126
7,22.6,265.773296602363,38.3998132520213,73.6539523723037,20.4963369899176,3.47450588865302,46.5252034484252,113.276712237858,0.0586332567256554,0.768124674393796,0.713628915476141,-0.197467153408547,0.825355085111853
7,22.7,264.219540748929,38.2061267680306,73.7139893378928,20.4963369899176,3.47450588865302,46.5252034484252,113.276712237858,0.0586332567256554,0.768124674393796,0.713628915476141,-0.197467153408547,0.821192040791039
7,22.8,262.674868416236,38.0134905070251,73.772402120874,20.4963369899176,3.47450588865302,46.5252034484252,113.276712237858,0.0586332567256554,0.768124674393796,0.713628915476141,-0.197467153408547,0.817051569675871
7,22.9,261.139226500479,37.8218986507524,73.8292035047633,20.4963369899176,3.47450588865302,46.5252034484252,113.276712237858,0.0586332567256554,0.768124674393796,0.713628915476141,-0.197467153408547,0.812933546710424
7,23,259.612562208304,37.6313454086472,73.8844061906451,20.4963369899176,3.47450588865302,46.5252034484252,113.276712237858,0.0586332567256554,0.768124674393796,0.713628915476141,-0.197467153408547,0.808837847433872
7,23.1,258.094823055,37.4418250179642,73.938022797632,20.4963369899176,3.47450588865302,46.5252034484252,113.276712237858,0.0586332567256554,0.768124674393796,0.713628915476141,-0.197467153408547,0.804764347983342
7,23.2,256.585956862688,37.2533317438952,73.9900658633231,20.4963369899176,3.47450588865302,46.5252034484252,113.276712237858,0.0586332567256554,0.768124674393796,0.713628915476141,-0.197467153408547,0.800712925096434
7,23.3,255.08591175853,37.0658598796714,74.0405478442631,20.4963369899176,3.47450588865302,46.5252034484252,113.276712237858,0.0586332567256554,0.768124674393796,0.713628915476141,-0.197467153408547,0.79668345611342
7,23.4,253.594636172946,36.8794037466519,74.0894811163993,20.4963369899176,3.47450588865302,46.5252034484252,113.276712237858,0.0586332567256554,0.768124674393796,0.713628915476141,-0.197467153408547,0.792675818979148
7,23.5,252.11207883784,36.6939576943991,74.136877975539,20.4963369899176,3.47450588865302,46.5252034484252,113.276712237858,0.0586332567256554,0.768124674393796,0.713628915476141,-0.197467153408547,0.788689892244655
7,23.6,250.638188784839,36.509516100741,74.1827506378051,20.4963369899176,3.47450588865302,46.5252034484252,113.276712237858,0.0586332567256554,0.768124674393796,0.713628915476141,-0.197467153408547,0.784725555068514
7,23.7,249.172915343538,36.3260733718222,74.2271112400911,20.4963369899176,3.47450588865302,46.5252034484252,113.276712237858,0.0586332567256554,0.768124674393796,0.713628915476141,-0.197467153408547,0.780782687217927
7,23.8,247.716208139761,36.1436239421435,74.2699718405155,20.4963369899176,3.47450588865302,46.5252034484252,113.276712237858,0.0586332567256554,0.768124674393796,0.713628915476141,-0.197467153408547,0.776861169069578
7,23.9,246.268017093828,35.9621622745913,74.3113444188739,20.4963369899176,3.47450588865302,46.5252034484252,113.276712237858,0.0586332567256554,0.768124674393796,0.713628915476141,-0.197467153408547,0.772960881610258
7,24,1244.82829241883,35.7816828604563,74.3512408770912,20.4963369899176,3.47450588865302,46.5252034484252,113.276712237858,0.0586332567256554,0.768124674393796,0.713628915476141,-0.197467153408547,0.769081706437275
8,0,0,0,0,8.69824352747611,3.47450588865302,23.7768271665647,113.276712237858,0.0642514359990513,-0.0890004004823571,0.0423461979836485,-0.105965136222689,0
8,0,1000,0,0,8.69824352747611,3.47450588865302,23.7768271665647,113.276712237858,0.0642514359990513,-0.0890004004823571,0.0423461979836485,-0.105965136222689,0
8,0.1,993.59545349852,6.24324122675993,0.0460080855247402,8.69824352747611,3.47450588865302,23.7768271665647,113.276712237858,0.0642514359990513,-0.0890004004823571,0.0423461979836485,-0.105965136222689,0.262576717365354
8,0.2,987.23192521293,12.135185675723,0.180381285790141,8.69824352747611,3.47450588865302,23.7768271665647,113.276712237858,0.0642514359990513,-0.0890004004823571,0.0423461979836485,-0.105965136222689,0.510378680498954
8,0.3,980.909152440158,17.6938779624023,0.397856197031885,8.69824352747611,3.47450588865302,23.7768271665647,113.276712237858,0.0642514359990513,-0.0890004004823571,0.0423461979836485,-0.105965136222689,0.744164805440639
8,0.4,974.626874159628,22.9364451785386,0.693442061710805,8.69824352747611,3.47450588865302,23.7768271665647,113.276712237858,0.0642514359990513,-0.0890004004823571,0.0423461979836485,-0.105965136222689,0.964655419239121
8,0.5,968.384831022481,27.8791434879805,1.0624068893447,8.69824352747611,3.47450588865302,23.7768271665647,113.276712237858,0.0642514359990513,-0.0890004004823571,0.0423461979836485,-0.105965136222689,1.17253421967017
8,0.6,962.18276534087,32.5374023565899,1.50026428228896,8.69824352747611,3.47450588865302,23.7768271665647,113.276712237858,0.0642514359990513,-0.0890004004823571,0.0423461979836485,-0.105965136222689,1.36845013544719
8,0.7,956.020421077322,36.9258665363054,2.00276093067041,8.69824352747611,3.47450588865302,23.7768271665647,113.276712237858,0.0642514359990513,-0.0890004004823571,0.0423461979836485,-0.105965136222689,1.55301909197671
8,0.8,949.897543834168,41.0584359173969,2.56586474249663,8.69824352747611,3.47450588865302,23.7768271665647,113.276712237858,0.0642514359990513,-0.0890004004823571,0.0423461979836485,-0.105965136222689,1.7268256874548
8,0.9,943.81388084304,44.9483033571569,3.1857535766877,8.69824352747611,3.47450588865302,23.7768271665647,113.276712237858,0.0642514359990513,-0.0890004004823571,0.0423461979836485,-0.105965136222689,1.89042478385694
8,1,937.769180954439,48.6079905877737,3.8588045484157,8.69824352747611,3.47450588865302,23.7768271665647,113.276712237858,0.0642514359990513,-0.0890004004823571,0.0423461979836485,-0.105965136222689,2.04434301714263
8,1.1,931.763194627362,52.0493823009191,4.58158387769109,8.69824352747611,3.47450588865302,23.7768271665647,113.276712237858,0.0642514359990513,-0.0890004004823571,0.0423461979836485,-0.105965136222689,2.18908023077662
8,1.2,925.795673919003,55.2837585016277,5.35083725361118,8.69824352747611,3.47450588865302,23.7768271665647,113.276712237858,0.0642514359990513,-0.0890004004823571,0.0423461979836485,-0.105965136222689,2.32511083646049
8,1.3,919.86637247452,58.321825219345,6.16348068808618,8.69824352747611,3.47450588865302,23.7768271665647,113.276712237858,0.0642514359990513,-0.0890004004823571,0.0423461979836485,-0.105965136222689,2.45288510577047
8,1.4,913.97504551686,61.1737436595625,7.01659183418847,8.69824352747611,3.47450588865302,23.7768271665647,113.276712237858,0.0642514359990513,-0.0890004004823571,0.0423461979836485,-0.105965136222689,2.57283039620972
8,1.5,908.121449836655,63.8491578752162,7.9074017455313,8.69824352747611,3.47450588865302,23.7768271665647,113.276712237858,0.0642514359990513,-0.0890004004823571,0.0423461979836485,-0.105965136222689,2.68535231500534
8,1.6,902.305343782185,66.3572210330115,8.8332870542835,8.69824352747611,3.47450588865302,23.7768271665647,113.276712237858,0.0642514359990513,-0.0890004004823571,0.0423461979836485,-0.105965136222689,2.79083582381101
8,1.7,896.526487249398,68.7066203460162,9.79176254656099,8.69824352747611,3.47450588865302,23.7768271665647,113.276712237858,0.0642514359990513,-0.0890004004823571,0.0423461979836485,-0.105965136222689,2.88964628731594
8,1.8,890.784641672001,70.9056007402437,10.7804741150178,8.69824352747611,3.47450588865302,23.7768271665647,113.276712237858,0.0642514359990513,-0.0890004004823571,0.0423461979836485,-0.105965136222689,2.9821304686082
8,1.9,885.079570011609,72.9619873195071,11.7971920694828,8.69824352747611,3.47450588865302,23.7768271665647,113.276712237858,0.0642514359990513,-0.0890004004823571,0.0423461979836485,-0.105965136222689,3.06861747399617
8,2,879.41103674796,74.8832066895654,12.8398047874595,8.69824352747611,3.47450588865302,23.7768271665647,113.276712237858,0.0642514359990513,-0.0890004004823571,0.0423461979836485,-0.105965136222689,3.14941964985418
8,2.1,873.778807869193,76.6763071994793,13.906312687233,8.69824352747611,3.47450588865302,23.7768271665647,113.276712237858,0.0642514359990513,-0.0890004004823571,0.0423461979836485,-0.105965136222689,3.22483343392859
8,2.2,868.182650862187,78.3479781551576,14.9948225072006,8.69824352747611,3.47450588865302,23.7768271665647,113.276712237858,0.0642514359990513,-0.0890004004823571,0.0423461979836485,-0.105965136222689,3.29514016341641
8,2.3,862.622334702962,79.9045680572816,16.1035418758771,8.69824352747611,3.47450588865302,23.7768271665647,113.276712237858,0.0642514359990513,-0.0890004004823571,0.0423461979836485,-0.105965136222689,3.36060684201148
8,2.4,857.097629847142,81.3521019131447,17.2307741578135,8.69824352747611,3.47450588865302,23.7768271665647,113.276712237858,0.0642514359990513,-0.0890004004823571,0.0423461979836485,-0.105965136222689,3.4214868680016
8,2.5,851.608308220478,82.6962976694307,18.3749135614193,8.69824352747611,3.47450588865302,23.7768271665647,113.276712237858,0.0642514359990513,-0.0890004004823571,0.0423461979836485,-0.105965136222689,3.47802072539433
8,2.6,846.154143209434,83.9425818105653,19.5344404953874,8.69824352747611,3.47450588865302,23.7768271665647,113.276712237858,0.0642514359990513,-0.0890004004823571,0.0423461979836485,-0.105965136222689,3.53043663994861
8,2.7,840.734909651829,85.0961041650093,20.7079171610995,8.69824352747611,3.47450588865302,23.7768271665647,113.276712237858,0.0642514359990513,-0.0890004004823571,0.0423461979836485,-0.105965136222689,3.57895120189429
8,2.8,835.350383827546,86.1617519597109,21.8939833690258,8.69824352747611,3.47450588865302,23.7768271665647,113.276712237858,0.0642514359990513,-0.0890004004823571,0.0423461979836485,-0.105965136222689,3.62376995703081
8,2.9,830.000343449294,87.144163160893,23.0913525677476,8.69824352747611,3.47450588865302,23.7768271665647,113.276712237858,0.0642514359990513,-0.0890004004823571,0.0423461979836485,-0.105965136222689,3.6650879678108
8,3,824.684567653429,88.0477391374113,24.2988080748029,8.69824352747611,3.47450588865302,23.7768271665647,113.276712237858,0.0642514359990513,-0.0890004004823571,0.0423461979836485,-0.105965136222689,3.7030903459325
8,3.1,819.40283699084,88.876656681081,25.5151994991073,8.69824352747611,3.47450588865302,23.7768271665647,113.276712237858,0.0642514359990513,-0.0890004004823571,0.0423461979836485,-0.105965136222689,3.73795275788776
8,3.2,814.154933417887,89.6348794166226,26.7394393452222,8.69824352747611,3.47450588865302,23.7768271665647,113.276712237858,0.0642514359990513,-0.0890004004823571,0.0423461979836485,-0.105965136222689,3.7698419048387
8,3.3,808.940640287403,90.3261686322182,27.9704997902335,8.69824352747611,3.47450588865302,23.7768271665647,113.276712237858,0.0642514359990513,-0.0890004004823571,0.0423461979836485,-0.105965136222689,3.79891597812665
8,3.4,803.759742339746,90.9540935600997,29.2074096244784,8.69824352747611,3.47450588865302,23.7768271665647,113.276712237858,0.0642514359990513,-0.0890004004823571,0.0423461979836485,-0.105965136222689,3.82532509165061
8,3.5,798.612025693913,91.5220411350908,30.4492513477965,8.69824352747611,3.47450588865302,23.7768271665647,113.276712237858,0.0642514359990513,-0.0890004004823571,0.0423461979836485,-0.105965136222689,3.84921169228965
8,3.6,793.497277838716,92.0332252576133,31.6951584134094,8.69824352747611,3.47450588865302,23.7768271665647,113.276712237858,0.0642514359990513,-0.0890004004823571,0.0423461979836485,-0.105965136222689,3.87071094948412
8,3.7,788.415287624,92.4906955863167,32.9443126119301,8.69824352747611,3.47450588865302,23.7768271665647,113.276712237858,0.0642514359990513,-0.0890004004823571,0.0423461979836485,-0.105965136222689,3.88995112503398
8,3.8,783.365845251935,92.8973458842162,34.1959415883879,8.69824352747611,3.47450588865302,23.7768271665647,113.276712237858,0.0642514359990513,-0.0890004004823571,0.0423461979836485,-0.105965136222689,3.9070539241186
8,3.9,778.348742268348,93.2559219410095,35.4493164855106,8.69824352747611,3.47450588865302,23.7768271665647,113.276712237858,0.0642514359990513,-0.0890004004823571,0.0423461979836485,-0.105965136222689,3.92213482849164
8,4,773.363771554122,93.5690290930929,36.7037497068559,8.69824352747611,3.47450588865302,23.7768271665647,113.276712237858,0.0642514359990513,-0.0890004004823571,0.0423461979836485,-0.105965136222689,3.93530341275606
8,4.1,768.410727316644,93.8391393617029,37.9585927937015,8.69824352747611,3.47450588865302,23.7768271665647,113.276712237858,0.0642514359990513,-0.0890004004823571,0.0423461979836485,-0.105965136222689,3.94666364457832
8,4.2,763.489405081308,94.0685982285752,39.2132344099199,8.69824352747611,3.47450588865302,23.7768271665647,113.276712237858,0.0642514359990513,-0.0890004004823571,0.0423461979836485,-0.105965136222689,3.95631416965742
8,4.3,758.599601683078,94.2596310675244,40.4670984293514,8.69824352747611,3.47450588865302,23.7768271665647,113.276712237858,0.0642514359990513,-0.0890004004823571,0.0423461979836485,-0.105965136222689,3.96434858222269
8,4.4,753.741115258095,94.4143492494171,41.7196421204715,8.69824352747611,3.47450588865302,23.7768271665647,113.276712237858,0.0642514359990513,-0.0890004004823571,0.0423461979836485,-0.105965136222689,3.97085568179526
8,4.5,748.913745235347,94.5347559371215,42.9703544234098,8.69824352747611,3.47450588865302,23.7768271665647,113.276712237858,0.0642514359990513,-0.0890004004823571,0.0423461979836485,-0.105965136222689,3.97591971691066
8,4.6,744.11729232839,94.6227515861749,44.2187543146316,8.69824352747611,3.47450588865302,23.7768271665647,113.276712237858,0.0642514359990513,-0.0890004004823571,0.0423461979836485,-0.105965136222689,3.97962061646454
8,4.7,739.351558527118,94.6801391661131,45.4643892548289,8.69824352747611,3.47450588865302,23.7768271665647,113.276712237858,0.0642514359990513,-0.0890004004823571,0.0423461979836485,-0.105965136222689,3.98203420931006
8,4.8,734.616347089589,94.7086291166438,46.7068337157946,8.69824352747611,3.47450588865302,23.7768271665647,113.276712237858,0.0642514359990513,-0.0890004004823571,0.0423461979836485,-0.105965136222689,3.98323243270341
8,4.9,729.911462533907,94.7098440521286,47.9456877822698,8.69824352747611,3.47450588865302,23.7768271665647,113.276712237858,0.0642514359990513,-0.0890004004823571,0.0423461979836485,-0.105965136222689,3.98328353016382
8,5,725.236710630145,94.6853232271531,49.1805758249545,8.69824352747611,3.47450588865302,23.7768271665647,113.276712237858,0.0642514359990513,-0.0890004004823571,0.0423461979836485,-0.105965136222689,3.98225223928536
8,5.1,720.591898392334,94.6365267753169,50.4111452410678,8.69824352747611,3.47450588865302,23.7768271665647,113.276712237858,0.0642514359990513,-0.0890004004823571,0.0423461979836485,-0.105965136222689,3.98019997001098
8,5.2,715.976834070491,94.5648397327579,51.6370652590282,8.69824352747611,3.47450588865302,23.7768271665647,113.276712237858,0.0642514359990513,-0.0890004004823571,0.0423461979836485,-0.105965136222689,3.97718497385288
8,5.3,711.391327142704,94.4715758573412,52.8580258039942,8.69824352747611,3.47450588865302,23.7768271665647,113.276712237858,0.0642514359990513,-0.0890004004823571,0.0423461979836485,-0.105965136222689,3.97326250451905
8,5.4,706.835188307269,94.3579812538892,54.0737364211767,8.69824352747611,3.47450588865302,23.7768271665647,113.276712237858,0.0642514359990513,-0.0890004004823571,0.0423461979836485,-0.105965136222689,3.96848497038229
8,5.5,702.308229474873,94.2252378153,55.2839252539873,8.69824352747611,3.47450588865302,23.7768271665647,113.276712237858,0.0642514359990513,-0.0890004004823571,0.0423461979836485,-0.105965136222689,3.96290207920597
8,5.6,697.81026376083,94.0744664889036,56.4883380742374,8.69824352747611,3.47450588865302,23.7768271665647,113.276712237858,0.0642514359990513,-0.0890004004823571,0.0423461979836485,-0.105965136222689,3.95656097551959
8,5.7,693.341105477363,93.90673037693,57.6867373617441,8.69824352747611,3.47450588865302,23.7768271665647,113.276712237858,0.0642514359990513,-0.0890004004823571,0.0423461979836485,-0.105965136222689,3.94950637101754
8,5.8,688.900570125946,93.7230376795113,58.8789014308333,8.69824352747611,3.47450588865302,23.7768271665647,113.276712237858,0.0642514359990513,-0.0890004004823571,0.0423461979836485,-0.105965136222689,3.94178066833518
8,5.9,684.488474389679,93.5243444882143,60.0646236013579,8.69824352747611,3.47450588865302,23.7768271665647,113.276712237858,0.0642514359990513,-0.0890004004823571,0.0423461979836485,-0.105965136222689,3.93342407853852
8,6,680.104636125723,93.3115574376939,61.243711411969,8.69824352747611,3.47450588865302,23.7768271665647,113.276712237858,0.0642514359990513,-0.0890004004823571,0.0423461979836485,-0.105965136222689,3.92447473264684
8,6.1,675.748874357784,93.0855362226694,62.4159858734951,8.69824352747611,3.47450588865302,23.7768271665647,113.276712237858,0.0642514359990513,-0.0890004004823571,0.0423461979836485,-0.105965136222689,3.91496878749103
8,6.2,671.421009268637,92.8470959870643,63.5812807603899,8.69824352747611,3.47450588865302,23.7768271665647,113.276712237858,0.0642514359990513,-0.0890004004823571,0.0423461979836485,-0.105965136222689,3.90494052619549
8,6.3,667.120862192706,92.5970095918,64.7394419383161,8.69824352747611,3.47450588865302,23.7768271665647,113.276712237858,0.0642514359990513,-0.0890004004823571,0.0423461979836485,-0.105965136222689,3.89442245355643
8,6.4,662.848255608685,92.3360097674043,65.8903267260297,8.69824352747611,3.47450588865302,23.7768271665647,113.276712237858,0.0642514359990513,-0.0890004004823571,0.0423461979836485,-0.105965136222689,3.88344538657574
8,6.5,658.603013132215,92.0647911572852,67.0338032898201,8.69824352747611,3.47450588865302,23.7768271665647,113.276712237858,0.0642514359990513,-0.0890004004823571,0.0423461979836485,-0.105965136222689,3.87203854039651
8,6.6,654.384959508595,91.7840122572198,68.1697500688541,8.69824352747611,3.47450588865302,23.7768271665647,113.276712237858,0.0642514359990513,-0.0890004004823571,0.0423461979836485,-0.105965136222689,3.8602296098736
8,6.7,650.193920605553,91.4942972563296,69.298055229853,8.69824352747611,3.47450588865302,23.7768271665647,113.276712237858,0.0642514359990513,-0.0890004004823571,0.0423461979836485,-0.105965136222689,3.84804484700088
8,6.8,646.029723406055,91.1962377845443,70.4186161496119,8.69824352747611,3.47450588865302,23.7768271665647,113.276712237858,0.0642514359990513,-0.0890004004823571,0.0423461979836485,-0.105965136222689,3.8355091344057
8,6.9,641.892196001163,90.8903945713019,71.5313389239464,8.69824352747611,3.47450588865302,23.7768271665647,113.276712237858,0.0642514359990513,-0.0890004004823571,0.0423461979836485,-0.105965136222689,3.82264605511005
8,7,637.781167582937,90.5772990199922,72.6361379017256,8.69824352747611,3.47450588865302,23.7768271665647,113.276712237858,0.0642514359990513,-0.0890004004823571,0.0423461979836485,-0.105965136222689,3.80947795874815
8,7.1,633.696468437384,90.2574547024235,73.7329352427142,8.69824352747611,3.47450588865302,23.7768271665647,113.276712237858,0.0642514359990513,-0.0890004004823571,0.0423461979836485,-0.105965136222689,3.79602602442032
8,7.2,629.637929937453,89.931338777372,74.8216604980156,8.69824352747611,3.47450588865302,23.7768271665647,113.276712237858,0.0642514359990513,-0.0890004004823571,0.0423461979836485,-0.105965136222689,3.78231032035405
8,7.3,625.605384536073,89.599403337069,75.9022502119663,8.69824352747611,3.47450588865302,23.7768271665647,113.276712237858,0.0642514359990513,-0.0890004004823571,0.0423461979836485,-0.105965136222689,3.76834986053417
8,7.4,621.598665759236,89.2620766852864,76.974647544393,8.69824352747611,3.47450588865302,23.7768271665647,113.276712237858,0.0642514359990513,-0.0890004004823571,0.0423461979836485,-0.105965136222689,3.7541626584563
8,7.5,617.617608199123,88.9197645504925,78.0388019121956,8.69824352747611,3.47450588865302,23.7768271665647,113.276712237858,0.0642514359990513,-0.0890004004823571,0.0423461979836485,-0.105965136222689,3.73976577814944
8,7.6,613.662047507279,88.5728512373753,79.094668649275,8.69824352747611,3.47450588865302,23.7768271665647,113.276712237858,0.0642514359990513,-0.0890004004823571,0.0423461979836485,-0.105965136222689,3.72517538260647
8,7.7,609.731820387825,88.2217007198642,80.1422086838737,8.69824352747611,3.47450588865302,23.7768271665647,113.276712237858,0.0642514359990513,-0.0890004004823571,0.0423461979836485,-0.105965136222689,3.71040677975415
8,7.8,605.82676459072,87.8666576786187,81.1813882324425,8.69824352747611,3.47450588865302,23.7768271665647,113.276712237858,0.0642514359990513,-0.0890004004823571,0.0423461979836485,-0.105965136222689,3.69547446608764
8,7.9,601.946718905057,87.5080484858059,82.2121785091954,8.69824352747611,3.47450588865302,23.7768271665647,113.276712237858,0.0642514359990513,-0.0890004004823571,0.0423461979836485,-0.105965136222689,3.68039216808797
8,8,598.091523152417,87.1461821398424,83.2345554505534,8.69824352747611,3.47450588865302,23.7768271665647,113.276712237858,0.0642514359990513,-0.0890004004823571,0.0423461979836485,-0.105965136222689,3.66517288153521
8,8.1,594.261018180246,86.7813511526412,84.2484994537211,8.69824352747611,3.47450588865302,23.7768271665647,113.276712237858,0.0642514359990513,-0.0890004004823571,0.0423461979836485,-0.105965136222689,3.64982890882407
8,8.2,590.455045855294,86.4138323917769,85.2539951286776,8.69824352747611,3.47450588865302,23.7768271665647,113.276712237858,0.0642514359990513,-0.0890004004823571,0.0423461979836485,-0.105965136222689,3.63437189438351
8,8.3,586.673449057081,86.0438878798562,86.2510310628996,8.69824352747611,3.47450588865302,23.7768271665647,113.276712237858,0.0642514359990513,-0.0890004004823571,0.0423461979836485,-0.105965136222689,3.61881285829644
8,8.4,582.916071671411,85.6717655532691,87.2395995981693,8.69824352747611,3.47450588865302,23.7768271665647,113.276712237858,0.0642514359990513,-0.0890004004823571,0.0423461979836485,-0.105965136222689,3.60316222821109
8,8.5,579.182758583932,85.2976999823811,88.2196966188522,8.69824352747611,3.47450588865302,23.7768271665647,113.276712237858,0.0642514359990513,-0.0890004004823571,0.0423461979836485,-0.105965136222689,3.58742986963072
8,8.6,575.473355673725,84.921913055127,89.1913213510626,8.69824352747611,3.47450588865302,23.7768271665647,113.276712237858,0.0642514359990513,-0.0890004004823571,0.0423461979836485,-0.105965136222689,3.57162511466398
8,8.7,571.78770980695,84.5446146258627,90.1544761721618,8.69824352747611,3.47450588865302,23.7768271665647,113.276712237858,0.0642514359990513,-0.0890004004823571,0.0423461979836485,-0.105965136222689,3.55575678931421
8,8.8,568.125668830517,84.1660031312405,91.1091664300647,8.69824352747611,3.47450588865302,23.7768271665647,113.276712237858,0.0642514359990513,-0.0890004004823571,0.0423461979836485,-0.105965136222689,3.53983323938175
8,8.9,564.487081565808,83.7862661747813,92.0554002718544,8.69824352747611,3.47450588865302,23.7768271665647,113.276712237858,0.0642514359990513,-0.0890004004823571,0.0423461979836485,-0.105965136222689,3.52386235504975
8,9,560.871797802435,83.4055810817355,92.9931884812332,8.69824352747611,3.47450588865302,23.7768271665647,113.276712237858,0.0642514359990513,-0.0890004004823571,0.0423461979836485,-0.105965136222689,3.50785159422035
8,9.1,557.279668292041,83.0241154257382,93.922544324359,8.69824352747611,3.47450588865302,23.7768271665647,113.276712237858,0.0642514359990513,-0.0890004004823571,0.0423461979836485,-0.105965136222689,3.49180800466464
8,9.2,553.710544742135,82.6420275286943,94.8434834036408,8.69824352747611,3.47450588865302,23.7768271665647,113.276712237858,0.0642514359990513,-0.0890004004823571,0.0423461979836485,-0.105965136222689,3.47573824504671
8,9.3,550.164279809975,82.2594669352507,95.7560235190889,8.69824352747611,3.47450588865302,23.7768271665647,113.276712237858,0.0642514359990513,-0.0890004004823571,0.0423461979836485,-0.105965136222689,3.45964860487884
8,9.4,546.640727096479,81.8765748631472,96.6601845368349,8.69824352747611,3.47450588865302,23.7768271665647,113.276712237858,0.0642514359990513,-0.0890004004823571,0.0423461979836485,-0.105965136222689,3.44354502346231
8,9.5,543.139741140187,81.4934846306705,97.5559882644562,8.69824352747611,3.47450588865302,23.7768271665647,113.276712237858,0.0642514359990513,-0.0890004004823571,0.0423461979836485,-0.105965136222689,3.42743310786512
8,9.6,539.661177411253,81.1103220623748,98.4434583327596,8.69824352747611,3.47450588865302,23.7768271665647,113.276712237858,0.0642514359990513,-0.0890004004823571,0.0423461979836485,-0.105965136222689,3.41131814998569
8,9.7,536.204892305479,80.727205874172,99.3226200836952,8.69824352747611,3.47450588865302,23.7768271665647,113.276712237858,0.0642514359990513,-0.0890004004823571,0.0423461979836485,-0.105965136222689,3.3952051427489
8,9.8,532.770743138388,80.3442480388395,100.193500464087,8.69824352747611,3.47450588865302,23.7768271665647,113.276712237858,0.0642514359990513,-0.0890004004823571,0.0423461979836485,-0.105965136222689,3.37909879547852
8,9.9,529.35858813933,79.9615541329403,101.056127924885,8.69824352747611,3.47450588865302,23.7768271665647,113.276712237858,0.0642514359990513,-0.0890004004823571,0.0423461979836485,-0.105965136222689,3.36300354848789
8,10,525.968286445634,79.5792236660985,101.91053232566,8.69824352747611,3.47450588865302,23.7768271665647,113.276712237858,0.0642514359990513,-0.0890004004823571,0.0423461979836485,-0.105965136222689,3.34692358692854
8,10.1,522.599698096789,79.1973503935283,102.75674484407,8.69824352747611,3.47450588865302,23.7768271665647,113.276712237858,0.0642514359990513,-0.0890004004823571,0.0423461979836485,-0.105965136222689,3.33086285393439
8,10.2,519.252684028669,78.8160226126639,103.594797890045,8.69824352747611,3.47450588865302,23.7768271665647,113.276712237858,0.0642514359990513,-0.0890004004823571,0.0423461979836485,-0.105965136222689,3.31482506309741
8,10.3,515.927106067789,78.4353234447012,104.424725024456,8.69824352747611,3.47450588865302,23.7768271665647,113.276712237858,0.0642514359990513,-0.0890004004823571,0.0423461979836485,-0.105965136222689,3.29881371030859
8,10.4,512.622826925604,78.0553311018143,105.246560882032,8.69824352747611,3.47450588865302,23.7768271665647,113.276712237858,0.0642514359990513,-0.0890004004823571,0.0423461979836485,-0.105965136222689,3.28283208499648
8,10.5,509.339710192839,77.6761191407778,106.060341098313,8.69824352747611,3.47450588865302,23.7768271665647,113.276712237858,0.0642514359990513,-0.0890004004823571,0.0423461979836485,-0.105965136222689,3.26688328079396
8,10.6,506.077620333859,77.2977567036815,106.866102240433,8.69824352747611,3.47450588865302,23.7768271665647,113.276712237858,0.0642514359990513,-0.0890004004823571,0.0423461979836485,-0.105965136222689,3.25097020566221
8,10.7,502.836422681073,76.9203087463968,107.663881741535,8.69824352747611,3.47450588865302,23.7768271665647,113.276712237858,0.0642514359990513,-0.0890004004823571,0.0423461979836485,-0.105965136222689,3.23509559149941
8,10.8,499.615983429374,76.5438362554137,108.453717838636,8.69824352747611,3.47450588865302,23.7768271665647,113.276712237858,0.0642514359990513,-0.0890004004823571,0.0423461979836485,-0.105965136222689,3.2192620032605
8,10.9,496.416169630618,76.1683964536418,109.235649513764,8.69824352747611,3.47450588865302,23.7768271665647,113.276712237858,0.0642514359990513,-0.0890004004823571,0.0423461979836485,-0.105965136222689,3.20347184761266
8,11,493.236849188132,75.7940429957333,110.009716438205,8.69824352747611,3.47450588865302,23.7768271665647,113.276712237858,0.0642514359990513,-0.0890004004823571,0.0423461979836485,-0.105965136222689,3.18772738115017
8,11.1,490.077890851263,75.4208261534626,110.775958919688,8.69824352747611,3.47450588865302,23.7768271665647,113.276712237858,0.0642514359990513,-0.0890004004823571,0.0423461979836485,-0.105965136222689,3.17203071819105
8,11.2,486.93916420996,75.0487929916655,111.534417852379,8.69824352747611,3.47450588865302,23.7768271665647,113.276712237858,0.0642514359990513,-0.0890004004823571,0.0423461979836485,-0.105965136222689,3.15638383817671
8,11.3,483.820539689385,74.6779875352187,112.285134669518,8.69824352747611,3.47450588865302,23.7768271665647,113.276712237858,0.0642514359990513,-0.0890004004823571,0.0423461979836485,-0.105965136222689,3.14078859269466
8,11.4,480.721888544573,74.3084509275147,113.028151298585,8.69824352747611,3.47450588865302,23.7768271665647,113.276712237858,0.0642514359990513,-0.0890004004823571,0.0423461979836485,-0.105965136222689,3.12524671214368
8,11.5,477.643082855111,73.9402215808629,113.763510118847,8.69824352747611,3.47450588865302,23.7768271665647,113.276712237858,0.0642514359990513,-0.0890004004823571,0.0423461979836485,-0.105965136222689,3.10975981205932
8,11.6,474.583995519855,73.5733353192295,114.491253921178,8.69824352747611,3.47450588865302,23.7768271665647,113.276712237858,0.0642514359990513,-0.0890004004823571,0.0423461979836485,-0.105965136222689,3.0943293991172
8,11.7,471.54450025169,73.2078255137019,115.211425870033,8.69824352747611,3.47450588865302,23.7768271665647,113.276712237858,0.0642514359990513,-0.0890004004823571,0.0423461979836485,-0.105965136222689,3.07895687683039
8,11.8,468.524471572311,72.8437232110503,115.924069467459,8.69824352747611,3.47450588865302,23.7768271665647,113.276712237858,0.0642514359990513,-0.0890004004823571,0.0423461979836485,-0.105965136222689,3.06364355095638
8,11.9,465.523784807045,72.4810572557357,116.629228519045,8.69824352747611,3.47450588865302,23.7768271665647,113.276712237858,0.0642514359990513,-0.0890004004823571,0.0423461979836485,-0.105965136222689,3.04839063462848
8,12,462.542316079703,72.1198544056971,117.326947101716,8.69824352747611,3.47450588865302,23.7768271665647,113.276712237858,0.0642514359990513,-0.0890004004823571,0.0423461979836485,-0.105965136222689,3.03319925322556
8,12.1,459.579942307469,71.7601394422347,118.017269533263,8.69824352747611,3.47450588865302,23.7768271665647,113.276712237858,0.0642514359990513,-0.0890004004823571,0.0423461979836485,-0.105965136222689,3.0180704489935
8,12.2,456.636541195813,71.4019352742882,118.700240343536,8.69824352747611,3.47450588865302,23.7768271665647,113.276712237858,0.0642514359990513,-0.0890004004823571,0.0423461979836485,-0.105965136222689,3.00300518543091
8,12.3,453.71199123345,71.0452630373957,119.375904247202,8.69824352747611,3.47450588865302,23.7768271665647,113.276712237858,0.0642514359990513,-0.0890004004823571,0.0423461979836485,-0.105965136222689,2.98800435145109
8,12.4,450.806171687316,70.6901421876028,120.044306117997,8.69824352747611,3.47450588865302,23.7768271665647,113.276712237858,0.0642514359990513,-0.0890004004823571,0.0423461979836485,-0.105965136222689,2.97306876533167
8,12.5,447.918962597591,70.3365905905791,120.70549096439,8.69824352747611,3.47450588865302,23.7768271665647,113.276712237858,0.0642514359990513,-0.0890004004823571,0.0423461979836485,-0.105965136222689,2.95819917846261
8,12.6,445.05024477274,69.9846246061851,121.359503906587,8.69824352747611,3.47450588865302,23.7768271665647,113.276712237858,0.0642514359990513,-0.0890004004823571,0.0423461979836485,-0.105965136222689,2.94339627890296
8,12.7,442.199899784598,69.6342591687209,122.006390154811,8.69824352747611,3.47450588865302,23.7768271665647,113.276712237858,0.0642514359990513,-0.0890004004823571,0.0423461979836485,-0.105965136222689,2.92866069475584
8,12.8,439.367809963478,69.2855078630758,122.646194988786,8.69824352747611,3.47450588865302,23.7768271665647,113.276712237858,0.0642514359990513,-0.0890004004823571,0.0423461979836485,-0.105965136222689,2.91399299737125
8,12.9,436.553858393313,68.938382996988,123.278963738368,8.69824352747611,3.47450588865302,23.7768271665647,113.276712237858,0.0642514359990513,-0.0890004004823571,0.0423461979836485,-0.105965136222689,2.89939370438501
8,13,433.757928906833,68.5928956696107,123.90474176526,8.69824352747611,3.47450588865302,23.7768271665647,113.276712237858,0.0642514359990513,-0.0890004004823571,0.0423461979836485,-0.105965136222689,2.88486328260261
8,13.1,430.979906080764,68.2490558365732,124.523574445764,8.69824352747611,3.47450588865302,23.7768271665647,113.276712237858,0.0642514359990513,-0.0890004004823571,0.0423461979836485,-0.105965136222689,2.87040215073549
8,13.2,428.219675231066,67.9068723717154,125.1355071545,8.69824352747611,3.47450588865302,23.7768271665647,113.276712237858,0.0642514359990513,-0.0890004004823571,0.0423461979836485,-0.105965136222689,2.85601068199743
8,13.3,425.4771224082,67.5663531256636,125.740585249065,8.69824352747611,3.47450588865302,23.7768271665647,113.276712237858,0.0642514359990513,-0.0890004004823571,0.0423461979836485,-0.105965136222689,2.84168920656817
8,13.4,422.752134392421,67.2275049814093,126.338854055559,8.69824352747611,3.47450588865302,23.7768271665647,113.276712237858,0.0642514359990513,-0.0890004004823571,0.0423461979836485,-0.105965136222689,2.82743801393088
8,13.5,420.044598689105,66.8903339070426,126.930358854956,8.69824352747611,3.47450588865302,23.7768271665647,113.276712237858,0.0642514359990513,-0.0890004004823571,0.0423461979836485,-0.105965136222689,2.81325735509004
8,13.6,417.354403524105,66.5548450057853,127.515144870258,8.69824352747611,3.47450588865302,23.7768271665647,113.276712237858,0.0642514359990513,-0.0890004004823571,0.0423461979836485,-0.105965136222689,2.7991474446757
8,13.7,414.681437839138,66.2210425634602,128.093257254407,8.69824352747611,3.47450588865302,23.7768271665647,113.276712237858,0.0642514359990513,-0.0890004004823571,0.0423461979836485,-0.105965136222689,2.78510846293997
8,13.8,412.025591287196,65.8889300935283,128.664741078902,8.69824352747611,3.47450588865302,23.7768271665647,113.276712237858,0.0642514359990513,-0.0890004004823571,0.0423461979836485,-0.105965136222689,2.77114055765112
8,13.9,409.386754227998,65.5585103798162,129.229641323093,8.69824352747611,3.47450588865302,23.7768271665647,113.276712237858,0.0642514359990513,-0.0890004004823571,0.0423461979836485,-0.105965136222689,2.75724384589066
8,14,406.764817723455,65.229785517051,129.78800286412,8.69824352747611,3.47450588865302,23.7768271665647,113.276712237858,0.0642514359990513,-0.0890004004823571,0.0423461979836485,-0.105965136222689,2.7434184157581
8,14.1,404.159673533179,64.9027569493162,130.339870467449,8.69824352747611,3.47450588865302,23.7768271665647,113.276712237858,0.0642514359990513,-0.0890004004823571,0.0423461979836485,-0.105965136222689,2.72966432798837
8,14.2,401.571214110013,64.5774255065315,130.885288777996,8.69824352747611,3.47450588865302,23.7768271665647,113.276712237858,0.0642514359990513,-0.0890004004823571,0.0423461979836485,-0.105965136222689,2.71598161748601
8,14.3,398.99933259559,64.2537914390593,131.424302311784,8.69824352747611,3.47450588865302,23.7768271665647,113.276712237858,0.0642514359990513,-0.0890004004823571,0.0423461979836485,-0.105965136222689,2.70237029478071
8,14.4,396.443922815922,63.9318544505315,131.956955448126,8.69824352747611,3.47450588865302,23.7768271665647,113.276712237858,0.0642514359990513,-0.0890004004823571,0.0423461979836485,-0.105965136222689,2.68883034740789
8,14.5,393.904879277018,63.6116137289886,132.483292422298,8.69824352747611,3.47450588865302,23.7768271665647,113.276712237858,0.0642514359990513,-0.0890004004823571,0.0423461979836485,-0.105965136222689,2.67536174121837
8,14.6,391.382097160529,63.2930679764154,133.003357318669,8.69824352747611,3.47450588865302,23.7768271665647,113.276712237858,0.0642514359990513,-0.0890004004823571,0.0423461979836485,-0.105965136222689,2.66196442162052
8,14.7,388.875472319417,62.9762154367561,133.517194064285,8.69824352747611,3.47450588865302,23.7768271665647,113.276712237858,0.0642514359990513,-0.0890004004823571,0.0423461979836485,-0.105965136222689,2.64863831475859
8,14.8,386.384901273663,62.6610539224856,134.024846422856,8.69824352747611,3.47450588865302,23.7768271665647,113.276712237858,0.0642514359990513,-0.0890004004823571,0.0423461979836485,-0.105965136222689,2.63538332863018
8,14.9,383.910281205986,62.3475808398101,134.526357989153,8.69824352747611,3.47450588865302,23.7768271665647,113.276712237858,0.0642514359990513,-0.0890004004823571,0.0423461979836485,-0.105965136222689,2.62219935414614
8,15,381.451509957606,62.0357932125676,135.021772183767,8.69824352747611,3.47450588865302,23.7768271665647,113.276712237858,0.0642514359990513,-0.0890004004823571,0.0423461979836485,-0.105965136222689,2.60908626613577
8,15.1,379.008486024023,61.7256877048938,135.511132248238,8.69824352747611,3.47450588865302,23.7768271665647,113.276712237858,0.0642514359990513,-0.0890004004823571,0.0423461979836485,-0.105965136222689,2.5960439243001
8,15.2,376.581108550827,61.4172606427164,135.994481240506,8.69824352747611,3.47450588865302,23.7768271665647,113.276712237858,0.0642514359990513,-0.0890004004823571,0.0423461979836485,-0.105965136222689,2.58307217411591
8,15.3,374.169277329534,61.1105080341374,136.471862030693,8.69824352747611,3.47450588865302,23.7768271665647,113.276712237858,0.0642514359990513,-0.0890004004823571,0.0423461979836485,-0.105965136222689,2.57017084769292
8,15.4,371.772892793452,60.80542558876,136.943317297183,8.69824352747611,3.47450588865302,23.7768271665647,113.276712237858,0.0642514359990513,-0.0890004004823571,0.0423461979836485,-0.105965136222689,2.55733976458665
8,15.5,369.391856013567,60.5020087360139,137.408889522988,8.69824352747611,3.47450588865302,23.7768271665647,113.276712237858,0.0642514359990513,-0.0890004004823571,0.0423461979836485,-0.105965136222689,2.5445787325692
8,15.6,367.02606869446,60.2002526425299,137.868620992386,8.69824352747611,3.47450588865302,23.7768271665647,113.276712237858,0.0642514359990513,-0.0890004004823571,0.0423461979836485,-0.105965136222689,2.53188754835988
8,15.7,364.675433170251,59.9001522286122,138.322553787817,8.69824352747611,3.47450588865302,23.7768271665647,113.276712237858,0.0642514359990513,-0.0890004004823571,0.0423461979836485,-0.105965136222689,2.51926599831809
8,15.8,362.339852400565,59.6017021838543,138.770729787022,8.69824352747611,3.47450588865302,23.7768271665647,113.276712237858,0.0642514359990513,-0.0890004004823571,0.0423461979836485,-0.105965136222689,2.50671385910005
8,15.9,360.019229966526,59.3048969819422,139.213190660414,8.69824352747611,3.47450588865302,23.7768271665647,113.276712237858,0.0642514359990513,-0.0890004004823571,0.0423461979836485,-0.105965136222689,2.4942308982814
8,16,357.713470066779,59.0097308946866,139.649977868664,8.69824352747611,3.47450588865302,23.7768271665647,113.276712237858,0.0642514359990513,-0.0890004004823571,0.0423461979836485,-0.105965136222689,2.48181687494735
8,16.1,355.42247751353,58.7161980053226,140.081132660496,8.69824352747611,3.47450588865302,23.7768271665647,113.276712237858,0.0642514359990513,-0.0890004004823571,0.0423461979836485,-0.105965136222689,2.46947154025202
8,16.2,353.146157728624,58.4242922211144,140.50669607068,8.69824352747611,3.47450588865302,23.7768271665647,113.276712237858,0.0642514359990513,-0.0890004004823571,0.0423461979836485,-0.105965136222689,2.45719463794865
8,16.3,350.884416739632,58.1340072853017,140.926708918206,8.69824352747611,3.47450588865302,23.7768271665647,113.276712237858,0.0642514359990513,-0.0890004004823571,0.0423461979836485,-0.105965136222689,2.44498590489192
8,16.4,348.637161175978,57.8453367884196,141.341211804632,8.69824352747611,3.47450588865302,23.7768271665647,113.276712237858,0.0642514359990513,-0.0890004004823571,0.0423461979836485,-0.105965136222689,2.43284507151411
8,16.5,346.404298265083,57.5582741790243,141.750245112607,8.69824352747611,3.47450588865302,23.7768271665647,113.276712237858,0.0642514359990513,-0.0890004004823571,0.0423461979836485,-0.105965136222689,2.42077186227621
8,16.6,344.185735828532,57.2728127738562,142.153849004541,8.69824352747611,3.47450588865302,23.7768271665647,113.276712237858,0.0642514359990513,-0.0890004004823571,0.0423461979836485,-0.105965136222689,2.40876599609531
8,16.7,341.981382278272,56.9889457674674,142.552063421425,8.69824352747611,3.47450588865302,23.7768271665647,113.276712237858,0.0642514359990513,-0.0890004004823571,0.0423461979836485,-0.105965136222689,2.39682718674955
8,16.8,339.79114661283,56.7066662413419,142.9449280818,8.69824352747611,3.47450588865302,23.7768271665647,113.276712237858,0.0642514359990513,-0.0890004004823571,0.0423461979836485,-0.105965136222689,2.38495514326166
8,16.9,337.614938413557,56.4259671725342,143.332482480845,8.69824352747611,3.47450588865302,23.7768271665647,113.276712237858,0.0642514359990513,-0.0890004004823571,0.0423461979836485,-0.105965136222689,2.37314957026231
8,17,335.452667840894,56.1468414418507,143.714765889602,8.69824352747611,3.47450588865302,23.7768271665647,113.276712237858,0.0642514359990513,-0.0890004004823571,0.0423461979836485,-0.105965136222689,2.3614101683342
8,17.1,333.304245630661,55.8692818415973,144.091817354315,8.69824352747611,3.47450588865302,23.7768271665647,113.276712237858,0.0642514359990513,-0.0890004004823571,0.0423461979836485,-0.105965136222689,2.34973663433789
8,17.2,331.169583090379,55.5932810829156,144.46367569588,8.69824352747611,3.47450588865302,23.7768271665647,113.276712237858,0.0642514359990513,-0.0890004004823571,0.0423461979836485,-0.105965136222689,2.33812866172034
8,17.3,329.048592095601,55.318831802728,144.8303795094,8.69824352747611,3.47450588865302,23.7768271665647,113.276712237858,0.0642514359990513,-0.0890004004823571,0.0423461979836485,-0.105965136222689,2.32658594080703
8,17.4,326.941185086278,55.0459265703127,145.191967163849,8.69824352747611,3.47450588865302,23.7768271665647,113.276712237858,0.0642514359990513,-0.0890004004823571,0.0423461979836485,-0.105965136222689,2.31510815907848
8,17.5,324.847275063144,54.7745578935268,145.548476801813,8.69824352747611,3.47450588865302,23.7768271665647,113.276712237858,0.0642514359990513,-0.0890004004823571,0.0423461979836485,-0.105965136222689,2.30369500143197
8,17.6,322.766775584124,54.5047182246952,145.899946339342,8.69824352747611,3.47450588865302,23.7768271665647,113.276712237858,0.0642514359990513,-0.0890004004823571,0.0423461979836485,-0.105965136222689,2.29234615042921
8,17.7,320.699600760762,54.2363999661837,146.246413465865,8.69824352747611,3.47450588865302,23.7768271665647,113.276712237858,0.0642514359990513,-0.0890004004823571,0.0423461979836485,-0.105965136222689,2.28106128653077
8,17.8,318.645665254684,53.9695954756709,146.5879156442,8.69824352747611,3.47450588865302,23.7768271665647,113.276712237858,0.0642514359990513,-0.0890004004823571,0.0423461979836485,-0.105965136222689,2.26984008831775
8,17.9,316.604884274066,53.7042970711349,146.924490110629,8.69824352747611,3.47450588865302,23.7768271665647,113.276712237858,0.0642514359990513,-0.0890004004823571,0.0423461979836485,-0.105965136222689,2.25868223270154
8,18,314.577173570137,53.4404970355702,147.25617387505,8.69824352747611,3.47450588865302,23.7768271665647,113.276712237858,0.0642514359990513,-0.0890004004823571,0.0423461979836485,-0.105965136222689,2.24758739512222
8,18.1,312.562449433703,53.1781876214469,147.583003721192,8.69824352747611,3.47450588865302,23.7768271665647,113.276712237858,0.0642514359990513,-0.0890004004823571,0.0423461979836485,-0.105965136222689,2.23655524973605
8,18.2,310.560628691688,52.9173610549276,147.905016206892,8.69824352747611,3.47450588865302,23.7768271665647,113.276712237858,0.0642514359990513,-0.0890004004823571,0.0423461979836485,-0.105965136222689,2.22558546959288
8,18.3,308.571628703703,52.6580095398517,148.222247664433,8.69824352747611,3.47450588865302,23.7768271665647,113.276712237858,0.0642514359990513,-0.0890004004823571,0.0423461979836485,-0.105965136222689,2.21467772680369
8,18.4,306.595367358633,52.4001252615019,148.534734200938,8.69824352747611,3.47450588865302,23.7768271665647,113.276712237858,0.0642514359990513,-0.0890004004823571,0.0423461979836485,-0.105965136222689,2.20383169269901
8,18.5,304.631763071247,52.143700390162,148.842511698814,8.69824352747611,3.47450588865302,23.7768271665647,113.276712237858,0.0642514359990513,-0.0890004004823571,0.0423461979836485,-0.105965136222689,2.19304703797853
8,18.6,302.680734778829,51.8887270844771,149.145615816246,8.69824352747611,3.47450588865302,23.7768271665647,113.276712237858,0.0642514359990513,-0.0890004004823571,0.0423461979836485,-0.105965136222689,2.18232343285247
8,18.7,300.742201937836,51.6351974946276,149.444081987738,8.69824352747611,3.47450588865302,23.7768271665647,113.276712237858,0.0642514359990513,-0.0890004004823571,0.0423461979836485,-0.105965136222689,2.17166054717502
8,18.8,298.816084520568,51.3831037653243,149.737945424695,8.69824352747611,3.47450588865302,23.7768271665647,113.276712237858,0.0642514359990513,-0.0890004004823571,0.0423461979836485,-0.105965136222689,2.16105805057035
8,18.9,296.902303011866,51.1324380386364,150.027241116051,8.69824352747611,3.47450588865302,23.7768271665647,113.276712237858,0.0642514359990513,-0.0890004004823571,0.0423461979836485,-0.105965136222689,2.15051561255152
8,19,295.00077840583,50.8831924566583,150.312003828926,8.69824352747611,3.47450588865302,23.7768271665647,113.276712237858,0.0642514359990513,-0.0890004004823571,0.0423461979836485,-0.105965136222689,2.14003290263266
8,19.1,293.111432202557,50.6353591640263,150.592268109328,8.69824352747611,3.47450588865302,23.7768271665647,113.276712237858,0.0642514359990513,-0.0890004004823571,0.0423461979836485,-0.105965136222689,2.12960959043478
8,19.2,291.2341864049,50.3889303102902,150.868068282886,8.69824352747611,3.47450588865302,23.7768271665647,113.276712237858,0.0642514359990513,-0.0890004004823571,0.0423461979836485,-0.105965136222689,2.11924534578558
8,19.3,289.36896351525,50.1438980521493,151.139438455607,8.69824352747611,3.47450588865302,23.7768271665647,113.276712237858,0.0642514359990513,-0.0890004004823571,0.0423461979836485,-0.105965136222689,2.10893983881342
8,19.4,287.515686532331,49.9002545555586,151.406412514675,8.69824352747611,3.47450588865302,23.7768271665647,113.276712237858,0.0642514359990513,-0.0890004004823571,0.0423461979836485,-0.105965136222689,2.09869274003594
8,19.5,285.67427894803,49.6579919977129,151.669024129269,8.69824352747611,3.47450588865302,23.7768271665647,113.276712237858,0.0642514359990513,-0.0890004004823571,0.0423461979836485,-0.105965136222689,2.08850372044352
8,19.6,283.844664744231,49.4171025689136,151.927306751406,8.69824352747611,3.47450588865302,23.7768271665647,113.276712237858,0.0642514359990513,-0.0890004004823571,0.0423461979836485,-0.105965136222689,2.07837245157776
8,19.7,282.026768389679,49.1775784743263,152.181293616812,8.69824352747611,3.47450588865302,23.7768271665647,113.276712237858,0.0642514359990513,-0.0890004004823571,0.0423461979836485,-0.105965136222689,2.0682986056054
8,19.8,280.220514836866,48.9394119356329,152.431017745814,8.69824352747611,3.47450588865302,23.7768271665647,113.276712237858,0.0642514359990513,-0.0890004004823571,0.0423461979836485,-0.105965136222689,2.05828185538785
8,19.9,278.425829518924,48.7025951925844,152.676511944252,8.69824352747611,3.47450588865302,23.7768271665647,113.276712237858,0.0642514359990513,-0.0890004004823571,0.0423461979836485,-0.105965136222689,2.04832187454644
8,20,276.642638346557,48.4671205044606,152.917808804408,8.69824352747611,3.47450588865302,23.7768271665647,113.276712237858,0.0642514359990513,-0.0890004004823571,0.0423461979836485,-0.105965136222689,2.03841833752385
8,20.1,274.870867704975,48.2329801514394,153.154940705959,8.69824352747611,3.47450588865302,23.7768271665647,113.276712237858,0.0642514359990513,-0.0890004004823571,0.0423461979836485,-0.105965136222689,2.02857091964168
8,20.2,273.110444450856,48.0001664358822,153.387939816939,8.69824352747611,3.47450588865302,23.7768271665647,113.276712237858,0.0642514359990513,-0.0890004004823571,0.0423461979836485,-0.105965136222689,2.01877929715453
8,20.3,271.361295909331,47.7686716835387,153.616838094723,8.69824352747611,3.47450588865302,23.7768271665647,113.276712237858,0.0642514359990513,-0.0890004004823571,0.0423461979836485,-0.105965136222689,2.00904314730065
8,20.4,269.623349870978,47.5384882446763,153.841667287016,8.69824352747611,3.47450588865302,23.7768271665647,113.276712237858,0.0642514359990513,-0.0890004004823571,0.0423461979836485,-0.105965136222689,1.99936214834945
8,20.5,267.896534588844,47.3096084951366,154.062458932868,8.69824352747611,3.47450588865302,23.7768271665647,113.276712237858,0.0642514359990513,-0.0890004004823571,0.0423461979836485,-0.105965136222689,1.98973597964593
8,20.6,266.180778775485,47.0820248373239,154.27924436369,8.69824352747611,3.47450588865302,23.7768271665647,113.276712237858,0.0642514359990513,-0.0890004004823571,0.0423461979836485,-0.105965136222689,1.98016432165228
8,20.7,264.476011600017,46.8557297011296,154.492054704281,8.69824352747611,3.47450588865302,23.7768271665647,113.276712237858,0.0642514359990513,-0.0890004004823571,0.0423461979836485,-0.105965136222689,1.97064685598669
8,20.8,262.782162685199,46.6307155447938,154.700920873876,8.69824352747611,3.47450588865302,23.7768271665647,113.276712237858,0.0642514359990513,-0.0890004004823571,0.0423461979836485,-0.105965136222689,1.96118326545968
8,20.9,261.099162104522,46.4069748557101,154.905873587187,8.69824352747611,3.47450588865302,23.7768271665647,113.276712237858,0.0642514359990513,-0.0890004004823571,0.0423461979836485,-0.105965136222689,1.95177323410789
8,21,259.426940379326,46.1845001511747,155.106943355466,8.69824352747611,3.47450588865302,23.7768271665647,113.276712237858,0.0642514359990513,-0.0890004004823571,0.0423461979836485,-0.105965136222689,1.94241644722556
8,21.1,257.76542847593,45.9632839790829,155.304160487565,8.69824352747611,3.47450588865302,23.7768271665647,113.276712237858,0.0642514359990513,-0.0890004004823571,0.0423461979836485,-0.105965136222689,1.93311259139391
8,21.2,256.114557802782,45.7433189185768,155.497555091012,8.69824352747611,3.47450588865302,23.7768271665647,113.276712237858,0.0642514359990513,-0.0890004004823571,0.0423461979836485,-0.105965136222689,1.9238613545083
8,21.3,254.474260207629,45.5245975806458,155.687157073084,8.69824352747611,3.47450588865302,23.7768271665647,113.276712237858,0.0642514359990513,-0.0890004004823571,0.0423461979836485,-0.105965136222689,1.91466242580352
8,21.4,252.844467974699,45.3071126086825,155.872996141892,8.69824352747611,3.47450588865302,23.7768271665647,113.276712237858,0.0642514359990513,-0.0890004004823571,0.0423461979836485,-0.105965136222689,1.90551549587718
8,21.5,251.225113821913,45.0908566789968,156.055101807464,8.69824352747611,3.47450588865302,23.7768271665647,113.276712237858,0.0642514359990513,-0.0890004004823571,0.0423461979836485,-0.105965136222689,1.8964202567113
8,21.6,249.616130898101,44.8758225012903,156.233503382839,8.69824352747611,3.47450588865302,23.7768271665647,113.276712237858,0.0642514359990513,-0.0890004004823571,0.0423461979836485,-0.105965136222689,1.88737640169229
8,21.7,248.017452780245,44.662002819092,156.408229985159,8.69824352747611,3.47450588865302,23.7768271665647,113.276712237858,0.0642514359990513,-0.0890004004823571,0.0423461979836485,-0.105965136222689,1.87838362562926
8,21.8,246.429013470735,44.4493904101599,156.579310536764,8.69824352747611,3.47450588865302,23.7768271665647,113.276712237858,0.0642514359990513,-0.0890004004823571,0.0423461979836485,-0.105965136222689,1.86944162477092
8,21.9,244.850747394648,44.2379780868471,156.746773766295,8.69824352747611,3.47450588865302,23.7768271665647,113.276712237858,0.0642514359990513,-0.0890004004823571,0.0423461979836485,-0.105965136222689,1.86055009682096
8,22,243.282589397037,44.027758696437,156.91064820979,8.69824352747611,3.47450588865302,23.7768271665647,113.276712237858,0.0642514359990513,-0.0890004004823571,0.0423461979836485,-0.105965136222689,1.85170874095218
8,22.1,241.724474740244,43.8187251214476,157.070962211788,8.69824352747611,3.47450588865302,23.7768271665647,113.276712237858,0.0642514359990513,-0.0890004004823571,0.0423461979836485,-0.105965136222689,1.84291725781925
8,22.2,240.176339101224,43.6108702799076,157.227743926433,8.69824352747611,3.47450588865302,23.7768271665647,113.276712237858,0.0642514359990513,-0.0890004004823571,0.0423461979836485,-0.105965136222689,1.83417534957035
8,22.3,238.638118568895,43.4041871256046,157.381021318573,8.69824352747611,3.47450588865302,23.7768271665647,113.276712237858,0.0642514359990513,-0.0890004004823571,0.0423461979836485,-0.105965136222689,1.8254827198576
8,22.4,237.109749641495,43.1986686483084,157.530822164866,8.69824352747611,3.47450588865302,23.7768271665647,113.276712237858,0.0642514359990513,-0.0890004004823571,0.0423461979836485,-0.105965136222689,1.81683907384645
8,22.5,235.591169223962,42.9943078739695,157.677174054884,8.69824352747611,3.47450588865302,23.7768271665647,113.276712237858,0.0642514359990513,-0.0890004004823571,0.0423461979836485,-0.105965136222689,1.80824411822401
8,22.6,234.082314625329,42.791097864895,157.820104392211,8.69824352747611,3.47450588865302,23.7768271665647,113.276712237858,0.0642514359990513,-0.0890004004823571,0.0423461979836485,-0.105965136222689,1.7996975612065
8,22.7,232.583123556137,42.5890317199021,157.959640395549,8.69824352747611,3.47450588865302,23.7768271665647,113.276712237858,0.0642514359990513,-0.0890004004823571,0.0423461979836485,-0.105965136222689,1.79119911254566
8,22.8,231.093534125862,42.3881025744521,158.095809099813,8.69824352747611,3.47450588865302,23.7768271665647,113.276712237858,0.0642514359990513,-0.0890004004823571,0.0423461979836485,-0.105965136222689,1.78274848353438
8,22.9,229.613484840362,42.1883036007637,158.228637357234,8.69824352747611,3.47450588865302,23.7768271665647,113.276712237858,0.0642514359990513,-0.0890004004823571,0.0423461979836485,-0.105965136222689,1.7743453870115
8,23,228.142914599335,41.9896280079091,158.358151838454,8.69824352747611,3.47450588865302,23.7768271665647,113.276712237858,0.0642514359990513,-0.0890004004823571,0.0423461979836485,-0.105965136222689,1.76598953736584
8,23.1,226.6817626938,41.792069041892,158.484379033618,8.69824352747611,3.47450588865302,23.7768271665647,113.276712237858,0.0642514359990513,-0.0890004004823571,0.0423461979836485,-0.105965136222689,1.75768065053947
8,23.2,225.22996880359,41.5956199857096,158.607345253469,8.69824352747611,3.47450588865302,23.7768271665647,113.276712237858,0.0642514359990513,-0.0890004004823571,0.0423461979836485,-0.105965136222689,1.74941844403033
8,23.3,223.787472994861,41.4002741593991,158.727076630437,8.69824352747611,3.47450588865302,23.7768271665647,113.276712237858,0.0642514359990513,-0.0890004004823571,0.0423461979836485,-0.105965136222689,1.74120263689416
8,23.4,222.354215717617,41.2060249200692,158.843599119724,8.69824352747611,3.47450588865302,23.7768271665647,113.276712237858,0.0642514359990513,-0.0890004004823571,0.0423461979836485,-0.105965136222689,1.73303294974587
8,23.5,220.930137803253,41.0128656619183,158.956938500391,8.69824352747611,3.47450588865302,23.7768271665647,113.276712237858,0.0642514359990513,-0.0890004004823571,0.0423461979836485,-0.105965136222689,1.72490910476025
8,23.6,219.515180462114,40.8207898162396,159.067120376436,8.69824352747611,3.47450588865302,23.7768271665647,113.276712237858,0.0642514359990513,-0.0890004004823571,0.0423461979836485,-0.105965136222689,1.71683082567225
8,23.7,218.109285281064,40.6297908514134,159.174170177872,8.69824352747611,3.47450588865302,23.7768271665647,113.276712237858,0.0642514359990513,-0.0890004004823571,0.0423461979836485,-0.105965136222689,1.70879783777659
8,23.8,216.712394221077,40.4398622728889,159.278113161801,8.69824352747611,3.47450588865302,23.7768271665647,113.276712237858,0.0642514359990513,-0.0890004004823571,0.0423461979836485,-0.105965136222689,1.70080986792704
8,23.9,215.324449614841,40.2509976231538,159.378974413484,8.69824352747611,3.47450588865302,23.7768271665647,113.276712237858,0.0642514359990513,-0.0890004004823571,0.0423461979836485,-0.105965136222689,1.69286664453512
8,24,1213.94539416438,40.0631904816947,159.476778847409,8.69824352747611,3.47450588865302,23.7768271665647,113.276712237858,0.0642514359990513,-0.0890004004823571,0.0423461979836485,-0.105965136222689,1.68496789756844
9,0,0,0,0,11.2675281200107,3.47450588865302,33.4077059751243,113.276712237858,0.0582143974868909,0.169803458887771,0.382421331262933,-0.204636506284071,0
9,0,1000,0,0,11.2675281200107,3.47450588865302,33.4077059751243,113.276712237858,0.0582143974868909,0.169803458887771,0.382421331262933,-0.204636506284071,0
9,0.1,994.195471998864,5.67822979239756,0.0297435012027725,11.2675281200107,3.47450588865302,33.4077059751243,113.276712237858,0.0582143974868909,0.169803458887771,0.382421331262933,-0.204636506284071,0.169967665442986
9,0.2,988.424636543044,11.0785582331833,0.116906211354008,11.2675281200107,3.47450588865302,33.4077059751243,113.276712237858,0.0582143974868909,0.169803458887771,0.382421331262933,-0.204636506284071,0.331616850358792
9,0.3,982.687298063218,16.21334085957,0.258491112844589,11.2675281200107,3.47450588865302,33.4077059751243,113.276712237858,0.0582143974868909,0.169803458887771,0.382421331262933,-0.204636506284071,0.48531739568238
9,0.4,976.98326212525,21.0943899443713,0.451635827948601,11.2675281200107,3.47450588865302,33.4077059751243,113.276712237858,0.0582143974868909,0.169803458887771,0.382421331262933,-0.204636506284071,0.631422880699395
9,0.5,971.312335423603,25.732998349157,0.693606689855541,11.2675281200107,3.47450588865302,33.4077059751243,113.276712237858,0.0582143974868909,0.169803458887771,0.382421331262933,-0.204636506284071,0.770271337047747
9,0.6,965.674325774788,30.1399623302787,0.981793074080275,11.2675281200107,3.47450588865302,33.4077059751243,113.276712237858,0.0582143974868909,0.169803458887771,0.382421331262933,-0.204636506284071,0.902185931375272
9,0.7,960.06904211085,34.3256033437346,1.31370197882011,11.2675281200107,3.47450588865302,33.4077059751243,113.276712237858,0.0582143974868909,0.169803458887771,0.382421331262933,-0.204636506284071,1.02747561802938
9,0.8,954.496294472894,38.2997888928202,1.68695284333014,11.2675281200107,3.47450588865302,33.4077059751243,113.276712237858,0.0582143974868909,0.169803458887771,0.382421331262933,-0.204636506284071,1.14643576309426
9,0.9,948.955894004646,42.0719524605862,2.09927259386774,11.2675281200107,3.47450588865302,33.4077059751243,113.276712237858,0.0582143974868909,0.169803458887771,0.382421331262933,-0.204636506284071,1.25934874103338
9,1,943.447652946053,45.6511125672777,2.5484909072159,11.2675281200107,3.47450588865302,33.4077059751243,113.276712237858,0.0582143974868909,0.169803458887771,0.382421331262933,-0.204636506284071,1.36648450513992
9,1.1,937.971384626922,49.0458909911666,3.03253568223338,11.2675281200107,3.47450588865302,33.4077059751243,113.276712237858,0.0582143974868909,0.169803458887771,0.382421331262933,-0.204636506284071,1.4681011329448
9,1.2,932.526903460591,52.2645301895026,3.54942871029941,11.2675281200107,3.47450588865302,33.4077059751243,113.276712237858,0.0582143974868909,0.169803458887771,0.382421331262933,-0.204636506284071,1.56444534768174
9,1.3,927.114024937642,55.3149099546957,4.09728153592104,11.2675281200107,3.47450588865302,33.4077059751243,113.276712237858,0.0582143974868909,0.169803458887771,0.382421331262933,-0.204636506284071,1.65575301686035
9,1.4,921.732565619645,58.2045633393018,4.674291499155,11.2675281200107,3.47450588865302,33.4077059751243,113.276712237858,0.0582143974868909,0.169803458887771,0.382421331262933,-0.204636506284071,1.74224962895212
9,1.5,916.382343132948,60.9406918819102,5.27873795186216,11.2675281200107,3.47450588865302,33.4077059751243,113.276712237858,0.0582143974868909,0.169803458887771,0.382421331262933,-0.204636506284071,1.82415074915013
9,1.6,911.063176162486,63.530180164621,5.90897864016305,11.2675281200107,3.47450588865302,33.4077059751243,113.276712237858,0.0582143974868909,0.169803458887771,0.382421331262933,-0.204636506284071,1.90166245512117
9,1.7,905.774884445647,65.9796097314548,6.56344624579818,11.2675281200107,3.47450588865302,33.4077059751243,113.276712237858,0.0582143974868909,0.169803458887771,0.382421331262933,-0.204636506284071,1.97498175362846
9,1.8,900.517288766157,68.2952723957489,7.24064507941671,11.2675281200107,3.47450588865302,33.4077059751243,113.276712237858,0.0582143974868909,0.169803458887771,0.382421331262933,-0.204636506284071,2.04429697886477
9,1.9,895.290210948007,70.4831829633612,7.93914791912391,11.2675281200107,3.47450588865302,33.4077059751243,113.276712237858,0.0582143974868909,0.169803458887771,0.382421331262933,-0.204636506284071,2.10978817329881
9,2,890.093473849417,72.5490913973271,8.65759298790996,11.2675281200107,3.47450588865302,33.4077059751243,113.276712237858,0.0582143974868909,0.169803458887771,0.382421331262933,-0.204636506284071,2.17162745180253
9,2.1,884.92690135683,74.4984944484896,9.39468106386316,11.2675281200107,3.47450588865302,33.4077059751243,113.276712237858,0.0582143974868909,0.169803458887771,0.382421331262933,-0.204636506284071,2.22997934979319
9,2.2,879.790318378945,76.3366467755434,10.1491727173379,11.2675281200107,3.47450588865302,33.4077059751243,113.276712237858,0.0582143974868909,0.169803458887771,0.382421331262933,-0.204636506284071,2.28500115609208
9,2.3,874.683550840787,78.0685715769079,10.9198856695038,11.2675281200107,3.47450588865302,33.4077059751243,113.276712237858,0.0582143974868909,0.169803458887771,0.382421331262933,-0.204636506284071,2.33684323117064
9,2.4,869.606425677799,79.6990707558592,11.7056922669473,11.2675281200107,3.47450588865302,33.4077059751243,113.276712237858,0.0582143974868909,0.169803458887771,0.382421331262933,-0.204636506284071,2.38564931142546
9,2.5,864.558770829984,81.2327346394089,12.50551706723,11.2675281200107,3.47450588865302,33.4077059751243,113.276712237858,0.0582143974868909,0.169803458887771,0.382421331262933,-0.204636506284071,2.43155680009563
9,2.6,859.540415236074,82.6739512705203,13.3183345305336,11.2675281200107,3.47450588865302,33.4077059751243,113.276712237858,0.0582143974868909,0.169803458887771,0.382421331262933,-0.204636506284071,2.47469704540863
9,2.7,854.551188827729,84.0269152923915,14.1431668127328,11.2675281200107,3.47450588865302,33.4077059751243,113.276712237858,0.0582143974868909,0.169803458887771,0.382421331262933,-0.204636506284071,2.51519560651542
9,2.8,849.590922523774,85.2956364427124,14.9790816554434,11.2675281200107,3.47450588865302,33.4077059751243,113.276712237858,0.0582143974868909,0.169803458887771,0.382421331262933,-0.204636506284071,2.55317250775089
9,2.9,844.659448224474,86.4839476750182,15.8251903687889,11.2675281200107,3.47450588865302,33.4077059751243,113.276712237858,0.0582143974868909,0.169803458887771,0.382421331262933,-0.204636506284071,2.58874248173206
9,3,839.756598805831,87.5955129235074,16.6806459028132,11.2675281200107,3.47450588865302,33.4077059751243,113.276712237858,0.0582143974868909,0.169803458887771,0.382421331262933,-0.204636506284071,2.62201520178404
9,3.1,834.882208113924,88.633834526977,17.5446410036496,11.2675281200107,3.47450588865302,33.4077059751243,113.276712237858,0.0582143974868909,0.169803458887771,0.382421331262933,-0.204636506284071,2.65309550416226
9,3.2,830.036110959277,89.6022603268386,18.4164064507232,11.2675281200107,3.47450588865302,33.4077059751243,113.276712237858,0.0582143974868909,0.169803458887771,0.382421331262933,-0.204636506284071,2.68208360051892
9,3.3,825.21814311126,90.5039904535227,19.2952093714294,11.2675281200107,3.47450588865302,33.4077059751243,113.276712237858,0.0582143974868909,0.169803458887771,0.382421331262933,-0.204636506284071,2.70907528104183
9,3.4,820.428141292526,91.3420838149494,20.1803516298881,11.2675281200107,3.47450588865302,33.4077059751243,113.276712237858,0.0582143974868909,0.169803458887771,0.382421331262933,-0.204636506284071,2.73416210867528
9,3.5,815.665943173473,92.1194643001467,21.0711682865189,11.2675281200107,3.47450588865302,33.4077059751243,113.276712237858,0.0582143974868909,0.169803458887771,0.382421331262933,-0.204636506284071,2.75743160481417
9,3.6,810.93138736675,92.8389267105179,21.9670261253309,11.2675281200107,3.47450588865302,33.4077059751243,113.276712237858,0.0582143974868909,0.169803458887771,0.382421331262933,-0.204636506284071,2.77896742684597
9,3.7,806.22431342178,93.5031424307159,22.8673222459513,11.2675281200107,3.47450588865302,33.4077059751243,113.276712237858,0.0582143974868909,0.169803458887771,0.382421331262933,-0.204636506284071,2.79884953789821
9,3.8,801.544561819327,94.1146648505549,23.7714827175518,11.2675281200107,3.47450588865302,33.4077059751243,113.276712237858,0.0582143974868909,0.169803458887771,0.382421331262933,-0.204636506284071,2.81715436913369
9,3.9,796.891973966088,94.6759345488876,24.6789612919553,11.2675281200107,3.47450588865302,33.4077059751243,113.276712237858,0.0582143974868909,0.169803458887771,0.382421331262933,-0.204636506284071,2.83395497492059
9,4,792.266392189322,95.1892842498985,25.5892381733238,11.2675281200107,3.47450588865302,33.4077059751243,113.276712237858,0.0582143974868909,0.169803458887771,0.382421331262933,-0.204636506284071,2.84932118119028
9,4.1,787.6676597315,95.6569435618024,26.5018188419427,11.2675281200107,3.47450588865302,33.4077059751243,113.276712237858,0.0582143974868909,0.169803458887771,0.382421331262933,-0.204636506284071,2.86331972728177
9,4.2,783.095620745,96.081043507502,27.4162329297282,11.2675281200107,3.47450588865302,33.4077059751243,113.276712237858,0.0582143974868909,0.169803458887771,0.382421331262933,-0.204636506284071,2.87601440155888
9,4.3,778.550120286819,96.4636208563351,28.332033145185,11.2675281200107,3.47450588865302,33.4077059751243,113.276712237858,0.0582143974868909,0.169803458887771,0.382421331262933,-0.204636506284071,2.88746617107332
9,4.4,774.031004313326,96.8066222656455,29.2487942456431,11.2675281200107,3.47450588865302,33.4077059751243,113.276712237858,0.0582143974868909,0.169803458887771,0.382421331262933,-0.204636506284071,2.89773330553522
9,4.5,769.538119675042,97.1119082405238,30.1661120546989,11.2675281200107,3.47450588865302,33.4077059751243,113.276712237858,0.0582143974868909,0.169803458887771,0.382421331262933,-0.204636506284071,2.90687149584094
9,4.6,765.071314111447,97.3812569197024,31.0836025228749,11.2675281200107,3.47450588865302,33.4077059751243,113.276712237858,0.0582143974868909,0.169803458887771,0.382421331262933,-0.204636506284071,2.91493396739703
9,4.7,760.630436245822,97.6163676952341,32.0009008296004,11.2675281200107,3.47450588865302,33.4077059751243,113.276712237858,0.0582143974868909,0.169803458887771,0.382421331262933,-0.204636506284071,2.92197158846885
9,4.8,756.215335580117,97.8188646732528,32.9176605246982,11.2675281200107,3.47450588865302,33.4077059751243,113.276712237858,0.0582143974868909,0.169803458887771,0.382421331262933,-0.204636506284071,2.92803297377227
9,4.9,751.825862489854,97.9902999827917,33.8335527076446,11.2675281200107,3.47450588865302,33.4077059751243,113.276712237858,0.0582143974868909,0.169803458887771,0.382421331262933,-0.204636506284071,2.93316458351724
9,5,747.461868219053,98.1321569393283,34.7482652429412,11.2675281200107,3.47450588865302,33.4077059751243,113.276712237858,0.0582143974868909,0.169803458887771,0.382421331262933,-0.204636506284071,2.93741081810282
9,5.1,743.123204875194,98.2458530694357,35.6615020100153,11.2675281200107,3.47450588865302,33.4077059751243,113.276712237858,0.0582143974868909,0.169803458887771,0.382421331262933,-0.204636506284071,2.94081410865477
9,5.2,738.809725424203,98.332743002635,36.5729821861308,11.2675281200107,3.47450588865302,33.4077059751243,113.276712237858,0.0582143974868909,0.169803458887771,0.382421331262933,-0.204636506284071,2.94341500358794
9,5.3,734.521283685466,98.39412123628,37.4824395608615,11.2675281200107,3.47450588865302,33.4077059751243,113.276712237858,0.0582143974868909,0.169803458887771,0.382421331262933,-0.204636506284071,2.94525225136815
9,5.4,730.257734326884,98.4312247790476,38.3896218807398,11.2675281200107,3.47450588865302,33.4077059751243,113.276712237858,0.0582143974868909,0.169803458887771,0.382421331262933,-0.204636506284071,2.94636287964042
9,5.5,726.018932859938,98.4452356783627,39.294290222756,11.2675281200107,3.47450588865302,33.4077059751243,113.276712237858,0.0582143974868909,0.169803458887771,0.382421331262933,-0.204636506284071,2.94678227088284
9,5.6,721.804735634797,98.437283436853,40.1962183954412,11.2675281200107,3.47450588865302,33.4077059751243,113.276712237858,0.0582143974868909,0.169803458887771,0.382421331262933,-0.204636506284071,2.94654423473885
9,5.7,717.614999835453,98.408447322705,41.0951923663231,11.2675281200107,3.47450588865302,33.4077059751243,113.276712237858,0.0582143974868909,0.169803458887771,0.382421331262933,-0.204636506284071,2.94568107717366
9,5.8,713.449583474873,98.3597585785791,41.991009714595,11.2675281200107,3.47450588865302,33.4077059751243,113.276712237858,0.0582143974868909,0.169803458887771,0.382421331262933,-0.204636506284071,2.94422366659414
9,5.9,709.308345390194,98.2922025335366,42.8834791078924,11.2675281200107,3.47450588865302,33.4077059751243,113.276712237858,0.0582143974868909,0.169803458887771,0.382421331262933,-0.204636506284071,2.94220149706556
9,6,705.191145237938,98.2067206222362,43.7724198021174,11.2675281200107,3.47450588865302,33.4077059751243,113.276712237858,0.0582143974868909,0.169803458887771,0.382421331262933,-0.204636506284071,2.9396427487527
9,6.1,701.097843489251,98.1042123154719,44.6576611632995,11.2675281200107,3.47450588865302,33.4077059751243,113.276712237858,0.0582143974868909,0.169803458887771,0.382421331262933,-0.204636506284071,2.93657434570699
9,6.2,697.028301425182,97.985536965942,45.5390422105233,11.2675281200107,3.47450588865302,33.4077059751243,113.276712237858,0.0582143974868909,0.169803458887771,0.382421331262933,-0.204636506284071,2.93302201111633
9,6.3,692.982381131975,97.8515155729735,46.4164111790007,11.2675281200107,3.47450588865302,33.4077059751243,113.276712237858,0.0582143974868909,0.169803458887771,0.382421331262933,-0.204636506284071,2.92901032012898
9,6.4,688.959945496401,97.7029324697572,47.2896251024,11.2675281200107,3.47450588865302,33.4077059751243,113.276712237858,0.0582143974868909,0.169803458887771,0.382421331262933,-0.204636506284071,2.92456275035789
9,6.5,684.960858201106,97.5405369364961,48.1585494135876,11.2675281200107,3.47450588865302,33.4077059751243,113.276712237858,0.0582143974868909,0.169803458887771,0.382421331262933,-0.204636506284071,2.91970173016746
9,6.6,680.984983719996,97.3650447427202,49.0230575629734,11.2675281200107,3.47450588865302,33.4077059751243,113.276712237858,0.0582143974868909,0.169803458887771,0.382421331262933,-0.204636506284071,2.91444868483994
9,6.7,677.03218731364,97.177139621876,49.8830306536868,11.2675281200107,3.47450588865302,33.4077059751243,113.276712237858,0.0582143974868909,0.169803458887771,0.382421331262933,-0.204636506284071,2.90882408071465
9,6.8,673.102335024708,96.9774746811645,50.738357092843,11.2675281200107,3.47450588865302,33.4077059751243,113.276712237858,0.0582143974868909,0.169803458887771,0.382421331262933,-0.204636506284071,2.90284746738896
9,6.9,669.195293673427,96.7666737494703,51.5889322581948,11.2675281200107,3.47450588865302,33.4077059751243,113.276712237858,0.0582143974868909,0.169803458887771,0.382421331262933,-0.204636506284071,2.89653751806616
9,7,665.310930853072,96.5453326660993,52.4346581794916,11.2675281200107,3.47450588865302,33.4077059751243,113.276712237858,0.0582143974868909,0.169803458887771,0.382421331262933,-0.204636506284071,2.88991206813147
9,7.1,661.449114925473,96.3140205129236,53.2754432339019,11.2675281200107,3.47450588865302,33.4077059751243,113.276712237858,0.0582143974868909,0.169803458887771,0.382421331262933,-0.204636506284071,2.88298815203415
9,7.2,657.609715016562,96.0732807924183,54.1112018548799,11.2675281200107,3.47450588865302,33.4077059751243,113.276712237858,0.0582143974868909,0.169803458887771,0.382421331262933,-0.204636506284071,2.87578203854989
9,7.3,653.792601011929,95.8236325539646,54.9418542538861,11.2675281200107,3.47450588865302,33.4077059751243,113.276712237858,0.0582143974868909,0.169803458887771,0.382421331262933,-0.204636506284071,2.86830926449472
9,7.4,649.99764355242,95.5655714706918,55.7673261543977,11.2675281200107,3.47450588865302,33.4077059751243,113.276712237858,0.0582143974868909,0.169803458887771,0.382421331262933,-0.204636506284071,2.86058466695831
9,7.5,646.224714029748,95.2995708690279,56.5875485376682,11.2675281200107,3.47450588865302,33.4077059751243,113.276712237858,0.0582143974868909,0.169803458887771,0.382421331262933,-0.204636506284071,2.85262241412173
9,7.6,642.473684582136,95.0260827130364,57.4024573997198,11.2675281200107,3.47450588865302,33.4077059751243,113.276712237858,0.0582143974868909,0.169803458887771,0.382421331262933,-0.204636506284071,2.84443603472187
9,7.7,638.744428089987,94.7455385455233,58.2119935190762,11.2675281200107,3.47450588865302,33.4077059751243,113.276712237858,0.0582143974868909,0.169803458887771,0.382421331262933,-0.204636506284071,2.83603844622171
9,7.8,635.036818171569,94.4583503878116,59.0161022347628,11.2675281200107,3.47450588865302,33.4077059751243,113.276712237858,0.0582143974868909,0.169803458887771,0.382421331262933,-0.204636506284071,2.82744198174356
9,7.9,631.35072917874,94.1649116000002,59.8147332341238,11.2675281200107,3.47450588865302,33.4077059751243,113.276712237858,0.0582143974868909,0.169803458887771,0.382421331262933,-0.204636506284071,2.81865841581928
9,8,627.686036192684,93.8655977034381,60.6078403500245,11.2675281200107,3.47450588865302,33.4077059751243,113.276712237858,0.0582143974868909,0.169803458887771,0.382421331262933,-0.204636506284071,2.80969898900965
9,8.1,624.042615019682,93.5607671670768,61.3953813670266,11.2675281200107,3.47450588865302,33.4077059751243,113.276712237858,0.0582143974868909,0.169803458887771,0.382421331262933,-0.204636506284071,2.80057443144235
9,8.2,620.420342186898,93.2507621592835,62.1773178361417,11.2675281200107,3.47450588865302,33.4077059751243,113.276712237858,0.0582143974868909,0.169803458887771,0.382421331262933,-0.204636506284071,2.79129498531623
9,8.3,616.8190949382,92.9359092666333,62.9536148977873,11.2675281200107,3.47450588865302,33.4077059751243,113.276712237858,0.0582143974868909,0.169803458887771,0.382421331262933,-0.204636506284071,2.78187042641702
9,8.4,613.238751229996,92.616520181129,63.7242411125832,11.2675281200107,3.47450588865302,33.4077059751243,113.276712237858,0.0582143974868909,0.169803458887771,0.382421331262933,-0.204636506284071,2.77231008468801
9,8.5,609.6791897271,92.2928923572348,64.4891682996445,11.2675281200107,3.47450588865302,33.4077059751243,113.276712237858,0.0582143974868909,0.169803458887771,0.382421331262933,-0.204636506284071,2.76262286389724
9,8.6,606.14028979862,91.9653096400501,65.2483713820426,11.2675281200107,3.47450588865302,33.4077059751243,113.276712237858,0.0582143974868909,0.169803458887771,0.382421331262933,-0.204636506284071,2.75281726044071
9,8.7,602.621931513867,91.6340428658888,66.0018282391167,11.2675281200107,3.47450588865302,33.4077059751243,113.276712237858,0.0582143974868909,0.169803458887771,0.382421331262933,-0.204636506284071,2.74290138131964
9,8.8,599.123995638296,91.2993504364763,66.7495195653377,11.2675281200107,3.47450588865302,33.4077059751243,113.276712237858,0.0582143974868909,0.169803458887771,0.382421331262933,-0.204636506284071,2.73288296132811
9,8.9,595.646363629461,90.9614788679226,67.491428735434,11.2675281200107,3.47450588865302,33.4077059751243,113.276712237858,0.0582143974868909,0.169803458887771,0.382421331262933,-0.204636506284071,2.72276937948548
9,9,592.188917632999,90.620663315579,68.2275416755053,11.2675281200107,3.47450588865302,33.4077059751243,113.276712237858,0.0582143974868909,0.169803458887771,0.382421331262933,-0.204636506284071,2.71256767474714
9,9.1,588.751540478636,90.2771280758364,68.957846739861,11.2675281200107,3.47450588865302,33.4077059751243,113.276712237858,0.0582143974868909,0.169803458887771,0.382421331262933,-0.204636506284071,2.70228456102487
9,9.2,585.334115676216,89.9310870658782,69.6823345933305,11.2675281200107,3.47450588865302,33.4077059751243,113.276712237858,0.0582143974868909,0.169803458887771,0.382421331262933,-0.204636506284071,2.6919264415474
9,9.3,581.936527411754,89.5827442823552,70.4009980988061,11.2675281200107,3.47450588865302,33.4077059751243,113.276712237858,0.0582143974868909,0.169803458887771,0.382421331262933,-0.204636506284071,2.68149942259009
9,9.4,578.558660543508,89.2322942399086,71.1138322097881,11.2675281200107,3.47450588865302,33.4077059751243,113.276712237858,0.0582143974868909,0.169803458887771,0.382421331262933,-0.204636506284071,2.67100932660123
9,9.5,575.200400598084,88.8799223904245,71.8208338677114,11.2675281200107,3.47450588865302,33.4077059751243,113.276712237858,0.0582143974868909,0.169803458887771,0.382421331262933,-0.204636506284071,2.66046170475176
9,9.6,571.861633766548,88.5258055238677,72.5220019038443,11.2675281200107,3.47450588865302,33.4077059751243,113.276712237858,0.0582143974868909,0.169803458887771,0.382421331262933,-0.204636506284071,2.64986184893345
9,9.7,568.542246900575,88.1701121515017,73.2173369455574,11.2675281200107,3.47450588865302,33.4077059751243,113.276712237858,0.0582143974868909,0.169803458887771,0.382421331262933,-0.204636506284071,2.63921480322995
9,9.8,565.242127508612,87.813002872269,73.9068413267716,11.2675281200107,3.47450588865302,33.4077059751243,113.276712237858,0.0582143974868909,0.169803458887771,0.382421331262933,-0.204636506284071,2.62852537488373
9,9.9,561.961163752067,87.4546307230718,74.5905190024001,11.2675281200107,3.47450588865302,33.4077059751243,113.276712237858,0.0582143974868909,0.169803458887771,0.382421331262933,-0.204636506284071,2.61779814478107
9,10,558.699244441517,87.0951415136584,75.2683754666099,11.2675281200107,3.47450588865302,33.4077059751243,113.276712237858,0.0582143974868909,0.169803458887771,0.382421331262933,-0.204636506284071,2.60703747747632
9,10.1,555.456259032943,86.734674146792,75.940417674734,11.2675281200107,3.47450588865302,33.4077059751243,113.276712237858,0.0582143974868909,0.169803458887771,0.382421331262933,-0.204636506284071,2.59624753077555
9,10.2,552.23209762398,86.3733609243486,76.6066539686729,11.2675281200107,3.47450588865302,33.4077059751243,113.276712237858,0.0582143974868909,0.169803458887771,0.382421331262933,-0.204636506284071,2.5854322648991
9,10.3,549.026650950196,86.0113278399605,77.2670940056349,11.2675281200107,3.47450588865302,33.4077059751243,113.276712237858,0.0582143974868909,0.169803458887771,0.382421331262933,-0.204636506284071,2.57459545124126
9,10.4,545.839810381385,85.648694858797,77.9217486900641,11.2675281200107,3.47450588865302,33.4077059751243,113.276712237858,0.0582143974868909,0.169803458887771,0.382421331262933,-0.204636506284071,2.56374068074509
9,10.5,542.671467917892,85.285576185047,78.570630108619,11.2675281200107,3.47450588865302,33.4077059751243,113.276712237858,0.0582143974868909,0.169803458887771,0.382421331262933,-0.204636506284071,2.55287137190897
9,10.6,539.521516186945,84.9220805176434,79.2137514680661,11.2675281200107,3.47450588865302,33.4077059751243,113.276712237858,0.0582143974868909,0.169803458887771,0.382421331262933,-0.204636506284071,2.54199077844128
9,10.7,536.389848439023,84.5583112947448,79.8511270359602,11.2675281200107,3.47450588865302,33.4077059751243,113.276712237858,0.0582143974868909,0.169803458887771,0.382421331262933,-0.204636506284071,2.53110199657851
9,10.8,533.276358544234,84.1943669274699,80.4827720839895,11.2675281200107,3.47450588865302,33.4077059751243,113.276712237858,0.0582143974868909,0.169803458887771,0.382421331262933,-0.204636506284071,2.52020797208171
9,10.9,530.18094098872,83.8303410233537,81.1087028338669,11.2675281200107,3.47450588865302,33.4077059751243,113.276712237858,0.0582143974868909,0.169803458887771,0.382421331262933,-0.204636506284071,2.50931150692522
9,11,527.103490871082,83.4663225999802,81.7289364056561,11.2675281200107,3.47450588865302,33.4077059751243,113.276712237858,0.0582143974868909,0.169803458887771,0.382421331262933,-0.204636506284071,2.4984152656914
9,11.1,524.043903898825,83.1023962892203,82.3434907684261,11.2675281200107,3.47450588865302,33.4077059751243,113.276712237858,0.0582143974868909,0.169803458887771,0.382421331262933,-0.204636506284071,2.48752178168412
9,11.2,521.002076384819,82.7386425324875,82.9523846931295,11.2675281200107,3.47450588865302,33.4077059751243,113.276712237858,0.0582143974868909,0.169803458887771,0.382421331262933,-0.204636506284071,2.4766334627734
9,11.3,517.977905243794,82.3751377674085,83.5556377076088,11.2675281200107,3.47450588865302,33.4077059751243,113.276712237858,0.0582143974868909,0.169803458887771,0.382421331262933,-0.204636506284071,2.46575259698304
9,11.4,514.971287988837,82.0119546062816,84.1532700536352,11.2675281200107,3.47450588865302,33.4077059751243,113.276712237858,0.0582143974868909,0.169803458887771,0.382421331262933,-0.204636506284071,2.45488135783249
9,11.5,511.982122727924,81.649162006687,84.7453026458916,11.2675281200107,3.47450588865302,33.4077059751243,113.276712237858,0.0582143974868909,0.169803458887771,0.382421331262933,-0.204636506284071,2.44402180944372
9,11.6,509.010308160469,81.2868254345916,85.3317570328136,11.2675281200107,3.47450588865302,33.4077059751243,113.276712237858,0.0582143974868909,0.169803458887771,0.382421331262933,-0.204636506284071,2.43317591142351
9,11.7,506.055743573885,80.9250070202788,85.9126553592058,11.2675281200107,3.47450588865302,33.4077059751243,113.276712237858,0.0582143974868909,0.169803458887771,0.382421331262933,-0.204636506284071,2.4223455235309
9,11.8,503.118328840175,80.5637657074174,86.4880203305574,11.2675281200107,3.47450588865302,33.4077059751243,113.276712237858,0.0582143974868909,0.169803458887771,0.382421331262933,-0.204636506284071,2.41153241013933
9,11.9,500.197964412537,80.2031573955722,87.0578751789795,11.2675281200107,3.47450588865302,33.4077059751243,113.276712237858,0.0582143974868909,0.169803458887771,0.382421331262933,-0.204636506284071,2.4007382445024
9,12,497.294551321994,79.8432350764432,87.622243630694,11.2675281200107,3.47450588865302,33.4077059751243,113.276712237858,0.0582143974868909,0.169803458887771,0.382421331262933,-0.204636506284071,2.389964612832
9,12.1,494.407991174033,79.4840489641091,88.1811498750061,11.2675281200107,3.47450588865302,33.4077059751243,113.276712237858,0.0582143974868909,0.169803458887771,0.382421331262933,-0.204636506284071,2.37921301819687
9,12.2,491.538186145278,79.1256466195387,88.7346185346936,11.2675281200107,3.47450588865302,33.4077059751243,113.276712237858,0.0582143974868909,0.169803458887771,0.382421331262933,-0.204636506284071,2.36848488424966
9,12.3,488.68503898017,78.7680730696213,89.2826746377514,11.2675281200107,3.47450588865302,33.4077059751243,113.276712237858,0.0582143974868909,0.169803458887771,0.382421331262933,-0.204636506284071,2.35778155878985
9,12.4,485.848452987674,78.4113709209574,89.8253435904316,11.2675281200107,3.47450588865302,33.4077059751243,113.276712237858,0.0582143974868909,0.169803458887771,0.382421331262933,-0.204636506284071,2.34710431716992
9,12.5,483.028332037998,78.0555804686396,90.3626511515205,11.2675281200107,3.47450588865302,33.4077059751243,113.276712237858,0.0582143974868909,0.169803458887771,0.382421331262933,-0.204636506284071,2.33645436555149
9,12.6,480.224580559342,77.7007398002433,90.8946234078003,11.2675281200107,3.47450588865302,33.4077059751243,113.276712237858,0.0582143974868909,0.169803458887771,0.382421331262933,-0.204636506284071,2.32583284401809
9,12.7,477.437103534651,77.3468848952381,91.4212867506409,11.2675281200107,3.47450588865302,33.4077059751243,113.276712237858,0.0582143974868909,0.169803458887771,0.382421331262933,-0.204636506284071,2.31524082955087
9,12.8,474.665806498403,76.9940497200211,91.9426678536731,11.2675281200107,3.47450588865302,33.4077059751243,113.276712237858,0.0582143974868909,0.169803458887771,0.382421331262933,-0.204636506284071,2.30467933887324
9,12.9,471.910595533402,76.6422663187634,92.4587936514951,11.2675281200107,3.47450588865302,33.4077059751243,113.276712237858,0.0582143974868909,0.169803458887771,0.382421331262933,-0.204636506284071,2.29414933117024
9,13,469.171377267596,76.2915649002551,92.9696913193669,11.2675281200107,3.47450588865302,33.4077059751243,113.276712237858,0.0582143974868909,0.169803458887771,0.382421331262933,-0.204636506284071,2.28365171068803
9,13.1,466.448058870914,75.941973920923,93.475388253848,11.2675281200107,3.47450588865302,33.4077059751243,113.276712237858,0.0582143974868909,0.169803458887771,0.382421331262933,-0.204636506284071,2.2731873292189
9,13.2,463.740548052123,75.593520164191,93.9759120543385,11.2675281200107,3.47450588865302,33.4077059751243,113.276712237858,0.0582143974868909,0.169803458887771,0.382421331262933,-0.204636506284071,2.26275698847681
9,13.3,461.048753055692,75.2462288163413,94.4712905054811,11.2675281200107,3.47450588865302,33.4077059751243,113.276712237858,0.0582143974868909,0.169803458887771,0.382421331262933,-0.204636506284071,2.25236144236813
9,13.4,458.372582658692,74.9001235390327,94.9615515603885,11.2675281200107,3.47450588865302,33.4077059751243,113.276712237858,0.0582143974868909,0.169803458887771,0.382421331262933,-0.204636506284071,2.24200139916234
9,13.5,455.711946167696,74.5552265386212,95.4467233246579,11.2675281200107,3.47450588865302,33.4077059751243,113.276712237858,0.0582143974868909,0.169803458887771,0.382421331262933,-0.204636506284071,2.23167752356704
9,13.6,453.066753415714,74.2115586324234,95.9268340411382,11.2675281200107,3.47450588865302,33.4077059751243,113.276712237858,0.0582143974868909,0.169803458887771,0.382421331262933,-0.204636506284071,2.22139043871142
9,13.7,450.436914759129,73.8691393120582,96.4019120754172,11.2675281200107,3.47450588865302,33.4077059751243,113.276712237858,0.0582143974868909,0.169803458887771,0.382421331262933,-0.204636506284071,2.21114072804227
9,13.8,447.822341074664,73.5279868039933,96.8719859019956,11.2675281200107,3.47450588865302,33.4077059751243,113.276712237858,0.0582143974868909,0.169803458887771,0.382421331262933,-0.204636506284071,2.20092893713633
9,13.9,445.222943756362,73.1881181274214,97.3370840911192,11.2675281200107,3.47450588865302,33.4077059751243,113.276712237858,0.0582143974868909,0.169803458887771,0.382421331262933,-0.204636506284071,2.19075557543275
9,14,442.63863471258,72.8495491495811,97.7972352962377,11.2675281200107,3.47450588865302,33.4077059751243,113.276712237858,0.0582143974868909,0.169803458887771,0.382421331262933,-0.204636506284071,2.18062111788896
9,14.1,440.069326363006,72.512294638637,98.2524682420648,11.2675281200107,3.47450588865302,33.4077059751243,113.276712237858,0.0582143974868909,0.169803458887771,0.382421331262933,-0.204636506284071,2.17052600656359
9,14.2,437.514931635691,72.1763683142245,98.7028117132112,11.2675281200107,3.47450588865302,33.4077059751243,113.276712237858,0.0582143974868909,0.169803458887771,0.382421331262933,-0.204636506284071,2.16047065212942
9,14.3,434.975363964097,71.8417828957625,99.1482945433657,11.2675281200107,3.47450588865302,33.4077059751243,113.276712237858,0.0582143974868909,0.169803458887771,0.382421331262933,-0.204636506284071,2.15045543531952
9,14.4,432.450537284163,71.5085501486328,99.5889456049997,11.2675281200107,3.47450588865302,33.4077059751243,113.276712237858,0.0582143974868909,0.169803458887771,0.382421331262933,-0.204636506284071,2.1404807083096
9,14.5,429.940366031391,71.1766809283183,100.024793799573,11.2675281200107,3.47450588865302,33.4077059751243,113.276712237858,0.0582143974868909,0.169803458887771,0.382421331262933,-0.204636506284071,2.13054679603913
9,14.6,427.444765137943,70.8461852225914,100.455868048216,11.2675281200107,3.47450588865302,33.4077059751243,113.276712237858,0.0582143974868909,0.169803458887771,0.382421331262933,-0.204636506284071,2.12065399747424
9,14.7,424.963650029761,70.5170721918371,100.882197282871,11.2675281200107,3.47450588865302,33.4077059751243,113.276712237858,0.0582143974868909,0.169803458887771,0.382421331262933,-0.204636506284071,2.1108025868147
9,14.8,422.496936623699,70.1893502075931,101.303810437869,11.2675281200107,3.47450588865302,33.4077059751243,113.276712237858,0.0582143974868909,0.169803458887771,0.382421331262933,-0.204636506284071,2.10099281464752
9,14.9,420.044541324672,69.8630268893853,101.720736441922,11.2675281200107,3.47450588865302,33.4077059751243,113.276712237858,0.0582143974868909,0.169803458887771,0.382421331262933,-0.204636506284071,2.09122490904961
9,15,417.606381022829,69.5381091399339,102.133004210517,11.2675281200107,3.47450588865302,33.4077059751243,113.276712237858,0.0582143974868909,0.169803458887771,0.382421331262933,-0.204636506284071,2.08149907664156
9,15.1,415.182373090729,69.2146031788008,102.540642638687,11.2675281200107,3.47450588865302,33.4077059751243,113.276712237858,0.0582143974868909,0.169803458887771,0.382421331262933,-0.204636506284071,2.07181550359485
9,15.2,412.772435380546,68.8925145745482,102.943680594152,11.2675281200107,3.47450588865302,33.4077059751243,113.276712237858,0.0582143974868909,0.169803458887771,0.382421331262933,-0.204636506284071,2.06217435659444
9,15.3,410.376486221283,68.571848275472,103.342146910796,11.2675281200107,3.47450588865302,33.4077059751243,113.276712237858,0.0582143974868909,0.169803458887771,0.382421331262933,-0.204636506284071,2.05257578375873
9,15.4,407.994444416004,68.2526086389744,103.736070382492,11.2675281200107,3.47450588865302,33.4077059751243,113.276712237858,0.0582143974868909,0.169803458887771,0.382421331262933,-0.204636506284071,2.04301991551877
9,15.5,405.626229239083,67.9347994596345,104.125479757228,11.2675281200107,3.47450588865302,33.4077059751243,113.276712237858,0.0582143974868909,0.169803458887771,0.382421331262933,-0.204636506284071,2.03350686545851
9,15.6,403.27176043347,67.6184239960345,104.510403731547,11.2675281200107,3.47450588865302,33.4077059751243,113.276712237858,0.0582143974868909,0.169803458887771,0.382421331262933,-0.204636506284071,2.02403673111778
9,15.7,400.930958207966,67.3034849963957,104.890870945274,11.2675281200107,3.47450588865302,33.4077059751243,113.276712237858,0.0582143974868909,0.169803458887771,0.382421331262933,-0.204636506284071,2.01460959475968
9,15.8,398.603743234526,66.9899847230776,105.266909976515,11.2675281200107,3.47450588865302,33.4077059751243,113.276712237858,0.0582143974868909,0.169803458887771,0.382421331262933,-0.204636506284071,2.0052255241039
9,15.9,396.290036645564,66.6779249759886,105.638549336923,11.2675281200107,3.47450588865302,33.4077059751243,113.276712237858,0.0582143974868909,0.169803458887771,0.382421331262933,-0.204636506284071,1.99588457302749
9,16,393.989760031283,66.3673071149583,106.00581746722,11.2675281200107,3.47450588865302,33.4077059751243,113.276712237858,0.0582143974868909,0.169803458887771,0.382421331262933,-0.204636506284071,1.9865867822345
9,16.1,391.702835437021,66.0581320811141,106.368742732953,11.2675281200107,3.47450588865302,33.4077059751243,113.276712237858,0.0582143974868909,0.169803458887771,0.382421331262933,-0.204636506284071,1.97733217989591
9,16.2,389.429185360603,65.7504004173093,106.727353420484,11.2675281200107,3.47450588865302,33.4077059751243,113.276712237858,0.0582143974868909,0.169803458887771,0.382421331262933,-0.204636506284071,1.96812078226107
9,16.3,387.168732749717,65.4441122876414,107.081677733201,11.2675281200107,3.47450588865302,33.4077059751243,113.276712237858,0.0582143974868909,0.169803458887771,0.382421331262933,-0.204636506284071,1.95895259424193
9,16.4,384.921400999307,65.1392674961021,107.431743787932,11.2675281200107,3.47450588865302,33.4077059751243,113.276712237858,0.0582143974868909,0.169803458887771,0.382421331262933,-0.204636506284071,1.94982760997135
9,16.5,382.687113948971,64.8358655043977,107.777579611568,11.2675281200107,3.47450588865302,33.4077059751243,113.276712237858,0.0582143974868909,0.169803458887771,0.382421331262933,-0.204636506284071,1.94074581333646
9,16.6,380.46579588038,64.5339054489744,108.119213137871,11.2675281200107,3.47450588865302,33.4077059751243,113.276712237858,0.0582143974868909,0.169803458887771,0.382421331262933,-0.204636506284071,1.93170717848831
9,16.7,378.257371514718,64.2333861572858,108.456672204468,11.2675281200107,3.47450588865302,33.4077059751243,113.276712237858,0.0582143974868909,0.169803458887771,0.382421331262933,-0.204636506284071,1.92271167032884
9,16.8,376.061766010125,63.9343061633342,108.789984550017,11.2675281200107,3.47450588865302,33.4077059751243,113.276712237858,0.0582143974868909,0.169803458887771,0.382421331262933,-0.204636506284071,1.91375924497601
9,16.9,373.878904959162,63.6366637225185,109.119177811541,11.2675281200107,3.47450588865302,33.4077059751243,113.276712237858,0.0582143974868909,0.169803458887771,0.382421331262933,-0.204636506284071,1.90484985020831
9,17,371.708714386293,63.340456825819,109.444279521921,11.2675281200107,3.47450588865302,33.4077059751243,113.276712237858,0.0582143974868909,0.169803458887771,0.382421331262933,-0.204636506284071,1.89598342588932
9,17.1,369.551120745372,63.0456832133481,109.765317107539,11.2675281200107,3.47450588865302,33.4077059751243,113.276712237858,0.0582143974868909,0.169803458887771,0.382421331262933,-0.204636506284071,1.88715990437334
9,17.2,367.406050917154,62.752340387295,110.082317886066,11.2675281200107,3.47450588865302,33.4077059751243,113.276712237858,0.0582143974868909,0.169803458887771,0.382421331262933,-0.204636506284071,1.87837921089287
9,17.3,365.273432206819,62.4604256242913,110.395309064394,11.2675281200107,3.47450588865302,33.4077059751243,113.276712237858,0.0582143974868909,0.169803458887771,0.382421331262933,-0.204636506284071,1.86964126392875
9,17.4,363.153192341503,62.1699359872224,110.704317736685,11.2675281200107,3.47450588865302,33.4077059751243,113.276712237858,0.0582143974868909,0.169803458887771,0.382421331262933,-0.204636506284071,1.86094597556369
9,17.5,361.045259467855,61.8808683365092,111.009370882568,11.2675281200107,3.47450588865302,33.4077059751243,113.276712237858,0.0582143974868909,0.169803458887771,0.382421331262933,-0.204636506284071,1.85229325182
9,17.6,358.949562149597,61.5932193408846,111.310495365433,11.2675281200107,3.47450588865302,33.4077059751243,113.276712237858,0.0582143974868909,0.169803458887771,0.382421331262933,-0.204636506284071,1.84368299298214
9,17.7,356.866029365104,61.3069854876845,111.607717930858,11.2675281200107,3.47450588865302,33.4077059751243,113.276712237858,0.0582143974868909,0.169803458887771,0.382421331262933,-0.204636506284071,1.83511509390481
9,17.8,354.794590505,61.0221630926778,111.90106520513,11.2675281200107,3.47450588865302,33.4077059751243,113.276712237858,0.0582143974868909,0.169803458887771,0.382421331262933,-0.204636506284071,1.82658944430712
9,17.9,352.735175369762,60.7387483094532,112.190563693887,11.2675281200107,3.47450588865302,33.4077059751243,113.276712237858,0.0582143974868909,0.169803458887771,0.382421331262933,-0.204636506284071,1.81810592905361
9,18,350.687714167343,60.4567371383833,112.476239780842,11.2675281200107,3.47450588865302,33.4077059751243,113.276712237858,0.0582143974868909,0.169803458887771,0.382421331262933,-0.204636506284071,1.80966442842259
9,18.1,348.652137510804,60.176125435185,112.758119726616,11.2675281200107,3.47450588865302,33.4077059751243,113.276712237858,0.0582143974868909,0.169803458887771,0.382421331262933,-0.204636506284071,1.80126481836235
9,18.2,346.628376415967,59.8969089190932,113.03622966765,11.2675281200107,3.47450588865302,33.4077059751243,113.276712237858,0.0582143974868909,0.169803458887771,0.382421331262933,-0.204636506284071,1.79290697073583
9,18.3,344.616362299072,59.6190831806654,113.310595615216,11.2675281200107,3.47450588865302,33.4077059751243,113.276712237858,0.0582143974868909,0.169803458887771,0.382421331262933,-0.204636506284071,1.78459075355424
9,18.4,342.616026974458,59.342643689233,113.581243454496,11.2675281200107,3.47450588865302,33.4077059751243,113.276712237858,0.0582143974868909,0.169803458887771,0.382421331262933,-0.204636506284071,1.77631603120011
9,18.5,340.627302652247,59.0675858000152,113.848198943751,11.2675281200107,3.47450588865302,33.4077059751243,113.276712237858,0.0582143974868909,0.169803458887771,0.382421331262933,-0.204636506284071,1.76808266464024
9,18.6,338.65012193605,58.7939047609108,114.111487713559,11.2675281200107,3.47450588865302,33.4077059751243,113.276712237858,0.0582143974868909,0.169803458887771,0.382421331262933,-0.204636506284071,1.75989051162895
9,18.7,336.684417820685,58.5215957189806,114.371135266127,11.2675281200107,3.47450588865302,33.4077059751243,113.276712237858,0.0582143974868909,0.169803458887771,0.382421331262933,-0.204636506284071,1.75173942690218
9,18.8,334.730123689898,58.2506537266357,114.627166974664,11.2675281200107,3.47450588865302,33.4077059751243,113.276712237858,0.0582143974868909,0.169803458887771,0.382421331262933,-0.204636506284071,1.7436292623627
9,18.9,332.787173314117,57.9810737475444,114.879608082832,11.2675281200107,3.47450588865302,33.4077059751243,113.276712237858,0.0582143974868909,0.169803458887771,0.382421331262933,-0.204636506284071,1.73555986725691
9,19,330.855500848196,57.7128506622684,115.128483704246,11.2675281200107,3.47450588865302,33.4077059751243,113.276712237858,0.0582143974868909,0.169803458887771,0.382421331262933,-0.204636506284071,1.72753108834357
9,19.1,328.935040829193,57.445979273643,115.373818822035,11.2675281200107,3.47450588865302,33.4077059751243,113.276712237858,0.0582143974868909,0.169803458887771,0.382421331262933,-0.204636506284071,1.71954277005485
9,19.2,327.025728174145,57.1804543119101,115.61563828847,11.2675281200107,3.47450588865302,33.4077059751243,113.276712237858,0.0582143974868909,0.169803458887771,0.382421331262933,-0.204636506284071,1.71159475464994
9,19.3,325.127498177866,56.9162704396166,115.853966824625,11.2675281200107,3.47450588865302,33.4077059751243,113.276712237858,0.0582143974868909,0.169803458887771,0.382421331262933,-0.204636506284071,1.70368688236172
9,19.4,323.240286510754,56.6534222562875,116.088829020112,11.2675281200107,3.47450588865302,33.4077059751243,113.276712237858,0.0582143974868909,0.169803458887771,0.382421331262933,-0.204636506284071,1.69581899153663
9,19.5,321.364029216607,56.3919043028844,116.320249332843,11.2675281200107,3.47450588865302,33.4077059751243,113.276712237858,0.0582143974868909,0.169803458887771,0.382421331262933,-0.204636506284071,1.6879909187681
9,19.6,319.498662710461,56.1317110660584,116.548252088854,11.2675281200107,3.47450588865302,33.4077059751243,113.276712237858,0.0582143974868909,0.169803458887771,0.382421331262933,-0.204636506284071,1.68020249902387
9,19.7,317.644123776433,55.8728369822062,116.772861482162,11.2675281200107,3.47450588865302,33.4077059751243,113.276712237858,0.0582143974868909,0.169803458887771,0.382421331262933,-0.204636506284071,1.67245356576742
9,19.8,315.800349565576,55.6152764413396,116.994101574668,11.2675281200107,3.47450588865302,33.4077059751243,113.276712237858,0.0582143974868909,0.169803458887771,0.382421331262933,-0.204636506284071,1.66474395107379
9,19.9,313.967277593755,55.3590237907744,117.211996296105,11.2675281200107,3.47450588865302,33.4077059751243,113.276712237858,0.0582143974868909,0.169803458887771,0.382421331262933,-0.204636506284071,1.65707348573995
9,20,312.144845739521,55.1040733386482,117.426569444009,11.2675281200107,3.47450588865302,33.4077059751243,113.276712237858,0.0582143974868909,0.169803458887771,0.382421331262933,-0.204636506284071,1.64944199939018
9,20.1,310.332992242016,54.8504193572749,117.63784468374,11.2675281200107,3.47450588865302,33.4077059751243,113.276712237858,0.0582143974868909,0.169803458887771,0.382421331262933,-0.204636506284071,1.64184932057643
9,20.2,308.531655698871,54.598056086342,117.845845548531,11.2675281200107,3.47450588865302,33.4077059751243,113.276712237858,0.0582143974868909,0.169803458887771,0.382421331262933,-0.204636506284071,1.63429527687403
9,20.3,306.74077506413,54.3469777359579,118.050595439569,11.2675281200107,3.47450588865302,33.4077059751243,113.276712237858,0.0582143974868909,0.169803458887771,0.382421331262933,-0.204636506284071,1.62677969497293
9,20.4,304.96028964618,54.0971784895567,118.252117626109,11.2675281200107,3.47450588865302,33.4077059751243,113.276712237858,0.0582143974868909,0.169803458887771,0.382421331262933,-0.204636506284071,1.6193024007646
9,20.5,303.190139105695,53.8486525066664,118.450435245611,11.2675281200107,3.47450588865302,33.4077059751243,113.276712237858,0.0582143974868909,0.169803458887771,0.382421331262933,-0.204636506284071,1.61186321942497
9,20.6,301.430263453587,53.6013939255455,118.645571303916,11.2675281200107,3.47450588865302,33.4077059751243,113.276712237858,0.0582143974868909,0.169803458887771,0.382421331262933,-0.204636506284071,1.60446197549325
9,20.7,299.680603048981,53.3553968656953,118.837548675435,11.2675281200107,3.47450588865302,33.4077059751243,113.276712237858,0.0582143974868909,0.169803458887771,0.382421331262933,-0.204636506284071,1.59709849294724
9,20.8,297.941098597186,53.1106554302533,119.026390103374,11.2675281200107,3.47450588865302,33.4077059751243,113.276712237858,0.0582143974868909,0.169803458887771,0.382421331262933,-0.204636506284071,1.58977259527488
9,20.9,296.21169114769,52.8671637082714,119.212118199976,11.2675281200107,3.47450588865302,33.4077059751243,113.276712237858,0.0582143974868909,0.169803458887771,0.382421331262933,-0.204636506284071,1.5824841055425
9,21,294.492322092159,52.6249157768859,119.394755446785,11.2675281200107,3.47450588865302,33.4077059751243,113.276712237858,0.0582143974868909,0.169803458887771,0.382421331262933,-0.204636506284071,1.57523284645976
9,21.1,292.782933162456,52.3839057033832,119.574324194937,11.2675281200107,3.47450588865302,33.4077059751243,113.276712237858,0.0582143974868909,0.169803458887771,0.382421331262933,-0.204636506284071,1.56801864044148
9,21.2,291.08346642866,52.1441275471657,119.750846665466,11.2675281200107,3.47450588865302,33.4077059751243,113.276712237858,0.0582143974868909,0.169803458887771,0.382421331262933,-0.204636506284071,1.56084130966648
9,21.3,289.393864297107,51.9055753616229,119.924344949629,11.2675281200107,3.47450588865302,33.4077059751243,113.276712237858,0.0582143974868909,0.169803458887771,0.382421331262933,-0.204636506284071,1.5537006761336
9,21.4,287.714069508437,51.6682431959112,120.094841009254,11.2675281200107,3.47450588865302,33.4077059751243,113.276712237858,0.0582143974868909,0.169803458887771,0.382421331262933,-0.204636506284071,1.54659656171495
9,21.5,286.044025135655,51.4321250966471,120.262356677095,11.2675281200107,3.47450588865302,33.4077059751243,113.276712237858,0.0582143974868909,0.169803458887771,0.382421331262933,-0.204636506284071,1.53952878820665
9,21.6,284.383674582197,51.1972151095175,120.426913657217,11.2675281200107,3.47450588865302,33.4077059751243,113.276712237858,0.0582143974868909,0.169803458887771,0.382421331262933,-0.204636506284071,1.53249717737697
9,21.7,282.732961580019,50.9635072808103,120.588533525383,11.2675281200107,3.47450588865302,33.4077059751243,113.276712237858,0.0582143974868909,0.169803458887771,0.382421331262933,-0.204636506284071,1.52550155101216
9,21.8,281.091830187684,50.7309956588697,120.747237729462,11.2675281200107,3.47450588865302,33.4077059751243,113.276712237858,0.0582143974868909,0.169803458887771,0.382421331262933,-0.204636506284071,1.51854173096005
9,21.9,279.460224788469,50.4996742954787,120.903047589851,11.2675281200107,3.47450588865302,33.4077059751243,113.276712237858,0.0582143974868909,0.169803458887771,0.382421331262933,-0.204636506284071,1.51161753917139
9,22,277.83809008848,50.2695372471728,121.055984299905,11.2675281200107,3.47450588865302,33.4077059751243,113.276712237858,0.0582143974868909,0.169803458887771,0.382421331262933,-0.204636506284071,1.50472879773918
9,22.1,276.22537111478,50.0405785764871,121.206068926386,11.2675281200107,3.47450588865302,33.4077059751243,113.276712237858,0.0582143974868909,0.169803458887771,0.382421331262933,-0.204636506284071,1.49787532893602
9,22.2,274.62201321352,49.8127923531408,121.353322409916,11.2675281200107,3.47450588865302,33.4077059751243,113.276712237858,0.0582143974868909,0.169803458887771,0.382421331262933,-0.204636506284071,1.49105695524955
9,22.3,273.027962048094,49.5861726551613,121.497765565443,11.2675281200107,3.47450588865302,33.4077059751243,113.276712237858,0.0582143974868909,0.169803458887771,0.382421331262933,-0.204636506284071,1.48427349941608
9,22.4,271.443163597293,49.3607135699499,121.639419082722,11.2675281200107,3.47450588865302,33.4077059751243,113.276712237858,0.0582143974868909,0.169803458887771,0.382421331262933,-0.204636506284071,1.47752478445256
9,22.5,269.867564153475,49.136409195294,121.778303526797,11.2675281200107,3.47450588865302,33.4077059751243,113.276712237858,0.0582143974868909,0.169803458887771,0.382421331262933,-0.204636506284071,1.47081063368678
9,22.6,268.301110320748,48.9132536403252,121.914439338499,11.2675281200107,3.47450588865302,33.4077059751243,113.276712237858,0.0582143974868909,0.169803458887771,0.382421331262933,-0.204636506284071,1.46413087078612
9,22.7,266.743749013156,48.6912410264278,122.047846834945,11.2675281200107,3.47450588865302,33.4077059751243,113.276712237858,0.0582143974868909,0.169803458887771,0.382421331262933,-0.204636506284071,1.45748531978472
9,22.8,265.195427452881,48.4703654880996,122.178546210053,11.2675281200107,3.47450588865302,33.4077059751243,113.276712237858,0.0582143974868909,0.169803458887771,0.382421331262933,-0.204636506284071,1.45087380510925
9,22.9,263.656093168457,48.2506211737665,122.306557535057,11.2675281200107,3.47450588865302,33.4077059751243,113.276712237858,0.0582143974868909,0.169803458887771,0.382421331262933,-0.204636506284071,1.4442961516033
9,23,262.125693992991,48.0320022465533,122.431900759031,11.2675281200107,3.47450588865302,33.4077059751243,113.276712237858,0.0582143974868909,0.169803458887771,0.382421331262933,-0.204636506284071,1.43775218455043
9,23.1,260.604178062391,47.814502885013,122.554595709422,11.2675281200107,3.47450588865302,33.4077059751243,113.276712237858,0.0582143974868909,0.169803458887771,0.382421331262933,-0.204636506284071,1.43124172969602
9,23.2,259.091493813615,47.5981172838159,122.674662092585,11.2675281200107,3.47450588865302,33.4077059751243,113.276712237858,0.0582143974868909,0.169803458887771,0.382421331262933,-0.204636506284071,1.42476461326791
9,23.3,257.587589982918,47.382839654401,122.792119494324,11.2675281200107,3.47450588865302,33.4077059751243,113.276712237858,0.0582143974868909,0.169803458887771,0.382421331262933,-0.204636506284071,1.41832066199585
9,23.4,256.092415604117,47.1686642255903,122.90698738044,11.2675281200107,3.47450588865302,33.4077059751243,113.276712237858,0.0582143974868909,0.169803458887771,0.382421331262933,-0.204636506284071,1.41190970312995
9,23.5,254.605920006865,46.955585244169,123.019285097281,11.2675281200107,3.47450588865302,33.4077059751243,113.276712237858,0.0582143974868909,0.169803458887771,0.382421331262933,-0.204636506284071,1.40553156445799
9,23.6,253.12805281493,46.7435969754325,123.129031872298,11.2675281200107,3.47450588865302,33.4077059751243,113.276712237858,0.0582143974868909,0.169803458887771,0.382421331262933,-0.204636506284071,1.39918607432184
9,23.7,251.658763944493,46.5326937037008,123.236246814601,11.2675281200107,3.47450588865302,33.4077059751243,113.276712237858,0.0582143974868909,0.169803458887771,0.382421331262933,-0.204636506284071,1.39287306163283
9,23.8,250.198003602446,46.3228697328043,123.340948915527,11.2675281200107,3.47450588865302,33.4077059751243,113.276712237858,0.0582143974868909,0.169803458887771,0.382421331262933,-0.204636506284071,1.3865923558863
9,23.9,248.745722284707,46.114119386539,123.443157049203,11.2675281200107,3.47450588865302,33.4077059751243,113.276712237858,0.0582143974868909,0.169803458887771,0.382421331262933,-0.204636506284071,1.38034378717521
9,24,1247.30187077454,45.9064370090952,123.542889973112,11.2675281200107,3.47450588865302,33.4077059751243,113.276712237858,0.0582143974868909,0.169803458887771,0.382421331262933,-0.204636506284071,1.37412718620302
10,0,0,0,0,6.58205253982236,3.47450588865302,22.1103067739156,113.276712237858,0.0593914408186612,-0.367774879527653,-0.0303213902590324,-0.184619087903908,0
10,0,1000,0,0,6.58205253982236,3.47450588865302,22.1103067739156,113.276712237858,0.0593914408186612,-0.367774879527653,-0.0303213902590324,-0.184619087903908,0
10,0.1,994.078457770461,5.78881069251132,0.0458274774792766,6.58205253982236,3.47450588865302,22.1103067739156,113.276712237858,0.0593914408186612,-0.367774879527653,-0.0303213902590324,-0.184619087903908,0.261815032767461
10,0.2,988.191980203298,11.2862173581648,0.180037784005644,6.58205253982236,3.47450588865302,22.1103067739156,113.276712237858,0.0593914408186612,-0.367774879527653,-0.0303213902590324,-0.184619087903908,0.510450509509873
10,0.3,982.340359661633,16.5056379816889,0.397894150634539,6.58205253982236,3.47450588865302,22.1103067739156,113.276712237858,0.0593914408186612,-0.367774879527653,-0.0303213902590324,-0.184619087903908,0.746513295833654
10,0.4,976.523389738116,21.4598788508346,0.694880009301459,6.58205253982236,3.47450588865302,22.1103067739156,113.276712237858,0.0593914408186612,-0.367774879527653,-0.0303213902590324,-0.184619087903908,0.970582591651405
10,0.5,970.740865247649,26.1611624074031,1.06668894101031,6.58205253982236,3.47450588865302,22.1103067739156,113.276712237858,0.0593914408186612,-0.367774879527653,-0.0303213902590324,-0.184619087903908,1.18321119082194
10,0.6,964.992582220146,30.6211538303993,1.50921508176931,6.58205253982236,3.47450588865302,22.1103067739156,113.276712237858,0.0593914408186612,-0.367774879527653,-0.0303213902590324,-0.184619087903908,1.38492668344721
10,0.7,959.278337893337,34.8509864090277,2.0185439654357,6.58205253982236,3.47450588865302,22.1103067739156,113.276712237858,0.0593914408186612,-0.367774879527653,-0.0303213902590324,-0.184619087903908,1.57623260343646
10,0.8,953.59793070562,38.8612857606212,2.59094378357921,6.58205253982236,3.47450588865302,22.1103067739156,113.276712237858,0.0593914408186612,-0.367774879527653,-0.0303213902590324,-0.184619087903908,1.75760952382929
10,0.9,947.951160288945,42.6621929460827,3.22285704337968,6.58205253982236,3.47450588865302,22.1103067739156,113.276712237858,0.0593914408186612,-0.367774879527653,-0.0303213902590324,-0.184619087903908,1.92951610225567
10,1,942.337827461754,46.2633865330285,3.91089260543827,6.58205253982236,3.47450588865302,22.1103067739156,113.276712237858,0.0593914408186612,-0.367774879527653,-0.0303213902590324,-0.184619087903908,2.09239007880285
10,1.1,936.757734221947,49.674103654537,4.65181808420697,6.58205253982236,3.47450588865302,22.1103067739156,113.276712237858,0.0593914408186612,-0.367774879527653,-0.0303213902590324,-0.184619087903908,2.24664922845573
10,1.2,931.210683739905,52.9031601092238,5.44255259452807,6.58205253982236,3.47450588865302,22.1103067739156,113.276712237858,0.0593914408186612,-0.367774879527653,-0.0303213902590324,-0.184619087903908,2.39269227017853
10,1.3,925.696480351541,55.9589695462864,6.28015982852697,6.58205253982236,3.47450588865302,22.1103067739156,113.276712237858,0.0593914408186612,-0.367774879527653,-0.0303213902590324,-0.184619087903908,2.53089973461171
10,1.4,920.214929551404,58.8495617771714,7.16184144781886,6.58205253982236,3.47450588865302,22.1103067739156,113.276712237858,0.0593914408186612,-0.367774879527653,-0.0303213902590324,-0.184619087903908,2.66163479226795
10,1.5,914.765837985813,61.5826002536231,8.08493077667467,6.58205253982236,3.47450588865302,22.1103067739156,113.276712237858,0.0593914408186612,-0.367774879527653,-0.0303213902590324,-0.184619087903908,2.78524404402541
10,1.6,909.34901344604,64.1653987500625,9.04688678244483,6.58205253982236,3.47450588865302,22.1103067739156,113.276712237858,0.0593914408186612,-0.367774879527653,-0.0303213902590324,-0.184619087903908,2.90205827563464
10,1.7,903.96426486153,66.6049372865162,10.0452883301633,6.58205253982236,3.47450588865302,22.1103067739156,113.276712237858,0.0593914408186612,-0.367774879527653,-0.0303213902590324,-0.184619087903908,3.01239317787724
10,1.8,898.611402293158,68.9078773266691,11.0778286988498,6.58205253982236,3.47450588865302,22.1103067739156,113.276712237858,0.0593914408186612,-0.367774879527653,-0.0303213902590324,-0.184619087903908,3.11655003393994
10,1.9,893.290236926534,71.0805762840374,12.1423103475957,6.58205253982236,3.47450588865302,22.1103067739156,113.276712237858,0.0593914408186612,-0.367774879527653,-0.0303213902590324,-0.184619087903908,3.21481637549661
10,2,888.000581065338,73.1291013677595,13.236639920063,6.58205253982236,3.47450588865302,22.1103067739156,113.276712237858,0.0593914408186612,-0.367774879527653,-0.0303213902590324,-0.184619087903908,3.30746660892253
10,2.1,882.742248124705,75.0592427980657,14.3588234765408,6.58205253982236,3.47450588865302,22.1103067739156,113.276712237858,0.0593914408186612,-0.367774879527653,-0.0303213902590324,-0.184619087903908,3.39476261300074
10,2.2,877.515052624636,76.876526420122,15.5069619432009,6.58205253982236,3.47450588865302,22.1103067739156,113.276712237858,0.0593914408186612,-0.367774879527653,-0.0303213902590324,-0.184619087903908,3.4769543094181
10,2.3,872.318810183463,78.5862257436341,16.6792467686634,6.58205253982236,3.47450588865302,22.1103067739156,113.276712237858,0.0593914408186612,-0.367774879527653,-0.0303213902590324,-0.184619087903908,3.55428020728981
10,2.4,867.153337511341,80.1933734343541,17.8739557784343,6.58205253982236,3.47450588865302,22.1103067739156,113.276712237858,0.0593914408186612,-0.367774879527653,-0.0303213902590324,-0.184619087903908,3.62696792289474
10,2.5,862.018452403782,81.7027722824392,19.0894492182072,6.58205253982236,3.47450588865302,22.1103067739156,113.276712237858,0.0593914408186612,-0.367774879527653,-0.0303213902590324,-0.184619087903908,3.69523467574983
10,2.6,856.913973735231,83.1190056714785,20.3241659774291,6.58205253982236,3.47450588865302,22.1103067739156,113.276712237858,0.0593914408186612,-0.367774879527653,-0.0303213902590324,-0.184619087903908,3.75928776210094
10,2.7,851.839721452675,84.4464475709179,21.5766199849258,6.58205253982236,3.47450588865302,22.1103067739156,113.276712237858,0.0593914408186612,-0.367774879527653,-0.0303213902590324,-0.184619087903908,3.81932500685801
10,2.8,846.795516569295,85.6892720735808,22.8453967687515,6.58205253982236,3.47450588865302,22.1103067739156,113.276712237858,0.0593914408186612,-0.367774879527653,-0.0303213902590324,-0.184619087903908,3.87553519495586
10,2.9,841.781181158145,86.8514624989913,24.1291501727862,6.58205253982236,3.47450588865302,22.1103067739156,113.276712237858,0.0593914408186612,-0.367774879527653,-0.0303213902590324,-0.184619087903908,3.92809848307729
10,3,836.796538345886,87.9368200822668,25.4265992229454,6.58205253982236,3.47450588865302,22.1103067739156,113.276712237858,0.0593914408186612,-0.367774879527653,-0.0303213902590324,-0.184619087903908,3.97718679263236
10,3.1,831.841412306539,88.9489722674459,26.7365251361902,6.58205253982236,3.47450588865302,22.1103067739156,113.276712237858,0.0593914408186612,-0.367774879527653,-0.0303213902590324,-0.184619087903908,4.02296418484716
10,3.2,826.915628255286,89.8913806232581,28.057768465835,6.58205253982236,3.47450588865302,22.1103067739156,113.276712237858,0.0593914408186612,-0.367774879527653,-0.0303213902590324,-0.184619087903908,4.06558721877647
10,3.3,822.019012442307,90.767348398524,29.38922637695,6.58205253982236,3.47450588865302,22.1103067739156,113.276712237858,0.0593914408186612,-0.367774879527653,-0.0303213902590324,-0.184619087903908,4.10520529301773
10,3.4,817.151392146646,91.58002773359,30.7298500459327,6.58205253982236,3.47450588865302,22.1103067739156,113.276712237858,0.0593914408186612,-0.367774879527653,-0.0303213902590324,-0.184619087903908,4.14196097186814
10,3.5,812.312595670123,92.3324265434557,32.0786421785972,6.58205253982236,3.47450588865302,22.1103067739156,113.276712237858,0.0593914408186612,-0.367774879527653,-0.0303213902590324,-0.184619087903908,4.17599029663324
10,3.6,807.502452331276,93.0274150875404,33.4346546413841,6.58205253982236,3.47450588865302,22.1103067739156,113.276712237858,0.0593914408186612,-0.367774879527653,-0.0303213902590324,-0.184619087903908,4.20742308276286
10,3.7,802.72079245934,93.6677322403531,34.7969862005406,6.58205253982236,3.47450588865302,22.1103067739156,113.276712237858,0.0593914408186612,-0.367774879527653,-0.0303213902590324,-0.184619087903908,4.23638320345952
10,3.8,797.967447388263,94.2559914766816,36.1647803643562,6.58205253982236,3.47450588865302,22.1103067739156,113.276712237858,0.0593914408186612,-0.367774879527653,-0.0303213902590324,-0.184619087903908,4.26298886037525
10,3.9,793.242249450756,94.7946865842967,37.5372233237604,6.58205253982236,3.47450588865302,22.1103067739156,113.276712237858,0.0593914408186612,-0.367774879527653,-0.0303213902590324,-0.184619087903908,4.28735284198453
10,4,788.545031972379,95.2861971165768,38.9135419868044,6.58205253982236,3.47450588865302,22.1103067739156,113.276712237858,0.0593914408186612,-0.367774879527653,-0.0303213902590324,-0.184619087903908,4.3095827701943
10,4.1,783.875629265661,95.7327935968903,40.2930021027526,6.58205253982236,3.47450588865302,22.1103067739156,113.276712237858,0.0593914408186612,-0.367774879527653,-0.0303213902590324,-0.184619087903908,4.32978133572665
10,4.2,779.233876624258,96.1366424860389,41.6749064717034,6.58205253982236,3.47450588865302,22.1103067739156,113.276712237858,0.0593914408186612,-0.367774879527653,-0.0303213902590324,-0.184619087903908,4.34804652278525
10,4.3,774.61961031714,96.4998109235463,43.058593235845,6.58205253982236,3.47450588865302,22.1103067739156,113.276712237858,0.0593914408186612,-0.367774879527653,-0.0303213902590324,-0.184619087903908,4.36447182349324
10,4.4,770.032667582818,96.8242712530884,44.4434342486299,6.58205253982236,3.47450588865302,22.1103067739156,113.276712237858,0.0593914408186612,-0.367774879527653,-0.0303213902590324,-0.184619087903908,4.3791464425684
10,4.5,765.472886623602,97.1119053418907,45.8288335183186,6.58205253982236,3.47450588865302,22.1103067739156,113.276712237858,0.0593914408186612,-0.367774879527653,-0.0303213902590324,-0.184619087903908,4.39215549267989
10,4.6,760.940106599893,97.3645087034738,47.2142257225088,6.58205253982236,3.47450588865302,22.1103067739156,113.276712237858,0.0593914408186612,-0.367774879527653,-0.0303213902590324,-0.184619087903908,4.40358018091086
10,4.7,756.434167624512,97.5837944326964,48.5990747904153,6.58205253982236,3.47450588865302,22.1103067739156,113.276712237858,0.0593914408186612,-0.367774879527653,-0.0303213902590324,-0.184619087903908,4.41349798673169
10,4.8,751.954910757057,97.7713969616439,49.9828725498173,6.58205253982236,3.47450588865302,22.1103067739156,113.276712237858,0.0593914408186612,-0.367774879527653,-0.0303213902590324,-0.184619087903908,4.42198283187046
10,4.9,747.5021779983,97.9288756445154,51.3651374357285,6.58205253982236,3.47450588865302,22.1103067739156,113.276712237858,0.0593914408186612,-0.367774879527653,-0.0303213902590324,-0.184619087903908,4.42910524244947
10,5,743.075812284611,98.0577181792958,52.7454132579777,6.58205253982236,3.47450588865302,22.1103067739156,113.276712237858,0.0593914408186612,-0.367774879527653,-0.0303213902590324,-0.184619087903908,4.43493250373977
10,5.1,738.675657482419,98.159343873641,54.1232680250205,6.58205253982236,3.47450588865302,22.1103067739156,113.276712237858,0.0593914408186612,-0.367774879527653,-0.0303213902590324,-0.184619087903908,4.43952880786998
10,5.2,734.301558382704,98.2351067620705,55.4982928214183,6.58205253982236,3.47450588865302,22.1103067739156,113.276712237858,0.0593914408186612,-0.367774879527653,-0.0303213902590324,-0.184619087903908,4.44295539480992
10,5.3,729.953360695525,98.2862985812341,56.8701007365432,6.58205253982236,3.47450588865302,22.1103067739156,113.276712237858,0.0593914408186612,-0.367774879527653,-0.0303213902590324,-0.184619087903908,4.44527068693531
10,5.4,725.630911044572,98.3141516097152,58.2383258421747,6.58205253982236,3.47450588865302,22.1103067739156,113.276712237858,0.0593914408186612,-0.367774879527653,-0.0303213902590324,-0.184619087903908,4.44653041746577
10,5.5,721.334056961763,98.3198413785364,59.6026222167628,6.58205253982236,3.47450588865302,22.1103067739156,113.276712237858,0.0593914408186612,-0.367774879527653,-0.0303213902590324,-0.184619087903908,4.44678775305498
10,5.6,717.062646881859,98.3044892582547,60.9626630142316,6.58205253982236,3.47450588865302,22.1103067739156,113.276712237858,0.0593914408186612,-0.367774879527653,-0.0303213902590324,-0.184619087903908,4.44609341079918
10,5.7,712.816530137123,98.2691649282625,62.3181395752952,6.58205253982236,3.47450588865302,22.1103067739156,113.276712237858,0.0593914408186612,-0.367774879527653,-0.0303213902590324,-0.184619087903908,4.44449576991825
10,5.8,708.595556952003,98.2148887336593,63.6687605793509,6.58205253982236,3.47450588865302,22.1103067739156,113.276712237858,0.0593914408186612,-0.367774879527653,-0.0303213902590324,-0.184619087903908,4.44204097835166
10,5.9,704.399578437848,98.1426339348095,65.0142512351,6.58205253982236,3.47450588865302,22.1103067739156,113.276712237858,0.0593914408186612,-0.367774879527653,-0.0303213902590324,-0.184619087903908,4.43877305450109
10,6,700.228446587659,98.0533288544737,66.3543525081346,6.58205253982236,3.47450588865302,22.1103067739156,113.276712237858,0.0593914408186612,-0.367774879527653,-0.0303213902590324,-0.184619087903908,4.43473398434033
10,6.1,696.082014270865,97.9478589271759,67.6888203838048,6.58205253982236,3.47450588865302,22.1103067739156,113.276712237858,0.0593914408186612,-0.367774879527653,-0.0303213902590324,-0.184619087903908,4.42996381410361
10,6.2,691.960135228138,97.8270686552564,69.0174251637616,6.58205253982236,3.47450588865302,22.1103067739156,113.276712237858,0.0593914408186612,-0.367774879527653,-0.0303213902590324,-0.184619087903908,4.42450073875352
10,6.3,687.862664066227,97.6917634758586,70.3399507946398,6.58205253982236,3.47450588865302,22.1103067739156,113.276712237858,0.0593914408186612,-0.367774879527653,-0.0303213902590324,-0.184619087903908,4.41838118642069
10,6.4,683.789456252836,97.5427115429057,71.656194227419,6.58205253982236,3.47450588865302,22.1103067739156,113.276712237858,0.0593914408186612,-0.367774879527653,-0.0303213902590324,-0.184619087903908,4.41163989899863
10,6.5,679.740368111521,97.3806454279351,72.9659648060637,6.58205253982236,3.47450588865302,22.1103067739156,113.276712237858,0.0593914408186612,-0.367774879527653,-0.0303213902590324,-0.184619087903908,4.40431000906866
10,6.6,675.715256816626,97.2062637434864,74.269083684111,6.58205253982236,3.47450588865302,22.1103067739156,113.276712237858,0.0593914408186612,-0.367774879527653,-0.0303213902590324,-0.184619087903908,4.39642311332218
10,6.7,671.713980388243,97.0202326925671,75.5653832679303,6.58205253982236,3.47450588865302,22.1103067739156,113.276712237858,0.0593914408186612,-0.367774879527653,-0.0303213902590324,-0.184619087903908,4.38800934263951
10,6.8,667.736397687202,96.8231875475625,76.8547066854428,6.58205253982236,3.47450588865302,22.1103067739156,113.276712237858,0.0593914408186612,-0.367774879527653,-0.0303213902590324,-0.184619087903908,4.37909742897773
10,6.9,663.782368410097,96.6157340618009,78.1369072791395,6.58205253982236,3.47450588865302,22.1103067739156,113.276712237858,0.0593914408186612,-0.367774879527653,-0.0303213902590324,-0.184619087903908,4.36971476921262
10,7,659.851753084333,96.39844981684,79.4118481222915,6.58205253982236,3.47450588865302,22.1103067739156,113.276712237858,0.0593914408186612,-0.367774879527653,-0.0303213902590324,-0.184619087903908,4.35988748607347
10,7.1,655.944413063209,96.1718855084021,80.6794015572957,6.58205253982236,3.47450588865302,22.1103067739156,113.276712237858,0.0593914408186612,-0.367774879527653,-0.0303213902590324,-0.184619087903908,4.34964048630297
10,7.2,652.060210521025,95.9365661737482,81.9394487551485,6.58205253982236,3.47450588865302,22.1103067739156,113.276712237858,0.0593914408186612,-0.367774879527653,-0.0303213902590324,-0.184619087903908,4.33899751616872
10,7.3,648.199008448223,95.6929923631605,83.191879295084,6.58205253982236,3.47450588865302,22.1103067739156,113.276712237858,0.0593914408186612,-0.367774879527653,-0.0303213902590324,-0.184619087903908,4.32798121444671
10,7.4,644.360670646551,95.4416412580745,84.4365907634583,6.58205253982236,3.47450588865302,22.1103067739156,113.276712237858,0.0593914408186612,-0.367774879527653,-0.0303213902590324,-0.184619087903908,4.31661316299197
10,7.5,640.545061724263,95.1829677382919,85.6734883710043,6.58205253982236,3.47450588865302,22.1103067739156,113.276712237858,0.0593914408186612,-0.367774879527653,-0.0303213902590324,-0.184619087903908,4.30491393500623
10,7.6,636.75204709134,94.917405400591,86.9024845876181,6.58205253982236,3.47450588865302,22.1103067739156,113.276712237858,0.0593914408186612,-0.367774879527653,-0.0303213902590324,-0.184619087903908,4.29290314110742
10,7.7,632.981492954744,94.6453675309473,88.1234987938799,6.58205253982236,3.47450588865302,22.1103067739156,113.276712237858,0.0593914408186612,-0.367774879527653,-0.0303213902590324,-0.184619087903908,4.28059947330103
10,7.8,629.233266313696,94.3672480324772,89.3364569485462,6.58205253982236,3.47450588865302,22.1103067739156,113.276712237858,0.0593914408186612,-0.367774879527653,-0.0303213902590324,-0.184619087903908,4.26802074694893
10,7.9,625.507234954988,94.0834223111192,90.541291271286,6.58205253982236,3.47450588865302,22.1103067739156,113.276712237858,0.0593914408186612,-0.367774879527653,-0.0303213902590324,-0.184619087903908,4.25518394082678
10,8,621.80326744832,93.7942481209774,91.7379399399656,6.58205253982236,3.47450588865302,22.1103067739156,113.276712237858,0.0593914408186612,-0.367774879527653,-0.0303213902590324,-0.184619087903908,4.24210523535704
10,8.1,618.12123314166,93.5000663711637,92.9263468018208,6.58205253982236,3.47450588865302,22.1103067739156,113.276712237858,0.0593914408186612,-0.367774879527653,-0.0303213902590324,-0.184619087903908,4.2288000491006
10,8.2,614.461002156636,93.2012018958905,94.106461097881,6.58205253982236,3.47450588865302,22.1103067739156,113.276712237858,0.0593914408186612,-0.367774879527653,-0.0303213902590324,-0.184619087903908,4.21528307358646
10,8.3,610.822445383961,92.8979641894891,95.2782372000445,6.58205253982236,3.47450588865302,22.1103067739156,113.276712237858,0.0593914408186612,-0.367774879527653,-0.0303213902590324,-0.184619087903908,4.20156830655487
10,8.4,607.20543447887,92.5906481079477,96.4416343602258,6.58205253982236,3.47450588865302,22.1103067739156,113.276712237858,0.0593914408186612,-0.367774879527653,-0.0303213902590324,-0.184619087903908,4.18766908368637
10,8.5,603.609841856597,92.2795345384955,97.596616471026,6.58205253982236,3.47450588865302,22.1103067739156,113.276712237858,0.0593914408186612,-0.367774879527653,-0.0303213902590324,-0.184619087903908,4.17359810888564
10,8.6,600.035540687878,91.9648910386869,98.7431518374011,6.58205253982236,3.47450588865302,22.1103067739156,113.276712237858,0.0593914408186612,-0.367774879527653,-0.0303213902590324,-0.184619087903908,4.15936748318579
10,8.7,596.482404894471,91.6469724463738,99.8812129588267,6.58205253982236,3.47450588865302,22.1103067739156,113.276712237858,0.0593914408186612,-0.367774879527653,-0.0303213902590324,-0.184619087903908,4.14498873233606
10,8.8,592.950309144711,91.3260214618921,101.010776321481,6.58205253982236,3.47450588865302,22.1103067739156,113.276712237858,0.0593914408186612,-0.367774879527653,-0.0303213902590324,-0.184619087903908,4.13047283313287
10,8.9,589.439128849092,91.0022692037272,102.131822199987,6.58205253982236,3.47450588865302,22.1103067739156,113.276712237858,0.0593914408186612,-0.367774879527653,-0.0303213902590324,-0.184619087903908,4.11583023855129
10,9,585.94874015587,90.6759357388658,103.244334468286,6.58205253982236,3.47450588865302,22.1103067739156,113.276712237858,0.0593914408186612,-0.367774879527653,-0.0303213902590324,-0.184619087903908,4.10107090173167
10,9.1,582.479019946692,90.3472305889858,104.348300419212,6.58205253982236,3.47450588865302,22.1103067739156,113.276712237858,0.0593914408186612,-0.367774879527653,-0.0303213902590324,-0.184619087903908,4.0862042988735
10,9.2,579.029845832257,90.0163532135864,105.443710592386,6.58205253982236,3.47450588865302,22.1103067739156,113.276712237858,0.0593914408186612,-0.367774879527653,-0.0303213902590324,-0.184619087903908,4.07123945108633
10,9.3,575.601096147998,89.683493471105,106.530558610042,6.58205253982236,3.47450588865302,22.1103067739156,113.276712237858,0.0593914408186612,-0.367774879527653,-0.0303213902590324,-0.184619087903908,4.056184945245
10,9.4,572.192649949788,89.3488320590268,107.608841020419,6.58205253982236,3.47450588865302,22.1103067739156,113.276712237858,0.0593914408186612,-0.367774879527653,-0.0303213902590324,-0.184619087903908,4.04104895389489
10,9.5,568.804387009679,89.01254093394,108.678557148391,6.58205253982236,3.47450588865302,22.1103067739156,113.276712237858,0.0593914408186612,-0.367774879527653,-0.0303213902590324,-0.184619087903908,4.02583925425004
10,9.6,565.436187811654,88.6747837124522,109.739708952979,6.58205253982236,3.47450588865302,22.1103067739156,113.276712237858,0.0593914408186612,-0.367774879527653,-0.0303213902590324,-0.184619087903908,4.01056324632571
10,9.7,562.087933547418,88.3357160538384,110.792300891461,6.58205253982236,3.47450588865302,22.1103067739156,113.276712237858,0.0593914408186612,-0.367774879527653,-0.0303213902590324,-0.184619087903908,3.9952279702447
10,9.8,558.759506112202,87.9954860252517,111.836339789752,6.58205253982236,3.47450588865302,22.1103067739156,113.276712237858,0.0593914408186612,-0.367774879527653,-0.0303213902590324,-0.184619087903908,3.97984012275503
10,9.9,555.450788100602,87.6542344502919,112.871834718783,6.58205253982236,3.47450588865302,22.1103067739156,113.276712237858,0.0593914408186612,-0.367774879527653,-0.0303213902590324,-0.184619087903908,3.96440607299493
10,10,552.161662802434,87.3120952416887,113.89879687661,6.58205253982236,3.47450588865302,22.1103067739156,113.276712237858,0.0593914408186612,-0.367774879527653,-0.0303213902590324,-0.184619087903908,3.94893187753931
10,10.1,548.892014198617,86.9691957188229,114.917239475968,6.58205253982236,3.47450588865302,22.1103067739156,113.276712237858,0.0593914408186612,-0.367774879527653,-0.0303213902590324,-0.184619087903908,3.93342329476061
10,10.2,545.641726957083,86.6256569107764,115.927177637054,6.58205253982236,3.47450588865302,22.1103067739156,113.276712237858,0.0593914408186612,-0.367774879527653,-0.0303213902590324,-0.184619087903908,3.91788579853502
10,10.3,542.410686428708,86.2815938455696,116.928628285273,6.58205253982236,3.47450588865302,22.1103067739156,113.276712237858,0.0593914408186612,-0.367774879527653,-0.0303213902590324,-0.184619087903908,3.90232459132406
10,10.4,539.198778643267,85.9371158262145,117.921610053731,6.58205253982236,3.47450588865302,22.1103067739156,113.276712237858,0.0593914408186612,-0.367774879527653,-0.0303213902590324,-0.184619087903908,3.88674461665986
10,10.5,536.005890305415,85.5923266941845,118.90614319027,6.58205253982236,3.47450588865302,22.1103067739156,113.276712237858,0.0593914408186612,-0.367774879527653,-0.0303213902590324,-0.184619087903908,3.87115057106133
10,10.6,532.83190879069,85.2473250808741,119.88224946881,6.58205253982236,3.47450588865302,22.1103067739156,113.276712237858,0.0593914408186612,-0.367774879527653,-0.0303213902590324,-0.184619087903908,3.85554691540706
10,10.7,529.67672214154,84.9022046475943,120.849952104833,6.58205253982236,3.47450588865302,22.1103067739156,113.276712237858,0.0593914408186612,-0.367774879527653,-0.0303213902590324,-0.184619087903908,3.83993788578984
10,10.8,526.540219063375,84.5570543146264,121.809275674789,6.58205253982236,3.47450588865302,22.1103067739156,113.276712237858,0.0593914408186612,-0.367774879527653,-0.0303213902590324,-0.184619087903908,3.82432750387623
10,10.9,523.422288920641,84.211958479832,122.760246039279,6.58205253982236,3.47450588865302,22.1103067739156,113.276712237858,0.0593914408186612,-0.367774879527653,-0.0303213902590324,-0.184619087903908,3.8087195867938
10,11,520.322821732915,83.8669972272956,123.702890269807,6.58205253982236,3.47450588865302,22.1103067739156,113.276712237858,0.0593914408186612,-0.367774879527653,-0.0303213902590324,-0.184619087903908,3.79311775656758
10,11.1,517.241708171031,83.5222465264519,124.637236578964,6.58205253982236,3.47450588865302,22.1103067739156,113.276712237858,0.0593914408186612,-0.367774879527653,-0.0303213902590324,-0.184619087903908,3.77752544912613
10,11.2,514.178839553217,83.1777784221333,125.563314253877,6.58205253982236,3.47450588865302,22.1103067739156,113.276712237858,0.0593914408186612,-0.367774879527653,-0.0303213902590324,-0.184619087903908,3.76194592289698
10,11.3,511.134107841268,82.8336612159489,126.481153592773,6.58205253982236,3.47450588865302,22.1103067739156,113.276712237858,0.0593914408186612,-0.367774879527653,-0.0303213902590324,-0.184619087903908,3.74638226701002
10,11.4,508.107405636728,82.4899596393912,127.390785844524,6.58205253982236,3.47450588865302,22.1103067739156,113.276712237858,0.0593914408186612,-0.367774879527653,-0.0303213902590324,-0.184619087903908,3.73083740912668
10,11.5,505.098626177108,82.1467350190467,128.292243151018,6.58205253982236,3.47450588865302,22.1103067739156,113.276712237858,0.0593914408186612,-0.367774879527653,-0.0303213902590324,-0.184619087903908,3.71531412291206
10,11.6,502.107663332118,81.804045434269,129.185558492255,6.58205253982236,3.47450588865302,22.1103067739156,113.276712237858,0.0593914408186612,-0.367774879527653,-0.0303213902590324,-0.184619087903908,3.69981503516616
10,11.7,499.134411599922,81.46194586766,130.070765634015,6.58205253982236,3.47450588865302,22.1103067739156,113.276712237858,0.0593914408186612,-0.367774879527653,-0.0303213902590324,-0.184619087903908,3.68434263262977
10,11.8,496.178766103417,81.1204883486837,130.947899078002,6.58205253982236,3.47450588865302,22.1103067739156,113.276712237858,0.0593914408186612,-0.367774879527653,-0.0303213902590324,-0.184619087903908,3.66889926847984
10,11.9,493.240622586535,80.7797220907275,131.816994014337,6.58205253982236,3.47450588865302,22.1103067739156,113.276712237858,0.0593914408186612,-0.367774879527653,-0.0303213902590324,-0.184619087903908,3.65348716852842
10,12,490.319877410565,80.4396936219089,132.678086276297,6.58205253982236,3.47450588865302,22.1103067739156,113.276712237858,0.0593914408186612,-0.367774879527653,-0.0303213902590324,-0.184619087903908,3.63810843713877
10,12.1,487.416427550496,80.1004469099115,133.531212297206,6.58205253982236,3.47450588865302,22.1103067739156,113.276712237858,0.0593914408186612,-0.367774879527653,-0.0303213902590324,-0.184619087903908,3.62276506287146
10,12.2,484.530170591384,79.7620234811234,134.37640906936,6.58205253982236,3.47450588865302,22.1103067739156,113.276712237858,0.0593914408186612,-0.367774879527653,-0.0303213902590324,-0.184619087903908,3.60745892387264
10,12.3,481.661004724742,79.4244625343369,135.21371410491,6.58205253982236,3.47450588865302,22.1103067739156,113.276712237858,0.0593914408186612,-0.367774879527653,-0.0303213902590324,-0.184619087903908,3.59219179301651
10,12.4,478.808828744942,79.0878010492567,136.043165398612,6.58205253982236,3.47450588865302,22.1103067739156,113.276712237858,0.0593914408186612,-0.367774879527653,-0.0303213902590324,-0.184619087903908,3.57696534281287
10,12.5,475.973542045653,78.7520738900543,136.864801392346,6.58205253982236,3.47450588865302,22.1103067739156,113.276712237858,0.0593914408186612,-0.367774879527653,-0.0303213902590324,-0.184619087903908,3.56178115009066
10,12.6,473.155044616286,78.4173139041926,137.678660941335,6.58205253982236,3.47450588865302,22.1103067739156,113.276712237858,0.0593914408186612,-0.367774879527653,-0.0303213902590324,-0.184619087903908,3.54664070046756
10,12.7,470.353237038471,78.083552016738,138.484783281984,6.58205253982236,3.47450588865302,22.1103067739156,113.276712237858,0.0593914408186612,-0.367774879527653,-0.0303213902590324,-0.184619087903908,3.53154539261555
10,12.8,467.568020482548,77.7508173203628,139.283208001262,6.58205253982236,3.47450588865302,22.1103067739156,113.276712237858,0.0593914408186612,-0.367774879527653,-0.0303213902590324,-0.184619087903908,3.51649654233149
10,12.9,464.799296704078,77.4191371612376,140.073975007552,6.58205253982236,3.47450588865302,22.1103067739156,113.276712237858,0.0593914408186612,-0.367774879527653,-0.0303213902590324,-0.184619087903908,3.50149538642187
10,13,462.046968040385,77.088537220998,140.85712450292,6.58205253982236,3.47450588865302,22.1103067739156,113.276712237858,0.0593914408186612,-0.367774879527653,-0.0303213902590324,-0.184619087903908,3.48654308640993
10,13.1,459.310937407103,76.7590415949655,141.63269695671,6.58205253982236,3.47450588865302,22.1103067739156,113.276712237858,0.0593914408186612,-0.367774879527653,-0.0303213902590324,-0.184619087903908,3.47164073207348
10,13.2,456.591108294758,76.4306728667936,142.400733080429,6.58205253982236,3.47450588865302,22.1103067739156,113.276712237858,0.0593914408186612,-0.367774879527653,-0.0303213902590324,-0.184619087903908,3.45678934482094
10,13.3,453.887384765359,76.1034521797014,143.16127380385,6.58205253982236,3.47450588865302,22.1103067739156,113.276712237858,0.0593914408186612,-0.367774879527653,-0.0303213902590324,-0.184619087903908,3.44198988091308
10,13.4,451.199671449016,75.77739930445,143.914360252282,6.58205253982236,3.47450588865302,22.1103067739156,113.276712237858,0.0593914408186612,-0.367774879527653,-0.0303213902590324,-0.184619087903908,3.42724323453746
10,13.5,448.527873540576,75.4525327042105,144.660033724946,6.58205253982236,3.47450588865302,22.1103067739156,113.276712237858,0.0593914408186612,-0.367774879527653,-0.0303213902590324,-0.184619087903908,3.41255024074224
10,13.6,445.87189679628,75.1288695964647,145.39833567442,6.58205253982236,3.47450588865302,22.1103067739156,113.276712237858,0.0593914408186612,-0.367774879527653,-0.0303213902590324,-0.184619087903908,3.39791167823584
10,13.7,443.231647530436,74.8064260120745,146.129307687088,6.58205253982236,3.47450588865302,22.1103067739156,113.276712237858,0.0593914408186612,-0.367774879527653,-0.0303213902590324,-0.184619087903908,3.38332827205847
10,13.8,440.607032612117,74.4852168516479,146.852991464559,6.58205253982236,3.47450588865302,22.1103067739156,113.276712237858,0.0593914408186612,-0.367774879527653,-0.0303213902590324,-0.184619087903908,3.3688006961315
10,13.9,437.997959461872,74.1652559393253,147.569428806005,6.58205253982236,3.47450588865302,22.1103067739156,113.276712237858,0.0593914408186612,-0.367774879527653,-0.0303213902590324,-0.184619087903908,3.35432957569006
10,14,435.404336048467,73.8465560741038,148.278661591378,6.58205253982236,3.47450588865302,22.1103067739156,113.276712237858,0.0593914408186612,-0.367774879527653,-0.0303213902590324,-0.184619087903908,3.33991548960431
10,14.1,432.826070885632,73.5291290788113,148.980731765468,6.58205253982236,3.47450588865302,22.1103067739156,113.276712237858,0.0593914408186612,-0.367774879527653,-0.0303213902590324,-0.184619087903908,3.32555897259447
10,14.2,430.263073028837,73.2129858468373,149.675681322752,6.58205253982236,3.47450588865302,22.1103067739156,113.276712237858,0.0593914408186612,-0.367774879527653,-0.0303213902590324,-0.184619087903908,3.31126051734432
10,14.3,427.715252072085,72.8981363867239,150.363552293016,6.58205253982236,3.47450588865302,22.1103067739156,113.276712237858,0.0593914408186612,-0.367774879527653,-0.0303213902590324,-0.184619087903908,3.29702057651795
10,14.4,425.182518144723,72.584589864712,151.044386727699,6.58205253982236,3.47450588865302,22.1103067739156,113.276712237858,0.0593914408186612,-0.367774879527653,-0.0303213902590324,-0.184619087903908,3.28283956468406
10,14.5,422.664781908267,72.2723546453386,151.71822668693,6.58205253982236,3.47450588865302,22.1103067739156,113.276712237858,0.0593914408186612,-0.367774879527653,-0.0303213902590324,-0.184619087903908,3.26871786015204
10,14.6,420.161954553258,71.9614383301721,152.385114227231,6.58205253982236,3.47450588865302,22.1103067739156,113.276712237858,0.0593914408186612,-0.367774879527653,-0.0303213902590324,-0.184619087903908,3.25465580672394
10,14.7,417.673947796125,71.6518477947712,153.045091389849,6.58205253982236,3.47450588865302,22.1103067739156,113.276712237858,0.0593914408186612,-0.367774879527653,-0.0303213902590324,-0.184619087903908,3.24065371536598
10,14.8,415.200673876072,71.3435892239487,153.698200189686,6.58205253982236,3.47450588865302,22.1103067739156,113.276712237858,0.0593914408186612,-0.367774879527653,-0.0303213902590324,-0.184619087903908,3.22671186580349
10,14.9,412.742045551982,71.0366681454158,154.344482604816,6.58205253982236,3.47450588865302,22.1103067739156,113.276712237858,0.0593914408186612,-0.367774879527653,-0.0303213902590324,-0.184619087903908,3.21283050804255
10,15,410.29797609934,70.7310894618833,154.983980566535,6.58205253982236,3.47450588865302,22.1103067739156,113.276712237858,0.0593914408186612,-0.367774879527653,-0.0303213902590324,-0.184619087903908,3.19900986382186
10,15.1,407.868379307173,70.4268574816877,155.61673594994,6.58205253982236,3.47450588865302,22.1103067739156,113.276712237858,0.0593914408186612,-0.367774879527653,-0.0303213902590324,-0.184619087903908,3.18525012799791
10,15.2,405.453169475012,70.1239759480105,156.242790565013,6.58205253982236,3.47450588865302,22.1103067739156,113.276712237858,0.0593914408186612,-0.367774879527653,-0.0303213902590324,-0.184619087903908,3.17155146986647
10,15.3,403.052261409865,69.8224480667546,156.862186148165,6.58205253982236,3.47450588865302,22.1103067739156,113.276712237858,0.0593914408186612,-0.367774879527653,-0.0303213902590324,-0.184619087903908,3.15791403442339
10,15.4,400.665570423216,69.5222765331395,157.474964354247,6.58205253982236,3.47450588865302,22.1103067739156,113.276712237858,0.0593914408186612,-0.367774879527653,-0.0303213902590324,-0.184619087903908,3.14433794356746
10,15.5,398.293012328032,69.2234635570723,158.081166748986,6.58205253982236,3.47450588865302,22.1103067739156,113.276712237858,0.0593914408186612,-0.367774879527653,-0.0303213902590324,-0.184619087903908,3.13082329724787
10,15.6,395.934503435801,68.9260108873524,158.680834801834,6.58205253982236,3.47450588865302,22.1103067739156,113.276712237858,0.0593914408186612,-0.367774879527653,-0.0303213902590324,-0.184619087903908,3.11737017455892
10,15.7,393.589960553575,68.629919834761,159.274009879213,6.58205253982236,3.47450588865302,22.1103067739156,113.276712237858,0.0593914408186612,-0.367774879527653,-0.0303213902590324,-0.184619087903908,3.10397863478432
10,15.8,391.259300981034,68.3351912940874,159.86073323813,6.58205253982236,3.47450588865302,22.1103067739156,113.276712237858,0.0593914408186612,-0.367774879527653,-0.0303213902590324,-0.184619087903908,3.09064871839341
10,15.9,388.942442507575,68.0418257651406,160.441046020151,6.58205253982236,3.47450588865302,22.1103067739156,113.276712237858,0.0593914408186612,-0.367774879527653,-0.0303213902590324,-0.184619087903908,3.07738044799144
10,16,386.639303409406,67.749823372792,161.014989245718,6.58205253982236,3.47450588865302,22.1103067739156,113.276712237858,0.0593914408186612,-0.367774879527653,-0.0303213902590324,-0.184619087903908,3.06417382922607
10,16.1,384.349802446668,67.4591838860935,161.582603808786,6.58205253982236,3.47450588865302,22.1103067739156,113.276712237858,0.0593914408186612,-0.367774879527653,-0.0303213902590324,-0.184619087903908,3.05102885165202
10,16.2,382.073858860565,67.1699067365132,162.143930471771,6.58205253982236,3.47450588865302,22.1103067739156,113.276712237858,0.0593914408186612,-0.367774879527653,-0.0303213902590324,-0.184619087903908,3.03794548955586
10,16.3,379.811392370519,66.8819910353292,162.699009860799,6.58205253982236,3.47450588865302,22.1103067739156,113.276712237858,0.0593914408186612,-0.367774879527653,-0.0303213902590324,-0.184619087903908,3.02492370274267
10,16.4,377.562323171337,66.5954355902193,163.247882461223,6.58205253982236,3.47450588865302,22.1103067739156,113.276712237858,0.0593914408186612,-0.367774879527653,-0.0303213902590324,-0.184619087903908,3.01196343728639
10,16.5,375.326571930395,66.3102389210842,163.790588613423,6.58205253982236,3.47450588865302,22.1103067739156,113.276712237858,0.0593914408186612,-0.367774879527653,-0.0303213902590324,-0.184619087903908,2.9990646262454
10,16.6,373.104059784841,66.0263992751381,164.327168508848,6.58205253982236,3.47450588865302,22.1103067739156,113.276712237858,0.0593914408186612,-0.367774879527653,-0.0303213902590324,-0.184619087903908,2.9862271903451
10,16.7,370.894708338813,65.7439146413007,164.857662186311,6.58205253982236,3.47450588865302,22.1103067739156,113.276712237858,0.0593914408186612,-0.367774879527653,-0.0303213902590324,-0.184619087903908,2.9734510386288
10,16.8,368.698439660672,65.4627827639224,165.382109528513,6.58205253982236,3.47450588865302,22.1103067739156,113.276712237858,0.0593914408186612,-0.367774879527653,-0.0303213902590324,-0.184619087903908,2.96073606907849
10,16.9,366.515176280256,65.1830011558737,165.900550258783,6.58205253982236,3.47450588865302,22.1103067739156,113.276712237858,0.0593914408186612,-0.367774879527653,-0.0303213902590324,-0.184619087903908,2.94808216920684
10,17,364.344841186146,64.9045671110261,166.413023938039,6.58205253982236,3.47450588865302,22.1103067739156,113.276712237858,0.0593914408186612,-0.367774879527653,-0.0303213902590324,-0.184619087903908,2.93548921662166
10,17.1,362.187357822947,64.6274777161545,166.919569961936,6.58205253982236,3.47450588865302,22.1103067739156,113.276712237858,0.0593914408186612,-0.367774879527653,-0.0303213902590324,-0.184619087903908,2.92295707956427
10,17.2,360.042650088594,64.3517298622856,167.42022755822,6.58205253982236,3.47450588865302,22.1103067739156,113.276712237858,0.0593914408186612,-0.367774879527653,-0.0303213902590324,-0.184619087903908,2.91048561742272
10,17.3,357.910642331659,64.0773202555188,167.915035784251,6.58205253982236,3.47450588865302,22.1103067739156,113.276712237858,0.0593914408186612,-0.367774879527653,-0.0303213902590324,-0.184619087903908,2.89807468122122
10,17.4,355.79125934869,63.8042454273433,168.404033524707,6.58205253982236,3.47450588865302,22.1103067739156,113.276712237858,0.0593914408186612,-0.367774879527653,-0.0303213902590324,-0.184619087903908,2.88572411408673
10,17.5,353.684426381556,63.5325017444743,168.887259489451,6.58205253982236,3.47450588865302,22.1103067739156,113.276712237858,0.0593914408186612,-0.367774879527653,-0.0303213902590324,-0.184619087903908,2.87343375169385
10,17.6,351.590069114808,63.2620854182298,169.364752211555,6.58205253982236,3.47450588865302,22.1103067739156,113.276712237858,0.0593914408186612,-0.367774879527653,-0.0303213902590324,-0.184619087903908,2.86120342268894
10,17.7,349.508113673058,62.9929925134706,169.836550045474,6.58205253982236,3.47450588865302,22.1103067739156,113.276712237858,0.0593914408186612,-0.367774879527653,-0.0303213902590324,-0.184619087903908,2.8490329490944
10,17.8,347.438486618376,62.7252189571212,170.302691165362,6.58205253982236,3.47450588865302,22.1103067739156,113.276712237858,0.0593914408186612,-0.367774879527653,-0.0303213902590324,-0.184619087903908,2.83692214669408
10,17.9,345.381114947698,62.4587605462927,170.763213563526,6.58205253982236,3.47450588865302,22.1103067739156,113.276712237858,0.0593914408186612,-0.367774879527653,-0.0303213902590324,-0.184619087903908,2.82487082540066
10,18,343.33592609025,62.1936129560246,171.218155049005,6.58205253982236,3.47450588865302,22.1103067739156,113.276712237858,0.0593914408186612,-0.367774879527653,-0.0303213902590324,-0.184619087903908,2.8128787896058
10,18.1,341.302847904989,61.9297717466639,171.667553246274,6.58205253982236,3.47450588865302,22.1103067739156,113.276712237858,0.0593914408186612,-0.367774879527653,-0.0303213902590324,-0.184619087903908,2.80094583851387
10,18.2,339.281808678058,61.6672323708969,172.111445594069,6.58205253982236,3.47450588865302,22.1103067739156,113.276712237858,0.0593914408186612,-0.367774879527653,-0.0303213902590324,-0.184619087903908,2.78907176645998
10,18.3,337.272737120256,61.4059901804507,172.549869344315,6.58205253982236,3.47450588865302,22.1103067739156,113.276712237858,0.0593914408186612,-0.367774879527653,-0.0303213902590324,-0.184619087903908,2.7772563632131
10,18.4,335.275562364526,61.1460404324791,172.982861561168,6.58205253982236,3.47450588865302,22.1103067739156,113.276712237858,0.0593914408186612,-0.367774879527653,-0.0303213902590324,-0.184619087903908,2.76549941426482
10,18.5,333.290213963453,60.8873782956467,173.410459120154,6.58205253982236,3.47450588865302,22.1103067739156,113.276712237858,0.0593914408186612,-0.367774879527653,-0.0303213902590324,-0.184619087903908,2.75380070110461
10,18.6,331.316621886776,60.6299988559264,173.8326987074,6.58205253982236,3.47450588865302,22.1103067739156,113.276712237858,0.0593914408186612,-0.367774879527653,-0.0303213902590324,-0.184619087903908,2.74216000148194
10,18.7,329.354716518925,60.3738971221219,174.249616818968,6.58205253982236,3.47450588865302,22.1103067739156,113.276712237858,0.0593914408186612,-0.367774879527653,-0.0303213902590324,-0.184619087903908,2.7305770896561
10,18.8,327.40442865656,60.1190680311286,174.661249760259,6.58205253982236,3.47450588865302,22.1103067739156,113.276712237858,0.0593914408186612,-0.367774879527653,-0.0303213902590324,-0.184619087903908,2.71905173663413
10,18.9,325.465689506132,59.865506452945,175.067633645515,6.58205253982236,3.47450588865302,22.1103067739156,113.276712237858,0.0593914408186612,-0.367774879527653,-0.0303213902590324,-0.184619087903908,2.70758371039748
10,19,323.538430681456,59.6132071954454,175.468804397391,6.58205253982236,3.47450588865302,22.1103067739156,113.276712237858,0.0593914408186612,-0.367774879527653,-0.0303213902590324,-0.184619087903908,2.69617277611785
10,19.1,321.622584201297,59.3621650089256,175.864797746601,6.58205253982236,3.47450588865302,22.1103067739156,113.276712237858,0.0593914408186612,-0.367774879527653,-0.0303213902590324,-0.184619087903908,2.6848186963628
10,19.2,319.718082486975,59.1123745904309,176.255649231638,6.58205253982236,3.47450588865302,22.1103067739156,113.276712237858,0.0593914408186612,-0.367774879527653,-0.0303213902590324,-0.184619087903908,2.67352123129147
10,19.3,317.824858359982,58.8638305878778,176.64139419856,6.58205253982236,3.47450588865302,22.1103067739156,113.276712237858,0.0593914408186612,-0.367774879527653,-0.0303213902590324,-0.184619087903908,2.66228013884103
10,19.4,315.942845039606,58.6165276039774,177.022067800838,6.58205253982236,3.47450588865302,22.1103067739156,113.276712237858,0.0593914408186612,-0.367774879527653,-0.0303213902590324,-0.184619087903908,2.65109517490412
10,19.5,314.071976140583,58.370460199971,177.39770499927,6.58205253982236,3.47450588865302,22.1103067739156,113.276712237858,0.0593914408186612,-0.367774879527653,-0.0303213902590324,-0.184619087903908,2.63996609349776
10,19.6,312.212185670752,58.1256228991847,177.768340561943,6.58205253982236,3.47450588865302,22.1103067739156,113.276712237858,0.0593914408186612,-0.367774879527653,-0.0303213902590324,-0.184619087903908,2.62889264692419
10,19.7,310.363408028726,57.8820101904139,178.13400906426,6.58205253982236,3.47450588865302,22.1103067739156,113.276712237858,0.0593914408186612,-0.367774879527653,-0.0303213902590324,-0.184619087903908,2.61787458592387
10,19.8,308.52557800158,57.6396165311424,178.494744889011,6.58205253982236,3.47450588865302,22.1103067739156,113.276712237858,0.0593914408186612,-0.367774879527653,-0.0303213902590324,-0.184619087903908,2.60691165982112
10,19.9,306.698630762551,57.3984363506063,178.850582226497,6.58205253982236,3.47450588865302,22.1103067739156,113.276712237858,0.0593914408186612,-0.367774879527653,-0.0303213902590324,-0.184619087903908,2.59600361666268
10,20,304.882501868748,57.1584640527083,179.201555074697,6.58205253982236,3.47450588865302,22.1103067739156,113.276712237858,0.0593914408186612,-0.367774879527653,-0.0303213902590324,-0.184619087903908,2.58515020334953
10,20.1,303.077127258885,56.9196940187904,179.547697239486,6.58205253982236,3.47450588865302,22.1103067739156,113.276712237858,0.0593914408186612,-0.367774879527653,-0.0303213902590324,-0.184619087903908,2.57435116576224
10,20.2,301.282443251014,56.6821206102698,179.889042334887,6.58205253982236,3.47450588865302,22.1103067739156,113.276712237858,0.0593914408186612,-0.367774879527653,-0.0303213902590324,-0.184619087903908,2.56360624888027
10,20.3,299.498386540285,56.4457381711462,180.225623783364,6.58205253982236,3.47450588865302,22.1103067739156,113.276712237858,0.0593914408186612,-0.367774879527653,-0.0303213902590324,-0.184619087903908,2.5529151968953
10,20.4,297.724894196708,56.2105410303852,180.55747481616,6.58205253982236,3.47450588865302,22.1103067739156,113.276712237858,0.0593914408186612,-0.367774879527653,-0.0303213902590324,-0.184619087903908,2.54227775331906
10,20.5,295.961903662937,55.9765235041841,180.884628473659,6.58205253982236,3.47450588865302,22.1103067739156,113.276712237858,0.0593914408186612,-0.367774879527653,-0.0303213902590324,-0.184619087903908,2.53169366108578
10,20.6,294.209352752062,55.743679898125,181.207117605791,6.58205253982236,3.47450588865302,22.1103067739156,113.276712237858,0.0593914408186612,-0.367774879527653,-0.0303213902590324,-0.184619087903908,2.52116266264962
10,20.7,292.467179645415,55.5120045092204,181.524974872461,6.58205253982236,3.47450588865302,22.1103067739156,113.276712237858,0.0593914408186612,-0.367774879527653,-0.0303213902590324,-0.184619087903908,2.51068450007714
10,20.8,290.735322890391,55.2814916278573,181.838232744019,6.58205253982236,3.47450588865302,22.1103067739156,113.276712237858,0.0593914408186612,-0.367774879527653,-0.0303213902590324,-0.184619087903908,2.50025891513523
10,20.9,289.013721398277,55.052135539643,182.146923501741,6.58205253982236,3.47450588865302,22.1103067739156,113.276712237858,0.0593914408186612,-0.367774879527653,-0.0303213902590324,-0.184619087903908,2.48988564937462
10,21,287.302314442101,54.8239305271577,182.451079238355,6.58205253982236,3.47450588865302,22.1103067739156,113.276712237858,0.0593914408186612,-0.367774879527653,-0.0303213902590324,-0.184619087903908,2.47956444420915
10,21.1,285.601041654487,54.5968708716192,182.750731858584,6.58205253982236,3.47450588865302,22.1103067739156,113.276712237858,0.0593914408186612,-0.367774879527653,-0.0303213902590324,-0.184619087903908,2.46929504099099
10,21.2,283.90984302553,54.3709508544613,183.045913079706,6.58205253982236,3.47450588865302,22.1103067739156,113.276712237858,0.0593914408186612,-0.367774879527653,-0.0303213902590324,-0.184619087903908,2.45907718108212
10,21.3,282.228658900672,54.1461647588332,183.33665443215,6.58205253982236,3.47450588865302,22.1103067739156,113.276712237858,0.0593914408186612,-0.367774879527653,-0.0303213902590324,-0.184619087903908,2.4489106059221
10,21.4,280.557429978606,53.9225068710202,183.622987260105,6.58205253982236,3.47450588865302,22.1103067739156,113.276712237858,0.0593914408186612,-0.367774879527653,-0.0303213902590324,-0.184619087903908,2.43879505709232
10,21.5,278.896097309177,53.6999714817922,183.904942722147,6.58205253982236,3.47450588865302,22.1103067739156,113.276712237858,0.0593914408186612,-0.367774879527653,-0.0303213902590324,-0.184619087903908,2.428730276377
10,21.6,277.244602291307,53.4785528876811,184.182551791894,6.58205253982236,3.47450588865302,22.1103067739156,113.276712237858,0.0593914408186612,-0.367774879527653,-0.0303213902590324,-0.184619087903908,2.41871600582095
10,21.7,275.602886670927,53.2582453921916,184.455845258665,6.58205253982236,3.47450588865302,22.1103067739156,113.276712237858,0.0593914408186612,-0.367774879527653,-0.0303213902590324,-0.184619087903908,2.40875198778438
10,21.8,273.970892538922,53.0390433069488,184.724853728169,6.58205253982236,3.47450588865302,22.1103067739156,113.276712237858,0.0593914408186612,-0.367774879527653,-0.0303213902590324,-0.184619087903908,2.39883796499473
10,21.9,272.348562329089,52.8209409527839,184.989607623201,6.58205253982236,3.47450588865302,22.1103067739156,113.276712237858,0.0593914408186612,-0.367774879527653,-0.0303213902590324,-0.184619087903908,2.38897368059583
10,22,270.735838816103,52.603932660763,185.250137184354,6.58205253982236,3.47450588865302,22.1103067739156,113.276712237858,0.0593914408186612,-0.367774879527653,-0.0303213902590324,-0.184619087903908,2.3791588781944
10,22.1,269.132665113503,52.3880127731594,185.506472470748,6.58205253982236,3.47450588865302,22.1103067739156,113.276712237858,0.0593914408186612,-0.367774879527653,-0.0303213902590324,-0.184619087903908,2.36939330190405
10,22.2,267.538984671685,52.1731756443746,185.758643360764,6.58205253982236,3.47450588865302,22.1103067739156,113.276712237858,0.0593914408186612,-0.367774879527653,-0.0303213902590324,-0.184619087903908,2.35967669638693
10,22.3,265.954741275904,51.9594156418076,186.0066795528,6.58205253982236,3.47450588865302,22.1103067739156,113.276712237858,0.0593914408186612,-0.367774879527653,-0.0303213902590324,-0.184619087903908,2.350008806893
10,22.4,264.379879044293,51.7467271466769,186.250610566031,6.58205253982236,3.47450588865302,22.1103067739156,113.276712237858,0.0593914408186612,-0.367774879527653,-0.0303213902590324,-0.184619087903908,2.34038937929729
10,22.5,262.814342425892,51.5351045547971,186.490465741178,6.58205253982236,3.47450588865302,22.1103067739156,113.276712237858,0.0593914408186612,-0.367774879527653,-0.0303213902590324,-0.184619087903908,2.33081816013494
10,22.6,261.258076198688,51.3245422773111,186.726274241294,6.58205253982236,3.47450588865302,22.1103067739156,113.276712237858,0.0593914408186612,-0.367774879527653,-0.0303213902590324,-0.184619087903908,2.32129489663439
10,22.7,259.711025467669,51.1150347413814,186.958065052551,6.58205253982236,3.47450588865302,22.1103067739156,113.276712237858,0.0593914408186612,-0.367774879527653,-0.0303213902590324,-0.184619087903908,2.31181933674859
10,22.8,258.173135662886,50.9065763908415,187.185866985038,6.58205253982236,3.47450588865302,22.1103067739156,113.276712237858,0.0593914408186612,-0.367774879527653,-0.0303213902590324,-0.184619087903908,2.30239122918448
10,22.9,256.644352537525,50.6991616868094,187.409708673569,6.58205253982236,3.47450588865302,22.1103067739156,113.276712237858,0.0593914408186612,-0.367774879527653,-0.0303213902590324,-0.184619087903908,2.29301032343075
10,23,255.124622166002,50.4927851082655,187.629618578495,6.58205253982236,3.47450588865302,22.1103067739156,113.276712237858,0.0593914408186612,-0.367774879527653,-0.0303213902590324,-0.184619087903908,2.28367636978397
10,23.1,253.613890942051,50.2874411525958,187.845624986519,6.58205253982236,3.47450588865302,22.1103067739156,113.276712237858,0.0593914408186612,-0.367774879527653,-0.0303213902590324,-0.184619087903908,2.27438911937314
10,23.2,252.11210557684,50.0831243361027,188.057756011526,6.58205253982236,3.47450588865302,22.1103067739156,113.276712237858,0.0593914408186612,-0.367774879527653,-0.0303213902590324,-0.184619087903908,2.26514832418281
10,23.3,250.619213097088,49.8798291944841,188.266039595413,6.58205253982236,3.47450588865302,22.1103067739156,113.276712237858,0.0593914408186612,-0.367774879527653,-0.0303213902590324,-0.184619087903908,2.25595373707475
10,23.4,249.1351608432,49.6775502832837,188.470503508916,6.58205253982236,3.47450588865302,22.1103067739156,113.276712237858,0.0593914408186612,-0.367774879527653,-0.0303213902590324,-0.184619087903908,2.24680511180832
10,23.5,247.659896467404,49.476282178312,188.671175352459,6.58205253982236,3.47450588865302,22.1103067739156,113.276712237858,0.0593914408186612,-0.367774879527653,-0.0303213902590324,-0.184619087903908,2.23770220305949
10,23.6,246.193367931909,49.276019476041,188.868082556989,6.58205253982236,3.47450588865302,22.1103067739156,113.276712237858,0.0593914408186612,-0.367774879527653,-0.0303213902590324,-0.184619087903908,2.2286447664387
10,23.7,244.735523507068,49.0767567939731,189.061252384828,6.58205253982236,3.47450588865302,22.1103067739156,113.276712237858,0.0593914408186612,-0.367774879527653,-0.0303213902590324,-0.184619087903908,2.21963255850755
10,23.8,243.286311769552,48.8784887709851,189.250711930515,6.58205253982236,3.47450588865302,22.1103067739156,113.276712237858,0.0593914408186612,-0.367774879527653,-0.0303213902590324,-0.184619087903908,2.21066533679438
10,23.9,241.84568160054,48.6812100676493,189.436488121666,6.58205253982236,3.47450588865302,22.1103067739156,113.276712237858,0.0593914408186612,-0.367774879527653,-0.0303213902590324,-0.184619087903908,2.20174285980873
10,24,1240.41358218391,48.4849153665327,189.618607719822,6.58205253982236,3.47450588865302,22.1103067739156,113.276712237858,0.0593914408186612,-0.367774879527653,-0.0303213902590324,-0.184619087903908,2.19286488705495
